Age,Attrition,DailyRate,DistanceFromHome,Education,EnvironmentSatisfaction,Gender,HourlyRate,JobInvolvement,JobLevel,JobSatisfaction,MonthlyIncome,MonthlyRate,NumCompaniesWorked,OverTime,PercentSalaryHike,PerformanceRating,RelationshipSatisfaction,StockOptionLevel,TotalWorkingYears,TrainingTimesLastYear,WorkLifeBalance,YearsAtCompany,YearsInCurrentRole,YearsSinceLastPromotion,YearsWithCurrManager,BusinessTravel_Travel_Frequently,BusinessTravel_Travel_Rarely,Department_Research & Development,Department_Sales,EducationField_Life Sciences,EducationField_Marketing,EducationField_Medical,EducationField_Other,EducationField_Technical Degree,JobRole_Human Resources,JobRole_Laboratory Technician,JobRole_Manager,JobRole_Manufacturing Director,JobRole_Research Director,JobRole_Research Scientist,JobRole_Sales Executive,JobRole_Sales Representative,MaritalStatus_Married,MaritalStatus_Single
2.2619047619047614,1.0,3.7186828919112385,1.7857142857142858,1.25,0.0,0.0,2.214285714285714,0.0,1.25,1.6666666666666667,0.9921011058451816,2.4669745031118246,2.7777777777777777,0.0,1.4285714285714288,0.0,0.0,0.0,1.875,1.6666666666666667,0.0,0.125,0.0,0.0,0.0,0.0,5.0,5.0,0.0,0.0,0.0,5.0,0.0,0.0,0.0,0.0,0.0,0.0,0.0,0.0,0.0,0.0,5.0,0.0
3.9285714285714284,1.0,4.3700787401574805,0.5357142857142857,3.75,0.0,5.0,0.2857142857142856,3.333333333333333,0.0,3.333333333333333,0.3823064770932069,1.653884762095965,5.0,5.0,0.35714285714285676,0.0,3.333333333333333,5.0,2.25,1.6666666666666667,5.0,1.25,0.0,0.6666666666666666,2.058823529411765,0.0,5.0,5.0,0.0,5.0,0.0,0.0,0.0,0.0,0.0,0.0,0.0,0.0,0.0,5.0,0.0,0.0,5.0,0.0
2.857142857142857,0.0,1.6213314244810308,4.464285714285714,2.5,3.333333333333333,0.0,3.357142857142857,3.333333333333333,3.75,1.6666666666666667,3.295418641390205,2.563742220437663,2.7777777777777777,0.0,1.0714285714285712,0.0,5.0,1.6666666666666667,2.875,1.6666666666666667,5.0,2.5,1.1111111111111112,1.3333333333333333,2.3529411764705883,5.0,0.0,0.0,5.0,0.0,5.0,0.0,0.0,0.0,0.0,0.0,0.0,0.0,0.0,0.0,5.0,0.0,5.0,0.0
2.619047619047619,0.0,3.6578382247673584,0.0,1.25,1.6666666666666667,5.0,1.9285714285714284,0.0,1.25,5.0,1.6977356503422851,2.2443284481027903,1.1111111111111112,5.0,3.928571428571429,5.0,3.333333333333333,5.0,0.75,1.6666666666666667,1.6666666666666667,0.5,0.8333333333333334,0.0,0.5882352941176471,0.0,5.0,0.0,5.0,0.0,0.0,5.0,0.0,0.0,0.0,0.0,0.0,0.0,0.0,0.0,5.0,0.0,5.0,0.0
4.404761904761905,1.0,2.229778095919828,0.17857142857142858,2.5,5.0,5.0,3.4285714285714284,3.333333333333333,5.0,0.0,4.9631384939441805,3.8355751857056815,2.7777777777777777,5.0,0.7142857142857144,0.0,5.0,1.6666666666666667,3.0,1.6666666666666667,3.333333333333333,0.625,0.5555555555555556,0.3333333333333333,1.1764705882352942,0.0,5.0,5.0,0.0,0.0,0.0,5.0,0.0,0.0,0.0,0.0,5.0,0.0,0.0,0.0,0.0,0.0,5.0,0.0
2.142857142857143,0.0,1.9076592698639945,3.035714285714286,0.0,1.6666666666666667,0.0,3.0714285714285716,3.333333333333333,0.0,5.0,0.3012111637704055,1.1260791005822124,0.5555555555555556,0.0,0.7142857142857144,0.0,0.0,0.0,1.0,1.6666666666666667,3.333333333333333,1.0,0.2777777777777778,0.3333333333333333,2.058823529411765,5.0,0.0,5.0,0.0,0.0,0.0,5.0,0.0,0.0,0.0,5.0,0.0,0.0,0.0,0.0,0.0,0.0,0.0,5.0
1.6666666666666665,0.0,3.278453829634932,0.3571428571428571,1.25,3.333333333333333,0.0,0.6428571428571428,3.333333333333333,2.5,5.0,2.6724591890468665,3.4689821321019876,1.6666666666666667,0.0,1.4285714285714288,0.0,5.0,0.0,1.25,5.0,3.333333333333333,0.875,1.9444444444444446,2.333333333333333,2.058823529411765,0.0,5.0,5.0,0.0,5.0,0.0,0.0,0.0,0.0,0.0,0.0,0.0,0.0,5.0,0.0,0.0,0.0,0.0,5.0
0.833333333333333,0.0,1.7215461703650679,0.5357142857142857,0.0,3.333333333333333,5.0,4.071428571428571,1.6666666666666667,1.25,0.0,0.85492364402317,3.2242521582011645,0.5555555555555556,0.0,0.35714285714285676,0.0,0.0,0.0,0.625,0.8333333333333334,5.0,0.625,0.5555555555555556,0.0,0.8823529411764706,0.0,5.0,0.0,5.0,0.0,5.0,0.0,0.0,0.0,0.0,0.0,0.0,0.0,0.0,0.0,5.0,0.0,5.0,0.0
0.23809523809523814,1.0,0.09663564781675021,0.5357142857142857,2.5,0.0,5.0,3.857142857142857,3.333333333333333,0.0,0.0,0.517114270668773,2.191126279863481,0.5555555555555556,0.0,2.8571428571428568,0.0,1.6666666666666667,0.0,0.125,1.6666666666666667,3.333333333333333,0.125,0.0,0.0,0.0,0.0,5.0,5.0,0.0,0.0,0.0,0.0,0.0,5.0,0.0,5.0,0.0,0.0,0.0,0.0,0.0,0.0,0.0,5.0
2.857142857142857,0.0,2.534001431639227,3.9285714285714293,5.0,0.0,0.0,1.0,3.333333333333333,3.75,5.0,3.9449710373880986,2.7719333467175264,1.1111111111111112,0.0,1.0714285714285712,0.0,1.6666666666666667,0.0,2.0,1.6666666666666667,3.333333333333333,0.125,0.0,0.0,0.0,0.0,5.0,5.0,0.0,5.0,0.0,0.0,0.0,0.0,0.0,0.0,0.0,0.0,5.0,0.0,0.0,0.0,0.0,5.0
1.5476190476190474,0.0,1.8396564065855405,1.9642857142857142,2.5,5.0,0.0,0.7857142857142856,3.333333333333333,1.25,5.0,1.2759347024749867,3.066653282473399,0.0,5.0,0.0,0.0,3.333333333333333,3.3333333333333335,1.25,1.6666666666666667,0.0,1.125,1.9444444444444446,2.6666666666666665,1.4705882352941178,0.0,5.0,5.0,0.0,0.0,0.0,5.0,0.0,0.0,0.0,0.0,0.0,0.0,0.0,0.0,0.0,0.0,5.0,0.0
2.380952380952381,0.0,1.6857551896921974,0.8928571428571428,2.5,1.6666666666666667,0.0,3.4999999999999996,0.0,1.25,5.0,1.1374407582938388,2.7349929732985343,3.8888888888888893,5.0,0.35714285714285676,0.0,5.0,5.0,2.125,2.5,3.333333333333333,1.625,3.055555555555556,0.3333333333333333,2.6470588235294117,0.0,0.0,5.0,0.0,0.0,0.0,5.0,0.0,0.0,0.0,0.0,0.0,0.0,0.0,5.0,0.0,0.0,0.0,0.0
2.4999999999999996,0.0,1.0952040085898354,0.17857142857142858,3.75,5.0,0.0,3.5714285714285707,1.6666666666666667,1.25,3.333333333333333,0.9331226961558714,3.7912065850230876,0.5555555555555556,0.0,0.0,0.0,0.0,0.0,2.5,3.3333333333333335,3.333333333333333,2.5,1.9444444444444446,3.6666666666666665,2.9411764705882355,0.0,5.0,5.0,0.0,0.0,0.0,0.0,0.0,5.0,0.0,0.0,0.0,0.0,0.0,0.0,0.0,0.0,0.0,5.0
4.285714285714285,0.0,2.5733715103793844,0.7142857142857143,1.25,0.0,5.0,3.9999999999999996,3.333333333333333,5.0,0.0,4.843865192206424,1.2878939971893195,2.2222222222222223,0.0,0.0,0.0,3.333333333333333,1.6666666666666667,3.0,3.3333333333333335,1.6666666666666667,0.5,0.5555555555555556,0.3333333333333333,0.5882352941176471,0.0,5.0,5.0,0.0,0.0,0.0,5.0,0.0,0.0,0.0,0.0,0.0,0.0,5.0,0.0,0.0,0.0,5.0,0.0
3.6904761904761902,0.0,3.564781675017896,0.5357142857142857,1.25,0.0,5.0,3.9285714285714284,1.6666666666666667,5.0,3.333333333333333,4.660874144286466,2.0136518771331056,1.1111111111111112,0.0,0.7142857142857144,0.0,3.333333333333333,1.6666666666666667,2.875,1.6666666666666667,5.0,0.125,0.0,0.0,0.0,0.0,5.0,5.0,0.0,0.0,0.0,5.0,0.0,0.0,0.0,0.0,5.0,0.0,0.0,0.0,0.0,0.0,5.0,0.0
0.714285714285714,0.0,2.108088761632069,3.9285714285714293,2.5,1.6666666666666667,5.0,4.2142857142857135,5.0,0.0,5.0,0.4518167456556082,3.9221039951816907,0.5555555555555556,5.0,0.0,0.0,1.6666666666666667,3.3333333333333335,0.75,2.5,3.333333333333333,0.75,1.3888888888888888,0.3333333333333333,1.1764705882352942,0.0,5.0,5.0,0.0,0.0,0.0,5.0,0.0,0.0,0.0,0.0,0.0,0.0,0.0,5.0,0.0,0.0,5.0,0.0
2.619047619047619,0.0,0.7158196134574089,0.8928571428571428,2.5,1.6666666666666667,0.0,3.214285714285714,3.333333333333333,3.75,3.333333333333333,3.2195892575039493,3.6679381650271026,3.8888888888888893,0.0,1.4285714285714288,0.0,3.333333333333333,0.0,2.75,2.5,3.333333333333333,2.5,1.6666666666666667,1.6666666666666665,3.823529411764706,0.0,5.0,5.0,0.0,5.0,0.0,0.0,0.0,0.0,0.0,0.0,0.0,5.0,0.0,0.0,0.0,0.0,0.0,5.0
2.7380952380952377,0.0,0.5905511811023623,1.6071428571428572,1.25,5.0,5.0,1.8571428571428572,3.333333333333333,1.25,5.0,1.3746708794102158,2.2758482232483437,3.8888888888888893,0.0,1.0714285714285712,0.0,5.0,0.0,2.0,2.5,3.333333333333333,1.75,0.8333333333333334,0.3333333333333333,2.9411764705882355,0.0,0.0,0.0,5.0,5.0,0.0,0.0,0.0,0.0,0.0,0.0,0.0,0.0,0.0,0.0,5.0,0.0,0.0,5.0
1.6666666666666665,0.0,1.739441660701503,1.25,1.25,3.333333333333333,0.0,2.4999999999999996,1.6666666666666667,1.25,1.6666666666666667,1.1108478146392837,4.523188114836378,0.5555555555555556,5.0,0.0,0.0,5.0,0.0,1.625,1.6666666666666667,3.333333333333333,1.625,3.3333333333333335,3.6666666666666665,2.6470588235294117,0.0,5.0,0.0,5.0,0.0,0.0,0.0,0.0,5.0,0.0,0.0,0.0,0.0,0.0,0.0,5.0,0.0,5.0,0.0
0.714285714285714,1.0,2.5447387258410883,0.0,2.5,1.6666666666666667,5.0,2.214285714285714,3.333333333333333,0.0,5.0,0.33807266982622436,0.1859064444890584,1.1111111111111112,5.0,1.7857142857142856,0.0,0.0,1.6666666666666667,0.75,1.6666666666666667,1.6666666666666667,0.25,0.0,0.6666666666666666,0.0,0.0,5.0,5.0,0.0,0.0,0.0,5.0,0.0,0.0,0.0,0.0,0.0,0.0,0.0,5.0,0.0,0.0,5.0,0.0
2.4999999999999996,0.0,1.1095204008589836,2.1428571428571432,3.75,3.333333333333333,0.0,4.571428571428571,1.6666666666666667,3.75,1.6666666666666667,4.24275934702475,3.0596265810078296,3.3333333333333335,5.0,0.7142857142857144,0.0,5.0,3.3333333333333335,2.625,3.3333333333333335,3.333333333333333,2.375,2.5,5.0,0.5882352941176471,0.0,5.0,5.0,0.0,0.0,0.0,5.0,0.0,0.0,0.0,0.0,5.0,0.0,0.0,0.0,0.0,0.0,0.0,0.0
4.880952380952381,0.0,2.5626342161775235,0.8928571428571428,1.25,1.6666666666666667,5.0,1.5714285714285712,3.333333333333333,0.0,3.333333333333333,0.33122696155871506,4.7305761895201766,4.444444444444445,0.0,2.1428571428571423,0.0,5.0,0.0,0.875,1.6666666666666667,1.6666666666666667,0.25,0.5555555555555556,0.6666666666666666,0.5882352941176471,0.0,5.0,0.0,0.0,0.0,0.0,5.0,0.0,0.0,5.0,0.0,0.0,0.0,0.0,0.0,0.0,0.0,5.0,0.0
2.142857142857143,0.0,4.735146743020759,2.3214285714285716,0.0,3.333333333333333,5.0,2.714285714285714,3.333333333333333,1.25,5.0,1.4684044233807265,0.547480425617346,0.0,5.0,2.1428571428571423,0.0,0.0,1.6666666666666667,2.125,1.6666666666666667,1.6666666666666667,2.0,2.2222222222222223,1.3333333333333333,3.235294117647059,0.0,5.0,5.0,0.0,5.0,0.0,0.0,0.0,0.0,0.0,0.0,0.0,0.0,0.0,0.0,0.0,0.0,5.0,0.0
1.4285714285714284,0.0,2.6879026485325697,1.0714285714285714,3.75,3.333333333333333,5.0,1.3571428571428572,3.333333333333333,1.25,3.333333333333333,0.6535018430753028,1.8500301144348523,0.5555555555555556,0.0,0.7142857142857144,0.0,0.0,5.0,1.25,3.3333333333333335,1.6666666666666667,1.25,1.9444444444444446,2.6666666666666665,2.6470588235294117,0.0,5.0,5.0,0.0,5.0,0.0,0.0,0.0,0.0,0.0,5.0,0.0,0.0,0.0,0.0,0.0,0.0,0.0,0.0
2.380952380952381,0.0,1.1846814602720115,0.0,2.5,3.333333333333333,5.0,0.5,5.0,0.0,3.333333333333333,0.48314902580305424,0.7849829351535837,0.5555555555555556,0.0,0.7142857142857144,0.0,5.0,1.6666666666666667,0.875,1.6666666666666667,5.0,0.875,1.6666666666666667,1.6666666666666665,0.0,0.0,5.0,0.0,0.0,0.0,0.0,0.0,0.0,0.0,5.0,0.0,0.0,0.0,0.0,0.0,0.0,0.0,5.0,0.0
1.1904761904761902,1.0,4.989262705798139,0.0,2.5,0.0,5.0,4.428571428571429,3.333333333333333,0.0,3.333333333333333,0.5002632964718272,2.741015860269022,1.6666666666666667,0.0,1.4285714285714288,0.0,5.0,1.6666666666666667,0.625,2.5,5.0,0.375,0.5555555555555556,0.3333333333333333,0.5882352941176471,5.0,0.0,0.0,5.0,0.0,0.0,0.0,0.0,5.0,0.0,0.0,0.0,0.0,0.0,0.0,0.0,5.0,5.0,0.0
1.5476190476190474,0.0,0.322118826055834,0.17857142857142858,3.75,3.333333333333333,5.0,0.1428571428571428,3.333333333333333,0.0,5.0,0.44391785150078983,1.134912668138928,0.0,5.0,2.5,0.0,1.6666666666666667,1.6666666666666667,0.375,1.6666666666666667,0.0,0.25,0.5555555555555556,0.6666666666666666,0.5882352941176471,0.0,5.0,5.0,0.0,5.0,0.0,0.0,0.0,0.0,0.0,0.0,0.0,0.0,0.0,5.0,0.0,0.0,0.0,0.0
2.142857142857143,0.0,2.6592698639942736,0.0,5.0,5.0,0.0,1.0714285714285712,3.333333333333333,1.25,5.0,1.4860452869931542,2.646456534832363,2.2222222222222223,0.0,1.4285714285714288,0.0,1.6666666666666667,0.0,0.875,5.0,3.333333333333333,0.125,0.0,0.0,0.0,0.0,0.0,0.0,5.0,0.0,0.0,5.0,0.0,0.0,0.0,0.0,0.0,0.0,0.0,0.0,5.0,0.0,0.0,5.0
1.6666666666666665,0.0,1.1632068718682893,0.0,2.5,0.0,5.0,0.2142857142857144,3.333333333333333,1.25,5.0,1.356766719325961,1.7633005420598276,0.5555555555555556,5.0,3.928571428571429,5.0,1.6666666666666667,1.6666666666666667,1.125,2.5,3.333333333333333,1.125,2.2222222222222223,2.333333333333333,2.3529411764705883,0.0,5.0,5.0,0.0,0.0,0.0,5.0,0.0,0.0,0.0,0.0,0.0,5.0,0.0,0.0,0.0,0.0,5.0,0.0
1.1904761904761902,0.0,0.06442376521116677,0.5357142857142857,2.5,1.6666666666666667,5.0,0.9285714285714284,3.333333333333333,1.25,3.333333333333333,0.8457082675092154,1.3589640634410762,0.5555555555555556,0.0,1.4285714285714288,0.0,1.6666666666666667,0.0,0.625,2.5,5.0,0.625,1.1111111111111112,0.0,1.1764705882352942,0.0,0.0,0.0,5.0,0.0,0.0,5.0,0.0,0.0,0.0,0.0,0.0,0.0,0.0,0.0,5.0,0.0,5.0,0.0
1.5476190476190474,1.0,0.5261274158911955,0.8928571428571428,3.75,1.6666666666666667,5.0,3.285714285714285,0.0,1.25,3.333333333333333,1.3593996840442337,3.7432242521582006,2.2222222222222223,5.0,2.5,0.0,1.6666666666666667,0.0,1.5,2.5,1.6666666666666667,0.875,1.9444444444444446,2.333333333333333,2.058823529411765,0.0,5.0,0.0,5.0,5.0,0.0,0.0,0.0,0.0,0.0,0.0,0.0,0.0,0.0,0.0,5.0,0.0,5.0,0.0
3.809523809523809,0.0,0.7659269863994274,1.25,3.75,5.0,5.0,1.714285714285714,3.333333333333333,0.0,1.6666666666666667,0.7546076882569772,1.5838185103392892,3.8888888888888893,0.0,1.4285714285714288,0.0,5.0,1.6666666666666667,0.5,1.6666666666666667,3.333333333333333,0.25,0.5555555555555556,0.6666666666666666,0.5882352941176471,0.0,5.0,0.0,5.0,0.0,5.0,0.0,0.0,0.0,0.0,0.0,0.0,0.0,0.0,0.0,0.0,5.0,5.0,0.0
2.4999999999999996,0.0,3.686471009305655,0.0,2.5,3.333333333333333,5.0,1.2857142857142856,5.0,2.5,5.0,2.265402843601896,1.7763501304958844,0.0,0.0,2.1428571428571423,0.0,0.0,5.0,2.375,4.166666666666667,1.6666666666666667,2.25,2.7777777777777777,1.0,2.058823529411765,0.0,5.0,5.0,0.0,0.0,0.0,5.0,0.0,0.0,0.0,0.0,0.0,0.0,0.0,0.0,0.0,0.0,0.0,0.0
2.0238095238095233,0.0,2.53042233357194,2.678571428571429,2.5,0.0,5.0,3.857142857142857,5.0,0.0,1.6666666666666667,0.37309110057925227,2.8879743023489257,0.0,0.0,0.7142857142857144,0.0,3.333333333333333,1.6666666666666667,0.75,4.166666666666667,3.333333333333333,0.625,1.1111111111111112,0.0,0.8823529411764706,0.0,5.0,5.0,0.0,0.0,0.0,5.0,0.0,0.0,0.0,5.0,0.0,0.0,0.0,0.0,0.0,0.0,5.0,0.0
1.6666666666666665,0.0,0.9914101646385112,0.7142857142857143,1.25,1.6666666666666667,5.0,1.2857142857142856,3.333333333333333,1.25,1.6666666666666667,1.4520800421274354,1.3645854246135316,0.5555555555555556,0.0,1.0714285714285712,0.0,5.0,1.6666666666666667,1.25,2.5,3.333333333333333,1.25,2.2222222222222223,1.6666666666666665,0.8823529411764706,5.0,0.0,0.0,5.0,5.0,0.0,0.0,0.0,0.0,0.0,0.0,0.0,0.0,0.0,0.0,5.0,0.0,5.0,0.0
0.9523809523809521,1.0,4.39513242662849,3.5714285714285716,2.5,0.0,5.0,0.5,3.333333333333333,0.0,3.333333333333333,0.36018957345971564,3.4689821321019876,0.5555555555555556,0.0,3.2142857142857144,5.0,3.333333333333333,1.6666666666666667,0.125,0.0,1.6666666666666667,0.125,0.2777777777777778,0.0,0.0,0.0,5.0,5.0,0.0,0.0,0.0,5.0,0.0,0.0,0.0,5.0,0.0,0.0,0.0,0.0,0.0,0.0,0.0,0.0
1.4285714285714284,0.0,0.6657122405153901,0.17857142857142858,2.5,3.333333333333333,5.0,4.928571428571429,1.6666666666666667,1.25,5.0,0.827540810953133,2.7576791808873717,0.5555555555555556,0.0,2.8571428571428568,0.0,0.0,5.0,1.375,2.5,3.333333333333333,1.375,2.7777777777777777,3.333333333333333,2.3529411764705883,0.0,5.0,5.0,0.0,5.0,0.0,0.0,0.0,0.0,0.0,0.0,0.0,0.0,0.0,0.0,0.0,0.0,5.0,0.0
2.380952380952381,0.0,0.40801717967072304,3.9285714285714293,2.5,5.0,5.0,1.0,1.6666666666666667,2.5,3.333333333333333,2.242496050552923,1.3437060831158403,0.0,0.0,3.571428571428571,5.0,1.6666666666666667,0.0,1.25,1.6666666666666667,3.333333333333333,1.125,1.9444444444444446,0.3333333333333333,2.3529411764705883,5.0,0.0,5.0,0.0,5.0,0.0,0.0,0.0,0.0,0.0,0.0,0.0,5.0,0.0,0.0,0.0,0.0,0.0,5.0
0.3571428571428572,0.0,4.4416607015032215,3.7500000000000004,0.0,3.333333333333333,5.0,1.3571428571428572,3.333333333333333,0.0,3.333333333333333,0.6419167983149026,4.487050793013451,0.5555555555555556,0.0,0.0,0.0,3.333333333333333,0.0,0.375,1.6666666666666667,3.333333333333333,0.375,0.5555555555555556,0.3333333333333333,0.5882352941176471,0.0,5.0,0.0,5.0,0.0,0.0,0.0,0.0,5.0,0.0,0.0,0.0,0.0,0.0,0.0,0.0,5.0,0.0,5.0
2.0238095238095233,0.0,3.035075161059413,1.0714285714285714,2.5,3.333333333333333,5.0,2.0714285714285716,3.333333333333333,2.5,3.333333333333333,2.4254870984728805,3.3677976309977917,1.6666666666666667,0.0,3.571428571428571,5.0,1.6666666666666667,0.0,2.125,2.5,5.0,1.0,1.3888888888888888,0.3333333333333333,1.7647058823529411,0.0,5.0,5.0,0.0,0.0,0.0,0.0,5.0,0.0,0.0,0.0,0.0,5.0,0.0,0.0,0.0,0.0,0.0,5.0
0.9523809523809521,0.0,4.928418038654259,0.0,2.5,3.333333333333333,0.0,3.857142857142857,3.333333333333333,1.25,1.6666666666666667,1.4186413902053712,4.953423007428227,0.5555555555555556,0.0,3.2142857142857144,5.0,0.0,1.6666666666666667,0.75,5.0,0.0,0.75,1.3888888888888888,0.3333333333333333,1.1764705882352942,5.0,0.0,5.0,0.0,5.0,0.0,0.0,0.0,0.0,0.0,0.0,0.0,5.0,0.0,0.0,0.0,0.0,0.0,0.0
1.5476190476190474,1.0,1.5068002863278454,0.17857142857142858,2.5,1.6666666666666667,5.0,4.571428571428571,3.333333333333333,0.0,5.0,0.714323328067404,3.8118851636217626,3.3333333333333335,5.0,0.7142857142857144,0.0,3.333333333333333,1.6666666666666667,0.875,1.6666666666666667,0.0,0.25,0.5555555555555556,0.6666666666666666,0.5882352941176471,5.0,0.0,5.0,0.0,5.0,0.0,0.0,0.0,0.0,0.0,5.0,0.0,0.0,0.0,0.0,0.0,0.0,5.0,0.0
1.6666666666666665,0.0,3.435934144595562,0.17857142857142858,2.5,3.333333333333333,0.0,3.214285714285714,3.333333333333333,0.0,1.6666666666666667,0.3583464981569247,0.3738205179682795,0.5555555555555556,0.0,0.7142857142857144,0.0,3.333333333333333,1.6666666666666667,1.0,3.3333333333333335,3.333333333333333,1.0,0.0,0.0,2.058823529411765,0.0,5.0,5.0,0.0,0.0,0.0,5.0,0.0,0.0,0.0,5.0,0.0,0.0,0.0,0.0,0.0,0.0,5.0,0.0
1.6666666666666665,0.0,2.959914101646385,1.6071428571428572,2.5,5.0,5.0,1.7857142857142856,3.333333333333333,1.25,5.0,1.1550816219062663,3.9367596868098778,0.5555555555555556,0.0,0.35714285714285676,0.0,5.0,0.0,1.25,1.6666666666666667,1.6666666666666667,1.25,1.9444444444444446,0.0,2.3529411764705883,0.0,5.0,0.0,5.0,0.0,5.0,0.0,0.0,0.0,0.0,0.0,0.0,0.0,0.0,0.0,5.0,0.0,0.0,5.0
1.9047619047619047,0.0,4.29849677881174,0.17857142857142858,3.75,5.0,5.0,2.285714285714285,1.6666666666666667,0.0,3.333333333333333,0.4631384939441811,1.269223047580807,1.6666666666666667,0.0,0.35714285714285676,0.0,3.333333333333333,1.6666666666666667,1.75,2.5,3.333333333333333,0.875,0.8333333333333334,1.6666666666666665,2.058823529411765,0.0,5.0,5.0,0.0,5.0,0.0,0.0,0.0,0.0,0.0,0.0,0.0,0.0,0.0,5.0,0.0,0.0,0.0,0.0
1.7857142857142856,0.0,1.6141732283464567,0.7142857142857143,3.75,5.0,0.0,3.142857142857143,3.333333333333333,2.5,1.6666666666666667,2.861769352290679,4.270226862075888,3.3333333333333335,0.0,0.0,0.0,1.6666666666666667,3.3333333333333335,1.5,1.6666666666666667,3.333333333333333,1.25,1.6666666666666667,2.6666666666666665,2.3529411764705883,5.0,0.0,5.0,0.0,5.0,0.0,0.0,0.0,0.0,0.0,0.0,5.0,0.0,0.0,0.0,0.0,0.0,5.0,0.0
3.452380952380952,0.0,3.1531853972798856,0.17857142857142858,1.25,0.0,0.0,2.4999999999999996,3.333333333333333,1.25,5.0,1.069246972090574,1.0630395502911063,2.7777777777777777,0.0,0.7142857142857144,0.0,3.333333333333333,5.0,2.5,1.6666666666666667,3.333333333333333,0.625,0.0,0.0,1.1764705882352942,0.0,5.0,5.0,0.0,0.0,0.0,5.0,0.0,0.0,0.0,0.0,0.0,5.0,0.0,0.0,0.0,0.0,0.0,0.0
1.4285714285714284,0.0,2.931281317108089,0.0,2.5,5.0,5.0,0.5714285714285712,0.0,0.0,3.333333333333333,0.7435492364402316,4.473198152981329,1.6666666666666667,0.0,3.571428571428571,5.0,3.333333333333333,3.3333333333333335,0.875,1.6666666666666667,3.333333333333333,0.25,0.5555555555555556,0.0,0.5882352941176471,0.0,5.0,5.0,0.0,5.0,0.0,0.0,0.0,0.0,0.0,5.0,0.0,0.0,0.0,0.0,0.0,0.0,5.0,0.0
4.761904761904761,0.0,3.7329992841803863,1.4285714285714286,2.5,1.6666666666666667,0.0,3.214285714285714,1.6666666666666667,0.0,1.6666666666666667,0.6153238546603474,1.963260389480024,2.2222222222222223,5.0,3.2142857142857144,5.0,1.6666666666666667,1.6666666666666667,1.125,2.5,1.6666666666666667,0.125,0.0,0.0,0.0,0.0,5.0,5.0,0.0,0.0,0.0,5.0,0.0,0.0,0.0,0.0,0.0,0.0,0.0,5.0,0.0,0.0,5.0,0.0
2.2619047619047614,1.0,1.871868289191124,0.0,3.75,0.0,5.0,1.1428571428571428,1.6666666666666667,2.5,3.333333333333333,2.527646129541864,2.5753864685806063,2.7777777777777777,0.0,0.0,0.0,3.333333333333333,0.0,2.125,1.6666666666666667,0.0,1.75,0.2777777777777778,3.6666666666666665,2.058823529411765,0.0,5.0,0.0,5.0,5.0,0.0,0.0,0.0,0.0,0.0,0.0,0.0,0.0,0.0,0.0,5.0,0.0,5.0,0.0
2.380952380952381,0.0,4.5740873299928415,1.4285714285714286,1.25,3.333333333333333,0.0,3.214285714285714,3.333333333333333,0.0,5.0,0.33675618746708796,0.8482232483437062,0.5555555555555556,0.0,0.35714285714285676,0.0,3.333333333333333,0.0,0.25,2.5,3.333333333333333,0.25,0.5555555555555556,0.6666666666666666,0.29411764705882354,0.0,5.0,5.0,0.0,5.0,0.0,0.0,0.0,0.0,0.0,5.0,0.0,0.0,0.0,0.0,0.0,0.0,0.0,5.0
2.976190476190476,1.0,4.545454545454546,1.4285714285714286,2.5,0.0,0.0,3.9285714285714284,0.0,1.25,3.333333333333333,1.1419167983149026,1.484641638225256,4.444444444444445,0.0,0.7142857142857144,0.0,1.6666666666666667,0.0,0.875,1.6666666666666667,1.6666666666666667,0.5,0.8333333333333334,0.3333333333333333,0.8823529411764706,0.0,5.0,0.0,5.0,0.0,5.0,0.0,0.0,0.0,0.0,0.0,0.0,0.0,0.0,0.0,5.0,0.0,0.0,5.0
4.0476190476190474,0.0,0.7874015748031495,4.821428571428571,1.25,5.0,0.0,2.0714285714285716,5.0,3.75,3.333333333333333,3.2222222222222223,1.5332262597871915,1.1111111111111112,5.0,0.0,0.0,1.6666666666666667,1.6666666666666667,3.0,2.5,1.6666666666666667,0.625,0.8333333333333334,0.0,0.5882352941176471,5.0,0.0,5.0,0.0,0.0,0.0,5.0,0.0,0.0,0.0,0.0,0.0,5.0,0.0,0.0,0.0,0.0,5.0,0.0
3.0952380952380953,0.0,4.960629921259843,0.0,5.0,1.6666666666666667,0.0,3.214285714285714,3.333333333333333,1.25,0.0,1.1703528172722484,0.3844609516161413,2.7777777777777777,5.0,3.571428571428571,5.0,3.333333333333333,1.6666666666666667,1.125,1.6666666666666667,1.6666666666666667,0.5,0.8333333333333334,0.3333333333333333,0.8823529411764706,0.0,5.0,0.0,5.0,0.0,5.0,0.0,0.0,0.0,0.0,0.0,0.0,0.0,0.0,0.0,5.0,0.0,0.0,0.0
4.880952380952381,0.0,0.1431639226914817,0.3571428571428571,2.5,3.333333333333333,5.0,2.857142857142857,1.6666666666666667,0.0,5.0,0.3075302790942602,1.2772535635414577,1.6666666666666667,0.0,2.1428571428571423,0.0,0.0,1.6666666666666667,0.875,5.0,3.333333333333333,0.125,0.0,0.0,0.0,0.0,5.0,5.0,0.0,5.0,0.0,0.0,0.0,0.0,0.0,0.0,0.0,0.0,0.0,5.0,0.0,0.0,5.0,0.0
2.857142857142857,0.0,2.949176807444524,3.5714285714285716,1.25,3.333333333333333,0.0,0.4285714285714284,3.333333333333333,1.25,3.333333333333333,1.120589784096893,2.8799437863882753,1.1111111111111112,0.0,1.7857142857142856,0.0,1.6666666666666667,1.6666666666666667,1.375,4.166666666666667,3.333333333333333,0.625,0.8333333333333334,0.0,0.5882352941176471,0.0,0.0,5.0,0.0,0.0,0.0,5.0,0.0,0.0,0.0,0.0,0.0,5.0,0.0,0.0,0.0,0.0,0.0,0.0
3.214285714285714,0.0,1.642806012884753,0.17857142857142858,2.5,5.0,5.0,2.214285714285714,3.333333333333333,1.25,1.6666666666666667,0.9994734070563454,2.8273439068460147,0.0,0.0,2.8571428571428568,0.0,1.6666666666666667,1.6666666666666667,1.125,2.5,5.0,1.0,1.9444444444444446,1.0,2.058823529411765,0.0,5.0,0.0,5.0,0.0,0.0,0.0,5.0,0.0,0.0,0.0,0.0,0.0,0.0,0.0,5.0,0.0,5.0,0.0
0.3571428571428572,1.0,4.742304939155333,3.035714285714286,0.0,5.0,0.0,2.4999999999999996,3.333333333333333,0.0,5.0,0.4433912585571353,1.36036940373419,0.5555555555555556,0.0,2.8571428571428568,0.0,0.0,0.0,0.125,2.5,1.6666666666666667,0.125,0.0,0.0,0.0,0.0,5.0,5.0,0.0,0.0,0.0,0.0,5.0,0.0,0.0,0.0,0.0,0.0,0.0,5.0,0.0,0.0,0.0,5.0
0.5952380952380953,0.0,2.8024337866857554,0.5357142857142857,2.5,0.0,5.0,1.9999999999999996,5.0,0.0,0.0,0.47656661400737227,1.2949206986548887,1.1111111111111112,0.0,1.7857142857142856,0.0,0.0,1.6666666666666667,0.625,2.5,5.0,0.375,0.5555555555555556,0.0,0.5882352941176471,0.0,5.0,5.0,0.0,0.0,0.0,5.0,0.0,0.0,0.0,0.0,0.0,0.0,0.0,5.0,0.0,0.0,5.0,0.0
4.285714285714285,0.0,3.740157480314961,0.3571428571428571,2.5,5.0,0.0,1.5714285714285712,3.333333333333333,1.25,0.0,1.2983149025803054,2.994780164625577,1.1111111111111112,0.0,1.0714285714285712,0.0,5.0,1.6666666666666667,2.0,3.3333333333333335,3.333333333333333,0.75,0.5555555555555556,0.0,1.4705882352941178,0.0,5.0,0.0,5.0,0.0,5.0,0.0,0.0,0.0,0.0,0.0,0.0,0.0,0.0,0.0,5.0,0.0,5.0,0.0
2.7380952380952377,0.0,1.4566929133858268,1.0714285714285714,1.25,1.6666666666666667,0.0,0.9285714285714284,5.0,0.0,3.333333333333333,0.6232227488151658,3.366593053603694,0.5555555555555556,0.0,0.7142857142857144,0.0,3.333333333333333,0.0,1.25,2.5,3.333333333333333,1.25,1.6666666666666667,0.0,2.3529411764705883,0.0,5.0,5.0,0.0,0.0,0.0,0.0,0.0,5.0,0.0,0.0,0.0,0.0,0.0,5.0,0.0,0.0,5.0,0.0
3.214285714285714,0.0,3.350035790980673,3.3928571428571432,2.5,1.6666666666666667,5.0,4.642857142857142,0.0,2.5,0.0,2.591363875724065,3.567355952619956,1.1111111111111112,5.0,2.5,0.0,1.6666666666666667,1.6666666666666667,3.0,1.6666666666666667,3.333333333333333,0.875,1.9444444444444446,0.0,2.058823529411765,0.0,5.0,5.0,0.0,0.0,0.0,5.0,0.0,0.0,0.0,0.0,0.0,0.0,0.0,0.0,0.0,0.0,0.0,0.0
3.214285714285714,0.0,3.4001431639226913,0.8928571428571428,2.5,5.0,0.0,1.9285714285714284,1.6666666666666667,2.5,5.0,2.068457082675092,2.960449708893796,3.3333333333333335,0.0,0.35714285714285676,0.0,5.0,0.0,2.875,1.6666666666666667,3.333333333333333,2.375,1.9444444444444446,4.0,2.3529411764705883,0.0,0.0,0.0,5.0,0.0,0.0,5.0,0.0,0.0,0.0,0.0,0.0,0.0,0.0,0.0,5.0,0.0,0.0,5.0
4.404761904761905,0.0,0.032211882605583386,0.0,1.25,0.0,5.0,2.857142857142857,3.333333333333333,2.5,5.0,2.4302264349657716,3.211804858462156,1.6666666666666667,0.0,1.0714285714285712,0.0,5.0,1.6666666666666667,3.0,3.3333333333333335,3.333333333333333,0.125,0.0,0.3333333333333333,0.0,0.0,5.0,0.0,5.0,5.0,0.0,0.0,0.0,0.0,0.0,0.0,0.0,0.0,0.0,0.0,5.0,0.0,5.0,0.0
1.9047619047619047,0.0,3.4609878310665714,0.17857142857142858,0.0,5.0,5.0,1.0714285714285712,1.6666666666666667,1.25,3.333333333333333,2.2480252764612954,2.405139530214816,0.5555555555555556,0.0,2.1428571428571423,0.0,3.333333333333333,0.0,1.25,1.6666666666666667,1.6666666666666667,1.25,2.5,0.3333333333333333,2.6470588235294117,5.0,0.0,5.0,0.0,5.0,0.0,0.0,0.0,0.0,0.0,0.0,0.0,5.0,0.0,0.0,0.0,0.0,5.0,0.0
4.642857142857142,0.0,1.0844667143879743,0.0,1.25,1.6666666666666667,5.0,4.5,5.0,1.25,3.333333333333333,1.0244865718799367,0.12587833768319617,0.0,0.0,4.642857142857142,5.0,0.0,1.6666666666666667,1.625,1.6666666666666667,1.6666666666666667,1.5,2.5,0.6666666666666666,2.3529411764705883,0.0,5.0,5.0,0.0,5.0,0.0,0.0,0.0,0.0,0.0,0.0,0.0,0.0,0.0,5.0,0.0,0.0,5.0,0.0
1.7857142857142856,0.0,0.16105941302791693,0.5357142857142857,3.75,3.333333333333333,0.0,1.214285714285714,1.6666666666666667,0.0,1.6666666666666667,0.42469720905739866,2.239309375627384,3.3333333333333335,0.0,3.571428571428571,5.0,5.0,0.0,0.875,2.5,3.333333333333333,0.375,0.5555555555555556,0.3333333333333333,0.29411764705882354,0.0,5.0,5.0,0.0,0.0,0.0,5.0,0.0,0.0,0.0,0.0,0.0,0.0,0.0,5.0,0.0,0.0,5.0,0.0
1.6666666666666665,0.0,0.7086614173228347,0.0,2.5,5.0,5.0,2.214285714285714,3.333333333333333,0.0,5.0,0.34360189573459715,1.4161814896607108,0.0,0.0,0.35714285714285676,0.0,1.6666666666666667,1.6666666666666667,0.5,1.6666666666666667,3.333333333333333,0.375,0.0,0.0,0.5882352941176471,0.0,0.0,5.0,0.0,5.0,0.0,0.0,0.0,0.0,0.0,5.0,0.0,0.0,0.0,0.0,0.0,0.0,0.0,0.0
0.3571428571428572,1.0,0.5332856120257695,1.6071428571428572,1.25,0.0,0.0,1.0714285714285712,1.6666666666666667,0.0,3.333333333333333,0.4254870984728804,4.660509937763501,0.5555555555555556,0.0,3.2142857142857144,5.0,3.333333333333333,0.0,0.25,1.6666666666666667,0.0,0.25,0.5555555555555556,0.6666666666666666,0.5882352941176471,5.0,0.0,5.0,0.0,5.0,0.0,0.0,0.0,0.0,0.0,5.0,0.0,0.0,0.0,0.0,0.0,0.0,0.0,5.0
1.9047619047619047,1.0,0.6943450250536864,0.8928571428571428,1.25,5.0,0.0,0.2142857142857144,0.0,0.0,3.333333333333333,0.35334386519220645,2.0395502911062033,0.0,0.0,1.7857142857142856,0.0,5.0,1.6666666666666667,0.375,2.5,1.6666666666666667,0.25,0.5555555555555556,0.3333333333333333,0.0,5.0,0.0,0.0,5.0,0.0,5.0,0.0,0.0,0.0,0.0,0.0,0.0,0.0,0.0,0.0,0.0,5.0,0.0,0.0
1.0714285714285712,0.0,4.08017179670723,3.3928571428571432,2.5,5.0,0.0,4.285714285714285,3.333333333333333,1.25,3.333333333333333,2.362295945234334,2.172656093153985,0.5555555555555556,0.0,1.0714285714285712,0.0,5.0,0.0,0.875,1.6666666666666667,3.333333333333333,0.875,1.9444444444444446,0.0,2.058823529411765,5.0,0.0,0.0,5.0,5.0,0.0,0.0,0.0,0.0,0.0,0.0,0.0,0.0,0.0,0.0,5.0,0.0,0.0,5.0
2.142857142857143,0.0,2.9169649248389407,0.8928571428571428,3.75,3.333333333333333,5.0,2.142857142857143,0.0,0.0,3.333333333333333,0.4560294892048446,0.957839791206585,0.5555555555555556,0.0,1.0714285714285712,0.0,3.333333333333333,1.6666666666666667,0.875,3.3333333333333335,3.333333333333333,0.875,1.9444444444444446,0.3333333333333333,2.058823529411765,0.0,5.0,5.0,0.0,5.0,0.0,0.0,0.0,0.0,0.0,5.0,0.0,0.0,0.0,0.0,0.0,0.0,0.0,0.0
2.7380952380952377,1.0,4.502505368647101,1.9642857142857142,2.5,1.6666666666666667,0.0,1.3571428571428572,3.333333333333333,5.0,3.333333333333333,4.880463401790416,2.8480224854446896,0.5555555555555556,0.0,0.35714285714285676,0.0,5.0,0.0,2.875,0.0,3.333333333333333,2.75,4.166666666666667,5.0,2.3529411764705883,0.0,5.0,5.0,0.0,0.0,0.0,0.0,0.0,5.0,0.0,0.0,0.0,0.0,5.0,0.0,0.0,0.0,5.0,0.0
1.7857142857142856,0.0,4.27344309234073,0.8928571428571428,2.5,3.333333333333333,5.0,0.0,3.333333333333333,1.25,5.0,1.7682991047919956,0.6506725557117046,1.6666666666666667,0.0,4.2857142857142865,5.0,3.333333333333333,1.6666666666666667,1.875,1.6666666666666667,0.0,1.625,3.055555555555556,1.3333333333333333,2.058823529411765,5.0,0.0,5.0,0.0,5.0,0.0,0.0,0.0,0.0,0.0,0.0,0.0,0.0,0.0,0.0,0.0,0.0,0.0,0.0
0.0,1.0,0.5189692197566214,1.25,0.0,3.333333333333333,5.0,3.5714285714285707,3.333333333333333,0.0,3.333333333333333,0.23565034228541343,2.3011443485243928,0.5555555555555556,0.0,0.35714285714285676,0.0,5.0,0.0,0.0,0.0,3.333333333333333,0.0,0.0,0.0,0.0,0.0,0.0,5.0,0.0,0.0,0.0,5.0,0.0,0.0,0.0,5.0,0.0,0.0,0.0,0.0,0.0,0.0,0.0,5.0
1.0714285714285712,0.0,2.8346456692913384,1.4285714285714286,2.5,5.0,0.0,4.928571428571429,3.333333333333333,0.0,1.6666666666666667,0.3343865192206424,1.944790202770528,0.5555555555555556,0.0,1.7857142857142856,0.0,5.0,0.0,0.875,1.6666666666666667,1.6666666666666667,0.875,1.9444444444444446,0.0,0.8823529411764706,0.0,5.0,5.0,0.0,0.0,0.0,5.0,0.0,0.0,0.0,0.0,0.0,0.0,0.0,5.0,0.0,0.0,0.0,5.0
0.4761904761904763,0.0,4.037222619899786,0.0,1.25,5.0,5.0,0.2142857142857144,1.6666666666666667,1.25,5.0,0.991574512901527,3.423408954025296,3.3333333333333335,0.0,3.928571428571429,5.0,0.0,3.3333333333333335,0.5,1.6666666666666667,0.0,0.25,0.5555555555555556,0.6666666666666666,0.5882352941176471,0.0,5.0,5.0,0.0,5.0,0.0,0.0,0.0,0.0,0.0,0.0,0.0,5.0,0.0,0.0,0.0,0.0,5.0,0.0
1.7857142857142856,1.0,2.5447387258410883,2.3214285714285716,2.5,3.333333333333333,5.0,1.9999999999999996,3.333333333333333,0.0,5.0,0.37572406529752506,4.02629993977113,2.7777777777777777,5.0,0.7142857142857144,0.0,3.333333333333333,1.6666666666666667,1.0,1.6666666666666667,0.0,0.625,1.1111111111111112,0.0,1.1764705882352942,0.0,5.0,5.0,0.0,0.0,0.0,5.0,0.0,0.0,0.0,5.0,0.0,0.0,0.0,0.0,0.0,0.0,5.0,0.0
2.857142857142857,0.0,4.531138153185397,4.821428571428571,3.75,5.0,0.0,4.142857142857142,1.6666666666666667,1.25,5.0,0.925223802001053,0.46014856454527203,0.0,0.0,0.0,0.0,5.0,5.0,0.875,3.3333333333333335,5.0,0.75,1.3888888888888888,0.0,1.1764705882352942,5.0,0.0,5.0,0.0,0.0,0.0,0.0,0.0,5.0,0.0,0.0,0.0,0.0,0.0,0.0,0.0,0.0,5.0,0.0
1.3095238095238093,0.0,2.5196850393700787,0.0,3.75,1.6666666666666667,5.0,3.285714285714285,0.0,0.0,5.0,0.4505002632964718,3.385866291909255,0.5555555555555556,0.0,2.5,0.0,5.0,1.6666666666666667,1.25,4.166666666666667,3.333333333333333,1.25,1.9444444444444446,0.6666666666666666,2.3529411764705883,5.0,0.0,5.0,0.0,5.0,0.0,0.0,0.0,0.0,0.0,0.0,0.0,0.0,0.0,5.0,0.0,0.0,0.0,0.0
2.0238095238095233,0.0,2.559055118110236,0.0,2.5,5.0,0.0,2.142857142857143,1.6666666666666667,1.25,5.0,1.1463928383359663,1.7570768921903233,0.0,0.0,0.35714285714285676,0.0,1.6666666666666667,1.6666666666666667,1.25,0.0,3.333333333333333,1.125,1.9444444444444446,0.0,0.0,0.0,5.0,5.0,0.0,0.0,0.0,5.0,0.0,0.0,0.0,5.0,0.0,0.0,0.0,0.0,0.0,0.0,5.0,0.0
2.2619047619047614,0.0,0.1431639226914817,1.4285714285714286,3.75,0.0,5.0,2.785714285714285,3.333333333333333,2.5,1.6666666666666667,2.0602948920484465,4.531620156595062,0.5555555555555556,0.0,0.7142857142857144,0.0,5.0,1.6666666666666667,1.125,5.0,3.333333333333333,1.125,1.3888888888888888,2.333333333333333,2.058823529411765,0.0,0.0,0.0,5.0,0.0,0.0,5.0,0.0,0.0,0.0,0.0,0.0,0.0,0.0,0.0,5.0,0.0,0.0,0.0
4.0476190476190474,1.0,0.5869720830350752,0.17857142857142858,0.0,0.0,0.0,1.9285714285714284,0.0,5.0,5.0,4.959452343338599,4.76852037743425,0.5555555555555556,0.0,1.4285714285714288,0.0,5.0,1.6666666666666667,4.125,2.5,3.333333333333333,4.0,3.8888888888888893,2.0,2.6470588235294117,0.0,5.0,0.0,5.0,0.0,5.0,0.0,0.0,0.0,0.0,0.0,5.0,0.0,0.0,0.0,0.0,0.0,5.0,0.0
1.5476190476190474,0.0,0.41517537580529706,1.0714285714285714,2.5,1.6666666666666667,5.0,5.0,5.0,1.25,5.0,1.5587151132174828,2.0371411363180085,2.2222222222222223,0.0,0.0,0.0,1.6666666666666667,1.6666666666666667,1.25,2.5,1.6666666666666667,1.0,1.9444444444444446,2.333333333333333,2.058823529411765,0.0,5.0,0.0,5.0,0.0,0.0,0.0,0.0,5.0,0.0,0.0,0.0,0.0,0.0,0.0,5.0,0.0,5.0,0.0
1.3095238095238093,0.0,4.631352899069435,1.6071428571428572,2.5,3.333333333333333,5.0,4.928571428571429,3.333333333333333,0.0,3.333333333333333,0.42996313849394413,0.13270427624974906,0.5555555555555556,0.0,0.0,0.0,3.333333333333333,0.0,0.125,5.0,3.333333333333333,0.125,0.0,0.0,0.0,0.0,5.0,0.0,5.0,5.0,0.0,0.0,0.0,0.0,0.0,0.0,0.0,0.0,0.0,0.0,0.0,5.0,0.0,5.0
1.6666666666666665,1.0,4.910522548317824,1.7857142857142858,3.75,5.0,5.0,2.142857142857143,5.0,1.25,3.333333333333333,0.9736703528172721,4.380646456534833,4.444444444444445,0.0,0.35714285714285676,0.0,5.0,0.0,0.75,1.6666666666666667,3.333333333333333,0.5,0.5555555555555556,0.3333333333333333,0.5882352941176471,0.0,0.0,0.0,5.0,0.0,0.0,0.0,5.0,0.0,0.0,0.0,0.0,0.0,0.0,0.0,5.0,0.0,5.0,0.0
2.0238095238095233,0.0,3.5612025769506084,1.7857142857142858,1.25,3.333333333333333,5.0,3.4999999999999996,1.6666666666666667,2.5,0.0,2.336756187467088,1.2463360770929532,1.1111111111111112,5.0,0.7142857142857144,0.0,3.333333333333333,1.6666666666666667,1.25,2.5,3.333333333333333,0.5,0.0,0.6666666666666666,0.8823529411764706,0.0,0.0,5.0,0.0,0.0,0.0,5.0,0.0,0.0,0.0,0.0,0.0,0.0,0.0,0.0,0.0,0.0,5.0,0.0
2.976190476190476,0.0,2.927702219040802,0.3571428571428571,2.5,3.333333333333333,5.0,4.7142857142857135,0.0,5.0,5.0,4.931806213796735,3.3188114836378237,1.6666666666666667,0.0,1.0714285714285712,0.0,1.6666666666666667,1.6666666666666667,3.125,1.6666666666666667,3.333333333333333,1.0,1.9444444444444446,0.0,2.058823529411765,0.0,5.0,5.0,0.0,5.0,0.0,0.0,0.0,0.0,0.0,0.0,0.0,0.0,5.0,0.0,0.0,0.0,5.0,0.0
1.7857142857142856,0.0,0.11453113815318539,0.17857142857142858,2.5,3.333333333333333,5.0,4.285714285714285,3.333333333333333,0.0,5.0,0.39257503949447076,1.6906243726159407,0.0,0.0,1.0714285714285712,0.0,0.0,0.0,0.5,1.6666666666666667,5.0,0.375,0.2777777777777778,0.0,0.5882352941176471,0.0,5.0,5.0,0.0,5.0,0.0,0.0,0.0,0.0,0.0,0.0,0.0,0.0,0.0,5.0,0.0,0.0,0.0,5.0
2.2619047619047614,0.0,0.740873299928418,1.6071428571428572,3.75,5.0,0.0,4.142857142857142,1.6666666666666667,1.25,5.0,1.4968404423380726,4.4426821923308575,1.1111111111111112,5.0,1.0714285714285712,0.0,3.333333333333333,5.0,1.0,4.166666666666667,3.333333333333333,0.125,0.0,0.0,0.0,0.0,5.0,0.0,5.0,5.0,0.0,0.0,0.0,0.0,0.0,0.0,0.0,0.0,0.0,0.0,5.0,0.0,0.0,0.0
1.0714285714285712,1.0,0.11811023622047245,2.857142857142857,3.75,5.0,0.0,1.5,3.333333333333333,0.0,3.333333333333333,0.36466561348077936,4.735394499096567,0.5555555555555556,5.0,0.7142857142857144,0.0,5.0,0.0,1.0,1.6666666666666667,3.333333333333333,1.0,0.5555555555555556,2.333333333333333,2.058823529411765,0.0,5.0,5.0,0.0,5.0,0.0,0.0,0.0,0.0,0.0,0.0,0.0,0.0,0.0,5.0,0.0,0.0,0.0,5.0
1.1904761904761902,0.0,4.828203292770222,0.17857142857142858,0.0,0.0,5.0,2.642857142857143,1.6666666666666667,0.0,1.6666666666666667,0.5771458662453923,3.5769925717727364,0.0,0.0,2.1428571428571423,0.0,0.0,0.0,0.75,1.6666666666666667,0.0,0.625,0.8333333333333334,0.0,1.1764705882352942,0.0,5.0,5.0,0.0,5.0,0.0,0.0,0.0,0.0,0.0,0.0,0.0,0.0,0.0,5.0,0.0,0.0,5.0,0.0
1.0714285714285712,0.0,0.6871868289191123,1.6071428571428572,1.25,5.0,5.0,0.1428571428571428,3.333333333333333,2.5,0.0,2.0494997367035284,0.5450712708291507,0.5555555555555556,0.0,3.571428571428571,5.0,3.333333333333333,3.3333333333333335,1.125,3.3333333333333335,1.6666666666666667,1.125,1.9444444444444446,0.3333333333333333,2.058823529411765,5.0,0.0,5.0,0.0,5.0,0.0,0.0,0.0,0.0,0.0,0.0,0.0,5.0,0.0,0.0,0.0,0.0,0.0,0.0
2.2619047619047614,0.0,0.8589835361488904,2.678571428571429,3.75,5.0,5.0,2.5714285714285716,1.6666666666666667,1.25,3.333333333333333,1.4020537124802526,4.509937763501305,2.2222222222222223,0.0,2.8571428571428568,0.0,5.0,3.3333333333333335,1.125,1.6666666666666667,3.333333333333333,0.125,0.0,0.0,0.0,0.0,5.0,0.0,5.0,0.0,5.0,0.0,0.0,0.0,0.0,0.0,0.0,0.0,0.0,0.0,5.0,0.0,0.0,0.0
1.0714285714285712,0.0,0.3471725125268432,0.8928571428571428,2.5,5.0,5.0,1.7857142857142856,1.6666666666666667,0.0,3.333333333333333,0.4028436018957346,1.175667536639229,0.5555555555555556,0.0,0.7142857142857144,0.0,3.333333333333333,1.6666666666666667,0.5,0.0,3.333333333333333,0.5,0.5555555555555556,0.6666666666666666,0.5882352941176471,0.0,5.0,5.0,0.0,5.0,0.0,0.0,0.0,0.0,0.0,0.0,0.0,0.0,0.0,5.0,0.0,0.0,5.0,0.0
2.2619047619047614,0.0,0.7766642806012884,0.5357142857142857,3.75,0.0,5.0,0.7857142857142856,3.333333333333333,0.0,5.0,0.4697209057398631,0.08933949006223646,2.2222222222222223,0.0,2.1428571428571423,0.0,3.333333333333333,1.6666666666666667,1.625,1.6666666666666667,3.333333333333333,1.125,2.2222222222222223,1.6666666666666665,2.3529411764705883,5.0,0.0,0.0,5.0,0.0,5.0,0.0,0.0,0.0,0.0,0.0,0.0,0.0,0.0,0.0,0.0,5.0,0.0,0.0
1.5476190476190474,0.0,3.435934144595562,4.107142857142857,2.5,3.333333333333333,0.0,4.7142857142857135,1.6666666666666667,1.25,0.0,1.5279094260136912,3.032322826741618,0.5555555555555556,0.0,2.8571428571428568,0.0,1.6666666666666667,0.0,1.25,1.6666666666666667,3.333333333333333,1.25,2.5,0.3333333333333333,2.3529411764705883,0.0,5.0,5.0,0.0,0.0,0.0,5.0,0.0,0.0,0.0,0.0,0.0,0.0,0.0,0.0,0.0,0.0,0.0,5.0
3.5714285714285707,0.0,2.1939871152469577,0.0,2.5,5.0,5.0,3.285714285714285,1.6666666666666667,5.0,5.0,4.5434439178515005,1.332864886568962,3.3333333333333335,0.0,0.35714285714285676,0.0,3.333333333333333,0.0,3.125,2.5,5.0,0.125,0.0,0.0,0.0,0.0,5.0,5.0,0.0,5.0,0.0,0.0,0.0,0.0,0.0,0.0,0.0,0.0,5.0,0.0,0.0,0.0,0.0,5.0
2.142857142857143,0.0,2.0544022906227632,0.0,2.5,3.333333333333333,0.0,0.3571428571428572,3.333333333333333,1.25,1.6666666666666667,1.1108478146392837,4.26962457337884,0.0,0.0,1.4285714285714288,0.0,0.0,1.6666666666666667,1.25,1.6666666666666667,3.333333333333333,1.125,1.9444444444444446,0.0,1.4705882352941178,0.0,5.0,5.0,0.0,0.0,0.0,0.0,5.0,0.0,0.0,0.0,0.0,5.0,0.0,0.0,0.0,0.0,5.0,0.0
2.2619047619047614,0.0,3.1317108088761634,0.0,2.5,5.0,0.0,1.8571428571428572,1.6666666666666667,1.25,5.0,1.4389152185360714,1.5794017265609317,0.5555555555555556,0.0,0.7142857142857144,0.0,1.6666666666666667,1.6666666666666667,1.75,1.6666666666666667,1.6666666666666667,1.75,2.2222222222222223,1.0,3.235294117647059,0.0,5.0,5.0,0.0,5.0,0.0,0.0,0.0,0.0,0.0,0.0,0.0,5.0,0.0,0.0,0.0,0.0,5.0,0.0
2.380952380952381,0.0,2.1474588403722263,0.0,3.75,0.0,0.0,2.0714285714285716,1.6666666666666667,1.25,5.0,2.0213270142180093,2.1754667737402125,2.2222222222222223,0.0,3.928571428571429,5.0,3.333333333333333,0.0,1.5,1.6666666666666667,5.0,1.0,0.8333333333333334,0.0,2.058823529411765,0.0,5.0,0.0,5.0,5.0,0.0,0.0,0.0,0.0,0.0,0.0,0.0,0.0,0.0,0.0,5.0,0.0,0.0,5.0
1.6666666666666665,0.0,0.05368647100930568,2.1428571428571432,3.75,1.6666666666666667,5.0,3.0714285714285716,3.333333333333333,1.25,5.0,0.8936282253817798,1.4366593053603696,1.1111111111111112,0.0,0.0,0.0,3.333333333333333,1.6666666666666667,1.0,2.5,1.6666666666666667,0.625,0.5555555555555556,0.0,0.8823529411764706,0.0,5.0,0.0,5.0,5.0,0.0,0.0,0.0,0.0,0.0,0.0,0.0,0.0,0.0,0.0,5.0,0.0,0.0,0.0
1.1904761904761902,0.0,2.702219040801718,1.6071428571428572,2.5,3.333333333333333,0.0,2.0714285714285716,3.333333333333333,1.25,3.333333333333333,0.6979989468141126,1.1674362577795625,1.6666666666666667,0.0,0.7142857142857144,0.0,5.0,0.0,1.25,3.3333333333333335,5.0,1.0,1.9444444444444446,0.3333333333333333,2.058823529411765,0.0,5.0,5.0,0.0,0.0,0.0,0.0,5.0,0.0,0.0,0.0,0.0,0.0,0.0,5.0,0.0,0.0,0.0,5.0
2.976190476190476,0.0,3.0601288475304225,4.821428571428571,2.5,1.6666666666666667,0.0,2.9999999999999996,5.0,0.0,3.333333333333333,0.9820958399157451,2.8098775346316,2.2222222222222223,0.0,0.35714285714285676,0.0,5.0,0.0,2.25,1.6666666666666667,3.333333333333333,0.375,0.5555555555555556,0.3333333333333333,0.5882352941176471,5.0,0.0,5.0,0.0,0.0,0.0,5.0,0.0,0.0,0.0,0.0,0.0,0.0,0.0,5.0,0.0,0.0,0.0,5.0
1.4285714285714284,0.0,4.878310665712241,0.0,2.5,5.0,5.0,2.357142857142857,3.333333333333333,0.0,1.6666666666666667,0.6766719325961033,1.4605500903433046,0.0,5.0,3.571428571428571,5.0,0.0,1.6666666666666667,1.5,1.6666666666666667,3.333333333333333,1.375,2.5,1.6666666666666665,2.058823529411765,0.0,5.0,5.0,0.0,0.0,0.0,5.0,0.0,0.0,0.0,0.0,0.0,0.0,0.0,5.0,0.0,0.0,5.0,0.0
1.7857142857142856,0.0,2.2190408017179672,2.857142857142857,2.5,5.0,5.0,0.5714285714285712,3.333333333333333,3.75,3.333333333333333,4.327277514481306,3.6930335274041353,0.5555555555555556,0.0,0.0,0.0,5.0,0.0,1.25,1.6666666666666667,3.333333333333333,1.25,2.2222222222222223,2.0,0.0,0.0,0.0,0.0,5.0,5.0,0.0,0.0,0.0,0.0,0.0,0.0,5.0,0.0,0.0,0.0,0.0,0.0,0.0,5.0
2.976190476190476,0.0,0.2684323550465283,1.25,2.5,0.0,0.0,1.7857142857142856,3.333333333333333,1.25,1.6666666666666667,0.9889415481832542,4.360570166633206,2.2222222222222223,0.0,3.571428571428571,5.0,3.333333333333333,1.6666666666666667,0.5,1.6666666666666667,5.0,0.125,0.0,0.0,0.0,0.0,5.0,5.0,0.0,5.0,0.0,0.0,0.0,0.0,0.0,0.0,0.0,5.0,0.0,0.0,0.0,0.0,0.0,0.0
2.857142857142857,0.0,1.2741589119541876,4.464285714285714,5.0,0.0,0.0,2.142857142857143,3.333333333333333,2.5,0.0,3.2074776197998944,4.253563541457538,1.6666666666666667,5.0,2.1428571428571423,0.0,3.333333333333333,0.0,2.5,5.0,3.333333333333333,0.125,0.0,0.0,0.0,5.0,0.0,5.0,0.0,0.0,0.0,5.0,0.0,0.0,0.0,0.0,0.0,0.0,5.0,0.0,0.0,0.0,5.0,0.0
2.2619047619047614,0.0,2.931281317108089,1.6071428571428572,2.5,3.333333333333333,0.0,4.857142857142858,3.333333333333333,0.0,0.0,0.6432332806740388,3.12567757478418,3.3333333333333335,0.0,3.2142857142857144,5.0,1.6666666666666667,1.6666666666666667,2.125,2.5,3.333333333333333,0.625,1.1111111111111112,0.0,0.8823529411764706,0.0,5.0,5.0,0.0,0.0,0.0,5.0,0.0,0.0,0.0,5.0,0.0,0.0,0.0,0.0,0.0,0.0,5.0,0.0
0.714285714285714,0.0,1.54974946313529,4.107142857142857,2.5,5.0,5.0,0.5714285714285712,3.333333333333333,0.0,5.0,0.36624539231174297,0.6898213210198756,0.0,0.0,0.7142857142857144,0.0,3.333333333333333,3.3333333333333335,0.375,2.5,3.333333333333333,0.25,0.5555555555555556,0.6666666666666666,0.29411764705882354,5.0,0.0,0.0,5.0,0.0,0.0,5.0,0.0,0.0,0.0,0.0,0.0,0.0,0.0,0.0,0.0,5.0,5.0,0.0
2.2619047619047614,0.0,3.439513242662849,4.285714285714286,5.0,1.6666666666666667,0.0,2.9999999999999996,3.333333333333333,1.25,3.333333333333333,0.9057398630858347,4.371009837382052,1.6666666666666667,5.0,1.4285714285714288,0.0,0.0,3.3333333333333335,1.875,1.6666666666666667,3.333333333333333,1.625,3.055555555555556,3.333333333333333,2.058823529411765,0.0,0.0,5.0,0.0,0.0,0.0,5.0,0.0,0.0,0.0,0.0,0.0,0.0,0.0,5.0,0.0,0.0,5.0,0.0
2.2619047619047614,0.0,1.632068718682892,0.17857142857142858,2.5,5.0,5.0,3.214285714285714,3.333333333333333,1.25,3.333333333333333,2.262506582411796,0.1838988154988958,2.2222222222222223,5.0,0.0,0.0,3.333333333333333,1.6666666666666667,2.125,2.5,1.6666666666666667,0.375,0.0,0.3333333333333333,0.0,0.0,5.0,0.0,5.0,0.0,5.0,0.0,0.0,0.0,0.0,0.0,0.0,0.0,0.0,0.0,5.0,0.0,5.0,0.0
2.619047619047619,0.0,4.627773801002148,4.464285714285714,2.5,1.6666666666666667,0.0,1.714285714285714,3.333333333333333,1.25,1.6666666666666667,1.2101105845181672,1.2868901826942383,0.5555555555555556,0.0,0.0,0.0,0.0,1.6666666666666667,2.5,1.6666666666666667,3.333333333333333,2.5,1.9444444444444446,0.6666666666666666,3.823529411764706,5.0,0.0,5.0,0.0,0.0,0.0,5.0,0.0,0.0,0.0,0.0,0.0,0.0,0.0,5.0,0.0,0.0,0.0,0.0
4.404761904761905,1.0,1.1954187544738726,0.17857142857142858,0.0,3.333333333333333,5.0,0.5,3.333333333333333,1.25,5.0,1.0929436545550288,3.8998193133908856,2.2222222222222223,0.0,1.7857142857142856,0.0,3.333333333333333,0.0,1.5,2.5,1.6666666666666667,1.125,1.9444444444444446,2.333333333333333,0.8823529411764706,0.0,5.0,0.0,5.0,0.0,0.0,5.0,0.0,0.0,0.0,0.0,0.0,0.0,0.0,0.0,5.0,0.0,0.0,5.0
1.9047619047619047,0.0,1.4495347172512527,2.5000000000000004,1.25,3.333333333333333,0.0,2.5714285714285716,3.333333333333333,1.25,0.0,1.3470247498683516,4.308171049989962,0.5555555555555556,0.0,0.35714285714285676,0.0,5.0,0.0,1.25,5.0,5.0,1.25,2.2222222222222223,3.0,1.7647058823529411,0.0,5.0,0.0,5.0,0.0,0.0,5.0,0.0,0.0,0.0,0.0,0.0,0.0,0.0,0.0,5.0,0.0,0.0,5.0
0.0,0.0,2.541159627773801,1.6071428571428572,2.5,5.0,0.0,2.785714285714285,1.6666666666666667,0.0,3.333333333333333,0.05028962611901,1.5318209194940775,0.5555555555555556,0.0,0.35714285714285676,0.0,0.0,0.0,0.0,1.6666666666666667,3.333333333333333,0.0,0.0,0.0,0.0,0.0,5.0,0.0,5.0,0.0,0.0,5.0,0.0,0.0,0.0,0.0,0.0,0.0,0.0,0.0,0.0,5.0,0.0,5.0
2.7380952380952377,0.0,0.8303507516105941,0.17857142857142858,3.75,5.0,5.0,4.142857142857142,3.333333333333333,3.75,1.6666666666666667,3.9510268562401265,2.770929532222445,0.5555555555555556,0.0,2.8571428571428568,0.0,1.6666666666666667,0.0,2.75,1.6666666666666667,3.333333333333333,2.75,2.7777777777777777,0.0,1.1764705882352942,0.0,5.0,0.0,5.0,5.0,0.0,0.0,0.0,0.0,0.0,0.0,5.0,0.0,0.0,0.0,0.0,0.0,0.0,5.0
3.0952380952380953,0.0,1.0057265569076592,0.0,5.0,0.0,0.0,3.4999999999999996,3.333333333333333,1.25,3.333333333333333,0.989731437598736,1.4430837181288898,3.8888888888888893,0.0,0.35714285714285676,0.0,3.333333333333333,1.6666666666666667,1.375,3.3333333333333335,1.6666666666666667,0.125,0.0,0.0,0.0,5.0,0.0,0.0,5.0,0.0,5.0,0.0,0.0,0.0,0.0,0.0,0.0,0.0,0.0,0.0,5.0,0.0,5.0,0.0
2.857142857142857,0.0,2.108088761632069,1.25,3.75,3.333333333333333,5.0,1.2857142857142856,3.333333333333333,1.25,1.6666666666666667,1.5313322801474458,3.830355350331259,0.0,0.0,0.0,0.0,5.0,1.6666666666666667,1.25,1.6666666666666667,3.333333333333333,1.125,1.9444444444444446,1.3333333333333333,0.5882352941176471,0.0,5.0,0.0,5.0,0.0,5.0,0.0,0.0,0.0,0.0,0.0,0.0,0.0,0.0,0.0,5.0,0.0,5.0,0.0
3.9285714285714284,0.0,0.7551896921975663,0.3571428571428571,2.5,5.0,0.0,4.857142857142858,3.333333333333333,3.75,1.6666666666666667,3.350447604002106,1.0234892591849027,1.6666666666666667,0.0,2.5,0.0,3.333333333333333,0.0,2.625,5.0,3.333333333333333,0.875,1.9444444444444446,0.3333333333333333,0.0,0.0,5.0,5.0,0.0,0.0,0.0,5.0,0.0,0.0,0.0,0.0,0.0,0.0,0.0,0.0,0.0,0.0,0.0,5.0
1.6666666666666665,1.0,1.478167501789549,0.0,2.5,5.0,5.0,2.285714285714285,1.6666666666666667,0.0,3.333333333333333,0.7164296998420221,1.5011041959445894,0.0,5.0,1.0714285714285712,0.0,5.0,0.0,0.5,1.6666666666666667,0.0,0.375,0.5555555555555556,0.3333333333333333,0.5882352941176471,0.0,5.0,5.0,0.0,5.0,0.0,0.0,0.0,0.0,0.0,5.0,0.0,0.0,0.0,0.0,0.0,0.0,0.0,5.0
1.5476190476190474,0.0,2.0973514674302076,1.0714285714285714,2.5,3.333333333333333,5.0,1.0,1.6666666666666667,2.5,5.0,2.7772511848341233,4.657096968480225,5.0,0.0,3.571428571428571,5.0,3.333333333333333,1.6666666666666667,1.25,2.5,1.6666666666666667,0.625,1.1111111111111112,0.0,0.29411764705882354,0.0,5.0,0.0,5.0,5.0,0.0,0.0,0.0,0.0,0.0,0.0,5.0,0.0,0.0,0.0,0.0,0.0,0.0,0.0
1.5476190476190474,0.0,2.6879026485325697,0.0,0.0,3.333333333333333,0.0,4.7142857142857135,3.333333333333333,1.25,0.0,0.826487625065824,1.8432041758682998,0.5555555555555556,0.0,0.35714285714285676,0.0,3.333333333333333,1.6666666666666667,0.5,0.8333333333333334,3.333333333333333,0.5,0.8333333333333334,0.0,0.8823529411764706,5.0,0.0,5.0,0.0,5.0,0.0,0.0,0.0,0.0,0.0,0.0,0.0,5.0,0.0,0.0,0.0,0.0,5.0,0.0
1.4285714285714284,1.0,0.025053686471009307,0.7142857142857143,2.5,1.6666666666666667,0.0,2.142857142857143,3.333333333333333,0.0,1.6666666666666667,0.3720379146919431,4.744228066653283,0.0,0.0,2.1428571428571423,0.0,0.0,0.0,0.5,2.5,3.333333333333333,0.375,0.5555555555555556,0.3333333333333333,0.5882352941176471,5.0,0.0,5.0,0.0,0.0,0.0,5.0,0.0,0.0,0.0,5.0,0.0,0.0,0.0,0.0,0.0,0.0,0.0,5.0
2.142857142857143,0.0,0.8124552612741589,0.17857142857142858,2.5,5.0,0.0,4.7142857142857135,3.333333333333333,0.0,3.333333333333333,0.40389678778304366,1.962256574984943,2.2222222222222223,0.0,0.7142857142857144,0.0,1.6666666666666667,1.6666666666666667,0.75,2.5,3.333333333333333,0.25,0.5555555555555556,0.6666666666666666,0.5882352941176471,0.0,5.0,5.0,0.0,5.0,0.0,0.0,0.0,0.0,0.0,0.0,0.0,0.0,0.0,5.0,0.0,0.0,5.0,0.0
1.1904761904761902,0.0,2.838224767358626,2.5000000000000004,1.25,0.0,5.0,1.4285714285714284,3.333333333333333,0.0,3.333333333333333,0.31542917324907843,4.0931539851435454,0.5555555555555556,0.0,1.7857142857142856,0.0,5.0,1.6666666666666667,0.5,4.166666666666667,1.6666666666666667,0.5,0.5555555555555556,0.6666666666666666,0.5882352941176471,0.0,5.0,5.0,0.0,5.0,0.0,0.0,0.0,0.0,0.0,5.0,0.0,0.0,0.0,0.0,0.0,0.0,0.0,0.0
1.4285714285714284,0.0,3.8439513242662846,3.3928571428571432,2.5,3.333333333333333,5.0,3.9285714285714284,3.333333333333333,1.25,0.0,2.355976829910479,1.4057418189118651,0.0,0.0,1.4285714285714288,0.0,3.333333333333333,1.6666666666666667,0.875,0.8333333333333334,1.6666666666666667,0.75,0.5555555555555556,0.0,0.5882352941176471,0.0,5.0,5.0,0.0,0.0,0.0,0.0,5.0,0.0,0.0,0.0,0.0,5.0,0.0,0.0,0.0,0.0,5.0,0.0
2.0238095238095233,0.0,2.8203292770221906,0.17857142857142858,2.5,5.0,0.0,4.785714285714285,3.333333333333333,0.0,5.0,0.2646129541864139,1.5243926922304758,0.5555555555555556,0.0,0.7142857142857144,0.0,0.0,0.0,0.25,2.5,3.333333333333333,0.25,0.5555555555555556,0.6666666666666666,0.5882352941176471,0.0,5.0,0.0,5.0,0.0,5.0,0.0,0.0,0.0,0.0,0.0,0.0,0.0,0.0,0.0,0.0,5.0,5.0,0.0
4.880952380952381,0.0,4.749463135289907,3.035714285714286,3.75,5.0,5.0,2.642857142857143,3.333333333333333,2.5,5.0,2.502106371774618,3.5952619955832157,3.3333333333333335,0.0,0.35714285714285676,0.0,5.0,0.0,3.125,5.0,1.6666666666666667,1.125,1.9444444444444446,1.6666666666666665,1.1764705882352942,0.0,5.0,5.0,0.0,0.0,0.0,5.0,0.0,0.0,0.0,0.0,0.0,5.0,0.0,0.0,0.0,0.0,0.0,5.0
2.4999999999999996,0.0,4.949892627057982,4.285714285714286,1.25,3.333333333333333,5.0,2.9285714285714284,3.333333333333333,2.5,3.333333333333333,2.6095313322801474,0.2720337281670347,1.6666666666666667,0.0,3.571428571428571,5.0,1.6666666666666667,1.6666666666666667,1.625,1.6666666666666667,3.333333333333333,0.75,1.1111111111111112,0.0,1.4705882352941178,0.0,0.0,5.0,0.0,5.0,0.0,0.0,0.0,0.0,0.0,0.0,0.0,0.0,0.0,0.0,0.0,0.0,5.0,0.0
1.3095238095238093,0.0,1.216893342877595,0.17857142857142858,1.25,1.6666666666666667,5.0,1.0,3.333333333333333,1.25,5.0,0.9333859926276986,3.6470588235294112,0.5555555555555556,0.0,2.5,0.0,0.0,0.0,1.25,2.5,1.6666666666666667,1.25,1.9444444444444446,0.0,2.6470588235294117,5.0,0.0,0.0,5.0,5.0,0.0,0.0,0.0,0.0,0.0,0.0,0.0,0.0,0.0,0.0,5.0,0.0,0.0,5.0
1.9047619047619047,1.0,3.171080887616321,3.9285714285714293,2.5,1.6666666666666667,0.0,0.9285714285714284,3.333333333333333,2.5,0.0,2.3541337546076884,1.8950010038144953,5.0,5.0,1.4285714285714288,0.0,3.333333333333333,5.0,1.375,1.6666666666666667,3.333333333333333,0.375,0.5555555555555556,0.0,0.5882352941176471,5.0,0.0,0.0,0.0,0.0,0.0,0.0,0.0,0.0,5.0,0.0,0.0,0.0,0.0,0.0,0.0,0.0,0.0,0.0
2.142857142857143,0.0,1.4459556191839658,0.3571428571428571,2.5,3.333333333333333,5.0,0.0,3.333333333333333,1.25,1.6666666666666667,0.9152185360716165,4.856655290102389,2.2222222222222223,0.0,0.35714285714285676,0.0,5.0,0.0,1.25,1.6666666666666667,3.333333333333333,1.0,0.0,2.333333333333333,2.058823529411765,0.0,5.0,5.0,0.0,0.0,0.0,0.0,0.0,5.0,0.0,0.0,0.0,0.0,0.0,5.0,0.0,0.0,0.0,5.0
1.4285714285714284,0.0,0.35433070866141736,0.7142857142857143,2.5,5.0,0.0,3.857142857142857,3.333333333333333,0.0,0.0,0.5779357556608742,1.6705480827143144,2.7777777777777777,0.0,1.0714285714285712,0.0,5.0,1.6666666666666667,1.0,2.5,3.333333333333333,0.375,0.5555555555555556,0.6666666666666666,0.5882352941176471,0.0,5.0,5.0,0.0,0.0,0.0,0.0,0.0,5.0,0.0,0.0,0.0,0.0,0.0,5.0,0.0,0.0,0.0,0.0
1.0714285714285712,0.0,0.5977093772369363,0.7142857142857143,0.0,3.333333333333333,5.0,0.8571428571428572,1.6666666666666667,2.5,5.0,3.1066350710900474,1.3547480425617346,0.5555555555555556,5.0,1.7857142857142856,0.0,1.6666666666666667,1.6666666666666667,1.125,2.5,3.333333333333333,1.125,2.2222222222222223,0.0,2.3529411764705883,0.0,5.0,5.0,0.0,0.0,0.0,0.0,0.0,5.0,0.0,0.0,0.0,0.0,5.0,0.0,0.0,0.0,0.0,0.0
2.976190476190476,0.0,3.217609162491052,1.0714285714285714,2.5,3.333333333333333,0.0,0.9285714285714284,3.333333333333333,2.5,0.0,2.363349131121643,1.4390684601485646,4.444444444444445,0.0,1.7857142857142856,0.0,0.0,1.6666666666666667,1.25,0.8333333333333334,1.6666666666666667,0.125,0.0,0.0,0.0,0.0,5.0,5.0,0.0,5.0,0.0,0.0,0.0,0.0,0.0,0.0,0.0,0.0,0.0,0.0,0.0,0.0,5.0,0.0
2.380952380952381,0.0,0.8625626342161776,2.5000000000000004,1.25,3.333333333333333,5.0,4.428571428571429,1.6666666666666667,2.5,5.0,2.764876250658241,2.7279662718329654,0.0,5.0,1.0714285714285712,0.0,1.6666666666666667,1.6666666666666667,1.5,2.5,3.333333333333333,1.375,2.7777777777777777,0.6666666666666666,2.6470588235294117,0.0,5.0,5.0,0.0,5.0,0.0,0.0,0.0,0.0,0.0,0.0,0.0,0.0,5.0,0.0,0.0,0.0,0.0,0.0
1.5476190476190474,0.0,2.4731567644953474,3.3928571428571432,2.5,3.333333333333333,5.0,2.642857142857143,5.0,0.0,5.0,0.46919431279620855,3.9925717727363983,0.0,0.0,0.35714285714285676,0.0,0.0,1.6666666666666667,0.375,3.3333333333333335,3.333333333333333,0.25,0.5555555555555556,0.6666666666666666,0.5882352941176471,5.0,0.0,0.0,5.0,5.0,0.0,0.0,0.0,0.0,0.0,0.0,0.0,0.0,0.0,0.0,0.0,5.0,5.0,0.0
1.4285714285714284,0.0,1.4280601288475305,4.642857142857142,5.0,3.333333333333333,5.0,4.928571428571429,3.333333333333333,1.25,5.0,1.1308583464981568,4.653884762095965,3.8888888888888893,0.0,4.2857142857142865,5.0,5.0,1.6666666666666667,1.25,1.6666666666666667,1.6666666666666667,1.0,1.9444444444444446,2.333333333333333,2.058823529411765,0.0,5.0,0.0,5.0,0.0,5.0,0.0,0.0,0.0,0.0,0.0,0.0,0.0,0.0,0.0,5.0,0.0,0.0,0.0
3.0952380952380953,0.0,4.817465998568361,4.821428571428571,2.5,5.0,0.0,1.6428571428571428,5.0,3.75,5.0,3.2414428646656135,1.9359566352138124,1.6666666666666667,5.0,2.5,0.0,3.333333333333333,1.6666666666666667,2.875,1.6666666666666667,3.333333333333333,1.5,3.055555555555556,3.6666666666666665,3.235294117647059,0.0,5.0,0.0,5.0,0.0,0.0,5.0,0.0,0.0,0.0,0.0,0.0,0.0,0.0,0.0,5.0,0.0,5.0,0.0
0.5952380952380953,0.0,1.9613457408733002,1.4285714285714286,0.0,1.6666666666666667,5.0,0.5,3.333333333333333,0.0,0.0,0.39257503949447076,0.4517165227865891,0.5555555555555556,0.0,1.0714285714285712,0.0,5.0,1.6666666666666667,0.625,1.6666666666666667,5.0,0.5,0.8333333333333334,0.0,0.5882352941176471,0.0,5.0,5.0,0.0,0.0,0.0,5.0,0.0,0.0,0.0,5.0,0.0,0.0,0.0,0.0,0.0,0.0,5.0,0.0
0.3571428571428572,1.0,4.409448818897638,1.6071428571428572,2.5,3.333333333333333,0.0,0.4285714285714284,1.6666666666666667,0.0,0.0,0.10716166403370198,3.044368600682594,0.5555555555555556,0.0,0.7142857142857144,0.0,0.0,0.0,0.125,5.0,1.6666666666666667,0.125,0.0,0.3333333333333333,0.0,0.0,5.0,5.0,0.0,5.0,0.0,0.0,0.0,0.0,0.0,5.0,0.0,0.0,0.0,0.0,0.0,0.0,0.0,5.0
1.5476190476190474,0.0,4.008589835361489,1.7857142857142858,3.75,5.0,5.0,1.2857142857142856,3.333333333333333,0.0,5.0,0.35466034755134285,2.565147560730777,1.6666666666666667,5.0,2.8571428571428568,0.0,1.6666666666666667,1.6666666666666667,1.0,1.6666666666666667,3.333333333333333,0.75,1.1111111111111112,0.0,0.5882352941176471,0.0,5.0,5.0,0.0,5.0,0.0,0.0,0.0,0.0,0.0,0.0,0.0,0.0,0.0,5.0,0.0,0.0,5.0,0.0
3.3333333333333335,1.0,0.984251968503937,1.4285714285714286,2.5,0.0,5.0,1.5714285714285712,3.333333333333333,2.5,5.0,2.3925750394944707,2.7889981931339087,2.2222222222222223,0.0,0.0,0.0,0.0,1.6666666666666667,3.5,0.8333333333333334,5.0,0.875,1.9444444444444446,1.3333333333333333,0.8823529411764706,0.0,5.0,0.0,5.0,0.0,5.0,0.0,0.0,0.0,0.0,0.0,0.0,0.0,0.0,0.0,5.0,0.0,0.0,0.0
4.166666666666666,0.0,0.8732999284180387,0.8928571428571428,2.5,5.0,5.0,3.9999999999999996,3.333333333333333,1.25,5.0,0.3794102159031069,1.7717325838185103,1.1111111111111112,0.0,2.1428571428571423,0.0,5.0,0.0,2.375,3.3333333333333335,3.333333333333333,0.25,0.5555555555555556,0.6666666666666666,0.5882352941176471,0.0,5.0,5.0,0.0,5.0,0.0,0.0,0.0,0.0,0.0,5.0,0.0,0.0,0.0,0.0,0.0,0.0,0.0,5.0
3.6904761904761902,0.0,4.710093056549749,0.0,2.5,3.333333333333333,0.0,0.4285714285714284,3.333333333333333,0.0,0.0,0.6769352290679305,1.6984541256775747,1.1111111111111112,0.0,1.7857142857142856,0.0,1.6666666666666667,1.6666666666666667,0.875,1.6666666666666667,3.333333333333333,0.5,0.5555555555555556,0.0,0.5882352941176471,0.0,5.0,5.0,0.0,0.0,0.0,0.0,0.0,5.0,0.0,0.0,0.0,0.0,0.0,5.0,0.0,0.0,5.0,0.0
3.3333333333333335,0.0,3.2247673586256265,1.25,3.75,5.0,0.0,3.142857142857143,1.6666666666666667,1.25,0.0,0.9494470774091626,3.801445492872917,4.444444444444445,5.0,4.2857142857142865,5.0,0.0,5.0,2.375,1.6666666666666667,3.333333333333333,2.0,3.611111111111111,0.3333333333333333,2.058823529411765,0.0,5.0,5.0,0.0,5.0,0.0,0.0,0.0,0.0,0.0,0.0,0.0,0.0,0.0,5.0,0.0,0.0,0.0,0.0
1.5476190476190474,0.0,0.13600572655690768,1.9642857142857142,0.0,3.333333333333333,0.0,4.642857142857142,3.333333333333333,0.0,5.0,0.7688256977356502,0.9817305761895203,4.444444444444445,5.0,4.2857142857142865,5.0,3.333333333333333,1.6666666666666667,0.875,0.0,3.333333333333333,0.5,0.5555555555555556,0.0,0.5882352941176471,0.0,5.0,5.0,0.0,0.0,0.0,5.0,0.0,0.0,0.0,0.0,0.0,0.0,0.0,5.0,0.0,0.0,5.0,0.0
4.761904761904761,0.0,3.4108804581245526,0.0,2.5,5.0,0.0,3.285714285714285,3.333333333333333,5.0,0.0,4.921537651395471,4.087934149769122,1.6666666666666667,5.0,3.571428571428571,5.0,3.333333333333333,1.6666666666666667,4.0,2.5,3.333333333333333,1.125,2.2222222222222223,0.3333333333333333,1.4705882352941178,0.0,5.0,5.0,0.0,0.0,0.0,5.0,0.0,0.0,0.0,0.0,0.0,0.0,5.0,0.0,0.0,0.0,5.0,0.0
1.9047619047619047,0.0,3.446671438797423,3.9285714285714293,3.75,1.6666666666666667,5.0,2.9999999999999996,3.333333333333333,1.25,3.333333333333333,0.9370721432332805,1.594057418189119,0.0,0.0,3.2142857142857144,5.0,3.333333333333333,0.0,1.25,1.6666666666666667,3.333333333333333,1.125,1.3888888888888888,2.6666666666666665,2.058823529411765,0.0,0.0,0.0,5.0,0.0,5.0,0.0,0.0,0.0,0.0,0.0,0.0,0.0,0.0,0.0,5.0,0.0,0.0,5.0
2.0238095238095233,0.0,2.0114531138153184,0.0,2.5,1.6666666666666667,5.0,3.4999999999999996,3.333333333333333,0.0,0.0,0.3120063191153239,0.7576791808873722,2.2222222222222223,0.0,0.7142857142857144,0.0,5.0,1.6666666666666667,0.625,1.6666666666666667,1.6666666666666667,0.375,0.5555555555555556,0.3333333333333333,0.5882352941176471,5.0,0.0,5.0,0.0,0.0,0.0,5.0,0.0,0.0,0.0,0.0,0.0,0.0,0.0,5.0,0.0,0.0,5.0,0.0
1.6666666666666665,0.0,0.8303507516105941,0.7142857142857143,1.25,0.0,5.0,3.5714285714285707,5.0,0.0,1.6666666666666667,0.6026856240126381,2.6016864083517364,0.0,5.0,0.35714285714285676,0.0,5.0,3.3333333333333335,0.875,4.166666666666667,1.6666666666666667,0.75,0.5555555555555556,0.0,1.4705882352941178,0.0,5.0,5.0,0.0,5.0,0.0,0.0,0.0,0.0,0.0,0.0,0.0,0.0,0.0,5.0,0.0,0.0,0.0,0.0
2.0238095238095233,0.0,0.15032211882605584,3.7500000000000004,2.5,5.0,5.0,1.1428571428571428,0.0,0.0,3.333333333333333,0.8480779357556607,3.4392692230475808,0.0,0.0,1.4285714285714288,0.0,3.333333333333333,0.0,0.75,1.6666666666666667,3.333333333333333,0.625,1.1111111111111112,1.3333333333333333,0.8823529411764706,0.0,5.0,5.0,0.0,5.0,0.0,0.0,0.0,0.0,0.0,5.0,0.0,0.0,0.0,0.0,0.0,0.0,0.0,5.0
0.11904761904761907,0.0,0.5833929849677881,4.285714285714286,2.5,1.6666666666666667,0.0,1.9285714285714284,5.0,0.0,5.0,0.5226434965771458,3.839991969484039,0.5555555555555556,5.0,0.35714285714285676,0.0,5.0,0.0,0.125,1.6666666666666667,3.333333333333333,0.125,0.0,0.0,0.29411764705882354,0.0,5.0,5.0,0.0,5.0,0.0,0.0,0.0,0.0,0.0,0.0,0.0,0.0,0.0,5.0,0.0,0.0,0.0,5.0
1.1904761904761902,0.0,2.7344309234073014,0.7142857142857143,2.5,5.0,5.0,3.857142857142857,3.333333333333333,1.25,0.0,1.9626119010005263,4.295522987351937,0.0,0.0,2.5,0.0,5.0,0.0,0.75,3.3333333333333335,3.333333333333333,0.625,1.1111111111111112,0.3333333333333333,0.8823529411764706,0.0,5.0,0.0,5.0,0.0,0.0,5.0,0.0,0.0,0.0,0.0,0.0,0.0,0.0,0.0,5.0,0.0,0.0,5.0
1.6666666666666665,1.0,3.375089477451682,0.5357142857142857,3.75,5.0,5.0,0.1428571428571428,0.0,2.5,5.0,2.4726171669299633,4.761694438867697,0.5555555555555556,0.0,0.0,0.0,3.333333333333333,0.0,1.75,1.6666666666666667,1.6666666666666667,1.75,2.2222222222222223,3.0,2.3529411764705883,0.0,5.0,0.0,5.0,0.0,0.0,5.0,0.0,0.0,0.0,0.0,0.0,0.0,0.0,0.0,5.0,0.0,5.0,0.0
2.976190476190476,0.0,1.145311381531854,0.0,2.5,5.0,0.0,0.2142857142857144,3.333333333333333,1.25,5.0,1.1987888362295944,3.952619955832162,2.2222222222222223,0.0,0.7142857142857144,0.0,1.6666666666666667,1.6666666666666667,1.5,1.6666666666666667,1.6666666666666667,0.625,0.5555555555555556,0.6666666666666666,0.5882352941176471,5.0,0.0,5.0,0.0,5.0,0.0,0.0,0.0,0.0,0.0,0.0,0.0,0.0,0.0,0.0,0.0,0.0,5.0,0.0
2.2619047619047614,0.0,0.9484609878310666,4.285714285714286,1.25,3.333333333333333,0.0,1.5714285714285712,1.6666666666666667,1.25,5.0,1.2432859399684042,3.026902228468179,3.8888888888888893,0.0,0.7142857142857144,0.0,3.333333333333333,3.3333333333333335,1.125,1.6666666666666667,3.333333333333333,0.75,0.5555555555555556,0.3333333333333333,0.8823529411764706,0.0,5.0,5.0,0.0,0.0,0.0,5.0,0.0,0.0,0.0,0.0,0.0,0.0,0.0,0.0,0.0,0.0,0.0,0.0
2.380952380952381,0.0,4.148174659985684,0.17857142857142858,3.75,5.0,5.0,4.142857142857142,3.333333333333333,1.25,3.333333333333333,1.4597156398104263,1.0369403734189921,5.0,0.0,1.0714285714285712,0.0,1.6666666666666667,0.0,1.75,2.5,3.333333333333333,0.125,0.0,0.0,0.0,0.0,5.0,5.0,0.0,5.0,0.0,0.0,0.0,0.0,0.0,0.0,0.0,5.0,0.0,0.0,0.0,0.0,5.0,0.0
1.4285714285714284,0.0,4.073013600572656,1.4285714285714286,2.5,3.333333333333333,5.0,1.2857142857142856,3.333333333333333,1.25,5.0,1.4054765666140072,2.38666934350532,0.0,5.0,2.8571428571428568,0.0,5.0,0.0,1.5,1.6666666666666667,0.0,1.375,2.5,1.3333333333333333,2.058823529411765,0.0,5.0,0.0,0.0,0.0,0.0,0.0,0.0,0.0,5.0,0.0,0.0,0.0,0.0,0.0,0.0,0.0,5.0,0.0
4.166666666666666,0.0,4.774516821760916,0.8928571428571428,1.25,1.6666666666666667,5.0,0.2857142857142856,3.333333333333333,1.25,3.333333333333333,0.3414955239599789,2.8012447299739005,1.1111111111111112,5.0,3.2142857142857144,5.0,5.0,1.6666666666666667,1.625,2.5,0.0,0.875,1.9444444444444446,1.3333333333333333,1.4705882352941178,0.0,5.0,0.0,5.0,0.0,5.0,0.0,0.0,0.0,0.0,0.0,0.0,0.0,0.0,0.0,0.0,5.0,5.0,0.0
2.857142857142857,0.0,1.9076592698639945,0.0,0.0,1.6666666666666667,5.0,4.928571428571429,3.333333333333333,1.25,3.333333333333333,1.0263296471827277,4.504717928126882,0.5555555555555556,0.0,5.0,5.0,3.333333333333333,0.0,2.5,2.5,3.333333333333333,2.5,4.444444444444445,3.6666666666666665,1.7647058823529411,0.0,5.0,0.0,5.0,5.0,0.0,0.0,0.0,0.0,0.0,0.0,0.0,0.0,0.0,0.0,5.0,0.0,5.0,0.0
1.4285714285714284,0.0,0.2075876879026486,0.3571428571428571,2.5,3.333333333333333,0.0,2.9285714285714284,3.333333333333333,0.0,3.333333333333333,0.2827804107424961,4.127484440875326,0.5555555555555556,0.0,3.2142857142857144,5.0,3.333333333333333,1.6666666666666667,0.125,1.6666666666666667,3.333333333333333,0.125,0.0,0.0,0.0,5.0,0.0,5.0,0.0,0.0,0.0,5.0,0.0,0.0,0.0,0.0,0.0,0.0,0.0,5.0,0.0,0.0,0.0,0.0
0.833333333333333,1.0,2.7380100214745884,3.2142857142857144,1.25,3.333333333333333,5.0,0.4285714285714284,1.6666666666666667,0.0,1.6666666666666667,0.3696682464454976,3.353543465167637,0.5555555555555556,5.0,2.5,0.0,3.333333333333333,5.0,0.125,1.6666666666666667,3.333333333333333,0.125,0.0,0.0,0.0,0.0,5.0,0.0,5.0,0.0,5.0,0.0,0.0,0.0,0.0,0.0,0.0,0.0,0.0,0.0,0.0,5.0,5.0,0.0
4.166666666666666,0.0,1.23478883321403,0.17857142857142858,2.5,5.0,5.0,0.6428571428571428,5.0,3.75,1.6666666666666667,4.104528699315429,3.547480425617346,2.2222222222222223,0.0,0.35714285714285676,0.0,1.6666666666666667,0.0,4.375,1.6666666666666667,1.6666666666666667,1.125,2.2222222222222223,2.6666666666666665,2.3529411764705883,0.0,5.0,5.0,0.0,0.0,0.0,5.0,0.0,0.0,0.0,0.0,0.0,0.0,5.0,0.0,0.0,0.0,0.0,5.0
1.3095238095238093,0.0,3.5361488904795992,1.6071428571428572,2.5,5.0,5.0,3.785714285714285,3.333333333333333,0.0,1.6666666666666667,0.33912585571353343,3.186709496085123,0.5555555555555556,0.0,1.0714285714285712,0.0,5.0,3.3333333333333335,0.25,1.6666666666666667,3.333333333333333,0.25,0.5555555555555556,0.6666666666666666,0.5882352941176471,0.0,5.0,0.0,5.0,0.0,5.0,0.0,0.0,0.0,0.0,0.0,0.0,0.0,0.0,0.0,0.0,5.0,0.0,0.0
2.857142857142857,1.0,1.3564781675017896,1.9642857142857142,2.5,3.333333333333333,5.0,1.0,3.333333333333333,3.75,0.0,3.356766719325961,0.07086930335274044,0.0,5.0,0.35714285714285676,0.0,1.6666666666666667,0.0,2.75,1.6666666666666667,1.6666666666666667,2.625,2.5,4.333333333333333,4.11764705882353,5.0,0.0,0.0,5.0,5.0,0.0,0.0,0.0,0.0,0.0,0.0,0.0,0.0,0.0,0.0,5.0,0.0,0.0,5.0
1.9047619047619047,0.0,2.1474588403722263,2.678571428571429,3.75,3.333333333333333,0.0,5.0,1.6666666666666667,0.0,5.0,0.40652975250131645,1.2471391286890183,0.5555555555555556,0.0,1.7857142857142856,0.0,3.333333333333333,0.0,0.75,2.5,3.333333333333333,0.625,0.5555555555555556,0.3333333333333333,0.8823529411764706,5.0,0.0,5.0,0.0,5.0,0.0,0.0,0.0,0.0,0.0,0.0,0.0,0.0,0.0,5.0,0.0,0.0,0.0,5.0
1.1904761904761902,0.0,3.818897637795276,1.25,1.25,1.6666666666666667,5.0,2.357142857142857,1.6666666666666667,0.0,5.0,1.0339652448657186,4.390885364384662,0.5555555555555556,0.0,0.7142857142857144,0.0,5.0,1.6666666666666667,0.75,5.0,3.333333333333333,0.625,0.2777777777777778,0.0,1.1764705882352942,0.0,5.0,0.0,0.0,0.0,0.0,5.0,0.0,0.0,5.0,0.0,0.0,0.0,0.0,0.0,0.0,0.0,0.0,0.0
2.976190476190476,0.0,3.335719398711525,2.678571428571429,2.5,5.0,0.0,3.5714285714285707,3.333333333333333,3.75,5.0,3.9639283833596632,1.1343103794418792,2.7777777777777777,5.0,3.928571428571429,5.0,3.333333333333333,1.6666666666666667,2.75,2.5,3.333333333333333,2.125,3.611111111111111,0.3333333333333333,2.6470588235294117,0.0,5.0,0.0,5.0,0.0,5.0,0.0,0.0,0.0,0.0,0.0,5.0,0.0,0.0,0.0,0.0,0.0,5.0,0.0
2.2619047619047614,0.0,0.4509663564781675,0.8928571428571428,3.75,3.333333333333333,5.0,4.857142857142858,3.333333333333333,1.25,5.0,1.4462875197472351,4.162015659506123,2.2222222222222223,0.0,1.0714285714285712,0.0,1.6666666666666667,1.6666666666666667,0.875,4.166666666666667,5.0,0.625,1.1111111111111112,0.0,0.29411764705882354,0.0,5.0,0.0,5.0,0.0,0.0,5.0,0.0,0.0,0.0,0.0,0.0,0.0,0.0,0.0,5.0,0.0,5.0,0.0
3.0952380952380953,0.0,3.614889047959914,0.0,3.75,0.0,0.0,1.4285714285714284,1.6666666666666667,1.25,3.333333333333333,1.3101632438125328,4.978919895603292,2.2222222222222223,0.0,0.0,0.0,1.6666666666666667,0.0,1.25,0.8333333333333334,5.0,0.25,0.5555555555555556,0.0,0.5882352941176471,0.0,5.0,0.0,0.0,5.0,0.0,0.0,0.0,0.0,5.0,0.0,0.0,0.0,0.0,0.0,0.0,0.0,0.0,5.0
1.9047619047619047,0.0,3.210450966356478,4.464285714285714,0.0,0.0,0.0,4.428571428571429,1.6666666666666667,0.0,3.333333333333333,0.2685624012638231,2.769925717727364,0.5555555555555556,0.0,3.2142857142857144,5.0,3.333333333333333,5.0,0.625,1.6666666666666667,3.333333333333333,0.625,1.1111111111111112,0.0,0.0,0.0,0.0,5.0,0.0,0.0,0.0,0.0,0.0,5.0,0.0,0.0,0.0,0.0,0.0,5.0,0.0,0.0,0.0,0.0
1.1904761904761902,0.0,0.7229778095919828,1.4285714285714286,3.75,1.6666666666666667,5.0,4.428571428571429,3.333333333333333,1.25,5.0,1.1174302264349656,3.74543264404738,0.5555555555555556,0.0,1.7857142857142856,0.0,5.0,0.0,0.875,0.8333333333333334,3.333333333333333,0.875,1.3888888888888888,0.0,2.058823529411765,0.0,5.0,0.0,5.0,5.0,0.0,0.0,0.0,0.0,0.0,0.0,0.0,0.0,0.0,0.0,5.0,0.0,0.0,5.0
2.619047619047619,0.0,0.7086614173228347,4.464285714285714,2.5,3.333333333333333,5.0,3.142857142857143,3.333333333333333,1.25,0.0,1.9449710373880988,4.039951816904236,0.5555555555555556,0.0,1.0714285714285712,0.0,1.6666666666666667,1.6666666666666667,1.0,2.5,1.6666666666666667,0.875,1.9444444444444446,2.333333333333333,1.4705882352941178,0.0,5.0,0.0,5.0,0.0,5.0,0.0,0.0,0.0,0.0,0.0,0.0,0.0,0.0,0.0,5.0,0.0,5.0,0.0
1.9047619047619047,0.0,3.611309949892627,1.25,1.25,3.333333333333333,0.0,4.5,3.333333333333333,1.25,0.0,1.4457609268035807,2.250752860871311,2.7777777777777777,0.0,2.1428571428571423,0.0,1.6666666666666667,1.6666666666666667,0.75,0.8333333333333334,3.333333333333333,0.375,0.5555555555555556,0.3333333333333333,0.5882352941176471,0.0,5.0,0.0,5.0,5.0,0.0,0.0,0.0,0.0,0.0,0.0,0.0,0.0,0.0,0.0,5.0,0.0,5.0,0.0
3.0952380952380953,0.0,1.871868289191124,0.5357142857142857,2.5,5.0,5.0,1.4285714285714284,3.333333333333333,1.25,1.6666666666666667,1.2964718272775144,0.6229672756474605,5.0,0.0,0.35714285714285676,0.0,5.0,0.0,1.25,1.6666666666666667,1.6666666666666667,0.625,0.5555555555555556,0.6666666666666666,0.8823529411764706,0.0,5.0,5.0,0.0,0.0,0.0,5.0,0.0,0.0,0.0,0.0,0.0,0.0,0.0,0.0,0.0,0.0,0.0,5.0
0.833333333333333,0.0,0.2791696492483894,0.17857142857142858,0.0,0.0,5.0,2.4999999999999996,5.0,0.0,0.0,0.6358609794628751,3.9225055209797226,3.8888888888888893,0.0,0.7142857142857144,0.0,3.333333333333333,0.0,0.75,2.5,1.6666666666666667,0.5,0.8333333333333334,0.0,0.29411764705882354,0.0,5.0,5.0,0.0,0.0,0.0,5.0,0.0,0.0,0.0,0.0,0.0,0.0,0.0,5.0,0.0,0.0,0.0,5.0
1.9047619047619047,1.0,2.136721546170365,0.8928571428571428,0.0,1.6666666666666667,5.0,3.785714285714285,3.333333333333333,0.0,0.0,0.5136914165350184,3.013049588436057,1.1111111111111112,0.0,0.0,0.0,3.333333333333333,0.0,1.0,1.6666666666666667,3.333333333333333,0.5,0.5555555555555556,0.3333333333333333,0.8823529411764706,0.0,5.0,5.0,0.0,0.0,0.0,5.0,0.0,0.0,0.0,0.0,0.0,0.0,0.0,5.0,0.0,0.0,0.0,5.0
5.0,0.0,1.145311381531854,1.0714285714285714,2.5,0.0,0.0,0.7857142857142856,3.333333333333333,5.0,0.0,4.885992627698789,0.3533427022686208,2.7777777777777777,0.0,0.0,0.0,5.0,0.0,4.125,4.166666666666667,0.0,3.625,2.2222222222222223,3.6666666666666665,2.9411764705882355,0.0,5.0,5.0,0.0,5.0,0.0,0.0,0.0,0.0,0.0,0.0,5.0,0.0,0.0,0.0,0.0,0.0,5.0,0.0
1.6666666666666665,0.0,1.7859699355762348,1.0714285714285714,5.0,5.0,5.0,4.785714285714285,3.333333333333333,1.25,5.0,2.157714586624539,4.266010841196547,2.2222222222222223,0.0,0.35714285714285676,0.0,3.333333333333333,1.6666666666666667,0.875,2.5,1.6666666666666667,0.5,0.8333333333333334,0.0,0.8823529411764706,0.0,5.0,0.0,5.0,0.0,5.0,0.0,0.0,0.0,0.0,0.0,0.0,0.0,0.0,0.0,5.0,0.0,5.0,0.0
2.142857142857143,0.0,0.3078024337866858,1.0714285714285714,3.75,1.6666666666666667,5.0,2.4999999999999996,3.333333333333333,0.0,5.0,0.9660347551342812,4.255972696245734,1.1111111111111112,0.0,2.5,0.0,3.333333333333333,0.0,1.0,5.0,3.333333333333333,0.75,0.5555555555555556,0.0,0.29411764705882354,0.0,5.0,5.0,0.0,0.0,0.0,0.0,5.0,0.0,0.0,0.0,0.0,0.0,0.0,5.0,0.0,0.0,0.0,5.0
1.6666666666666665,0.0,3.604151753758053,5.0,3.75,5.0,0.0,2.785714285714285,3.333333333333333,0.0,3.333333333333333,0.7941021590310688,1.8150973700060231,5.0,0.0,0.35714285714285676,0.0,1.6666666666666667,0.0,1.25,1.6666666666666667,3.333333333333333,1.0,1.9444444444444446,2.333333333333333,2.058823529411765,0.0,0.0,5.0,0.0,0.0,0.0,5.0,0.0,0.0,0.0,5.0,0.0,0.0,0.0,0.0,0.0,0.0,0.0,5.0
2.857142857142857,0.0,3.740157480314961,1.6071428571428572,2.5,3.333333333333333,0.0,0.07142857142857117,3.333333333333333,3.75,0.0,4.157451290152712,2.9154788195141537,0.0,0.0,1.0714285714285712,0.0,3.333333333333333,1.6666666666666667,2.625,4.166666666666667,3.333333333333333,2.5,1.9444444444444446,0.0,2.6470588235294117,0.0,5.0,0.0,0.0,0.0,0.0,0.0,0.0,0.0,0.0,0.0,5.0,0.0,0.0,0.0,0.0,0.0,5.0,0.0
2.619047619047619,1.0,1.6929133858267718,3.7500000000000004,1.25,3.333333333333333,5.0,2.714285714285714,1.6666666666666667,1.25,3.333333333333333,1.4141653501843074,0.8062638024493074,1.1111111111111112,5.0,0.35714285714285676,0.0,0.0,3.3333333333333335,1.0,5.0,3.333333333333333,0.75,1.1111111111111112,0.3333333333333333,0.0,0.0,5.0,0.0,5.0,0.0,5.0,0.0,0.0,0.0,0.0,0.0,0.0,0.0,0.0,0.0,5.0,0.0,5.0,0.0
0.833333333333333,1.0,0.493915533285612,0.7142857142857143,2.5,3.333333333333333,5.0,1.1428571428571428,1.6666666666666667,1.25,3.333333333333333,1.2467087941021588,4.991969484039349,0.5555555555555556,5.0,0.0,0.0,5.0,0.0,0.75,0.8333333333333334,3.333333333333333,0.75,1.1111111111111112,0.0,0.8823529411764706,0.0,5.0,0.0,5.0,0.0,5.0,0.0,0.0,0.0,0.0,0.0,0.0,0.0,0.0,0.0,5.0,0.0,0.0,5.0
0.714285714285714,0.0,3.66857551896922,3.035714285714286,0.0,1.6666666666666667,5.0,1.5714285714285712,3.333333333333333,0.0,3.333333333333333,0.4647182727751448,2.2411162417185304,0.0,0.0,0.35714285714285676,0.0,3.333333333333333,1.6666666666666667,0.75,1.6666666666666667,3.333333333333333,0.625,0.8333333333333334,0.3333333333333333,0.5882352941176471,0.0,5.0,5.0,0.0,5.0,0.0,0.0,0.0,0.0,0.0,5.0,0.0,0.0,0.0,0.0,0.0,0.0,5.0,0.0
2.0238095238095233,0.0,3.7043664996420906,3.5714285714285716,0.0,5.0,0.0,1.5,3.333333333333333,1.25,5.0,0.7912058978409688,3.4282272636016864,0.5555555555555556,5.0,5.0,5.0,5.0,1.6666666666666667,1.25,1.6666666666666667,0.0,1.25,1.6666666666666667,0.0,2.058823529411765,0.0,5.0,5.0,0.0,5.0,0.0,0.0,0.0,0.0,0.0,0.0,0.0,0.0,0.0,0.0,0.0,0.0,5.0,0.0
3.5714285714285707,0.0,2.559055118110236,0.17857142857142858,0.0,1.6666666666666667,5.0,1.8571428571428572,5.0,1.25,1.6666666666666667,1.87230121116377,3.313190122465368,1.6666666666666667,0.0,0.35714285714285676,0.0,5.0,0.0,1.5,2.5,3.333333333333333,0.25,0.5555555555555556,0.6666666666666666,0.5882352941176471,0.0,5.0,0.0,5.0,0.0,5.0,0.0,0.0,0.0,0.0,0.0,0.0,0.0,0.0,0.0,5.0,0.0,5.0,0.0
3.809523809523809,0.0,3.6649964209019332,0.0,1.25,5.0,5.0,2.5714285714285716,3.333333333333333,3.75,5.0,4.315429173249078,0.9076490664525196,5.0,0.0,3.928571428571429,5.0,3.333333333333333,1.6666666666666667,4.0,0.8333333333333334,1.6666666666666667,0.625,1.1111111111111112,0.3333333333333333,0.8823529411764706,0.0,5.0,5.0,0.0,0.0,0.0,5.0,0.0,0.0,0.0,0.0,0.0,0.0,5.0,0.0,0.0,0.0,0.0,0.0
4.285714285714285,0.0,2.0866141732283463,0.3571428571428571,2.5,5.0,5.0,3.9285714285714284,3.333333333333333,3.75,5.0,4.415481832543444,4.292310780967677,1.6666666666666667,0.0,1.0714285714285712,0.0,0.0,0.0,4.5,1.6666666666666667,3.333333333333333,1.25,2.5,0.0,2.6470588235294117,0.0,5.0,5.0,0.0,5.0,0.0,0.0,0.0,0.0,0.0,0.0,0.0,0.0,5.0,0.0,0.0,0.0,5.0,0.0
1.4285714285714284,0.0,0.3579098067287044,0.17857142857142858,0.0,3.333333333333333,5.0,2.9999999999999996,3.333333333333333,0.0,1.6666666666666667,0.3862559241706161,3.079702870909456,0.5555555555555556,0.0,2.5,0.0,0.0,1.6666666666666667,0.125,2.5,3.333333333333333,0.125,0.0,0.0,0.0,0.0,5.0,0.0,5.0,0.0,0.0,0.0,0.0,5.0,0.0,0.0,0.0,0.0,0.0,0.0,0.0,5.0,5.0,0.0
1.5476190476190474,1.0,1.5748031496062993,3.3928571428571432,2.5,1.6666666666666667,0.0,2.9285714285714284,0.0,1.25,3.333333333333333,0.9347024749868351,4.556113230275045,1.6666666666666667,5.0,0.0,0.0,3.333333333333333,1.6666666666666667,0.5,1.6666666666666667,3.333333333333333,0.25,0.5555555555555556,0.6666666666666666,0.5882352941176471,0.0,5.0,0.0,5.0,5.0,0.0,0.0,0.0,0.0,0.0,0.0,0.0,0.0,0.0,0.0,5.0,0.0,5.0,0.0
2.4999999999999996,1.0,3.7938439513242663,0.3571428571428571,1.25,5.0,0.0,0.7857142857142856,3.333333333333333,1.25,3.333333333333333,1.1134807793575565,3.14876530817105,2.2222222222222223,5.0,2.5,0.0,0.0,0.0,1.5,2.5,1.6666666666666667,0.125,0.0,0.0,0.0,0.0,5.0,0.0,5.0,0.0,0.0,5.0,0.0,0.0,0.0,0.0,0.0,0.0,0.0,0.0,5.0,0.0,5.0,0.0
3.9285714285714284,1.0,3.750894774516822,1.25,3.75,0.0,5.0,1.6428571428571428,0.0,2.5,5.0,2.5384412848867823,4.628789399718932,1.1111111111111112,0.0,1.4285714285714288,0.0,5.0,0.0,2.25,1.6666666666666667,3.333333333333333,0.5,0.5555555555555556,0.0,0.8823529411764706,5.0,0.0,5.0,0.0,5.0,0.0,0.0,0.0,0.0,0.0,0.0,0.0,5.0,0.0,0.0,0.0,0.0,0.0,5.0
3.0952380952380953,0.0,3.1460272011453116,0.7142857142857143,2.5,3.333333333333333,5.0,4.285714285714285,1.6666666666666667,0.0,3.333333333333333,0.5668773038441284,1.1802850833166032,1.6666666666666667,0.0,1.0714285714285712,0.0,5.0,0.0,0.875,4.166666666666667,3.333333333333333,0.625,0.5555555555555556,0.0,0.8823529411764706,0.0,0.0,5.0,0.0,5.0,0.0,0.0,0.0,0.0,0.0,5.0,0.0,0.0,0.0,0.0,0.0,0.0,0.0,5.0
3.809523809523809,0.0,3.1746599856836077,1.0714285714285714,1.25,1.6666666666666667,0.0,0.9285714285714284,1.6666666666666667,5.0,3.333333333333333,4.668509741969458,2.932543665930536,2.7777777777777777,5.0,0.35714285714285676,0.0,5.0,1.6666666666666667,3.625,1.6666666666666667,1.6666666666666667,3.375,0.8333333333333334,4.333333333333333,2.3529411764705883,0.0,5.0,5.0,0.0,0.0,0.0,5.0,0.0,0.0,0.0,0.0,0.0,0.0,5.0,0.0,0.0,0.0,0.0,0.0
1.6666666666666665,0.0,1.5962777380100215,0.0,2.5,1.6666666666666667,5.0,2.5714285714285716,3.333333333333333,1.25,1.6666666666666667,1.372037914691943,1.054406745633407,0.5555555555555556,0.0,2.1428571428571423,0.0,1.6666666666666667,3.3333333333333335,1.25,2.5,3.333333333333333,1.25,1.1111111111111112,0.0,2.6470588235294117,0.0,5.0,5.0,0.0,5.0,0.0,0.0,0.0,0.0,0.0,0.0,0.0,0.0,0.0,5.0,0.0,0.0,5.0,0.0
3.0952380952380953,0.0,3.9262705798138873,0.5357142857142857,1.25,3.333333333333333,5.0,4.428571428571429,5.0,5.0,0.0,4.786993154291732,3.088335675567155,0.5555555555555556,0.0,1.0714285714285712,0.0,5.0,3.3333333333333335,3.25,3.3333333333333335,1.6666666666666667,3.125,2.5,4.666666666666666,3.823529411764706,0.0,5.0,5.0,0.0,5.0,0.0,0.0,0.0,0.0,0.0,0.0,5.0,0.0,0.0,0.0,0.0,0.0,0.0,0.0
4.166666666666666,0.0,3.997852541159628,0.17857142857142858,3.75,0.0,0.0,3.4285714285714284,1.6666666666666667,3.75,5.0,3.7962085308056874,4.000602288697048,1.1111111111111112,0.0,1.7857142857142856,0.0,3.333333333333333,0.0,3.875,2.5,3.333333333333333,3.125,2.2222222222222223,1.0,2.058823529411765,0.0,5.0,0.0,5.0,5.0,0.0,0.0,0.0,0.0,0.0,0.0,5.0,0.0,0.0,0.0,0.0,0.0,5.0,0.0
4.404761904761905,0.0,3.6327845382963493,3.035714285714286,5.0,0.0,0.0,3.785714285714285,3.333333333333333,3.75,1.6666666666666667,4.166929963138494,1.5617345914475005,1.6666666666666667,0.0,4.2857142857142865,5.0,5.0,0.0,4.625,1.6666666666666667,3.333333333333333,1.25,2.5,2.333333333333333,2.058823529411765,0.0,5.0,0.0,5.0,5.0,0.0,0.0,0.0,0.0,0.0,0.0,5.0,0.0,0.0,0.0,0.0,0.0,0.0,5.0
2.380952380952381,0.0,0.17895490336435216,1.6071428571428572,2.5,3.333333333333333,0.0,3.9285714285714284,3.333333333333333,1.25,5.0,1.2261716692996312,3.574583416984541,0.5555555555555556,5.0,0.7142857142857144,0.0,1.6666666666666667,0.0,0.75,0.8333333333333334,3.333333333333333,0.625,0.8333333333333334,0.3333333333333333,0.8823529411764706,0.0,0.0,0.0,5.0,0.0,0.0,0.0,0.0,5.0,0.0,0.0,0.0,0.0,0.0,0.0,5.0,0.0,0.0,5.0
1.9047619047619047,1.0,3.596993557623479,1.4285714285714286,3.75,0.0,0.0,1.5714285714285712,3.333333333333333,0.0,3.333333333333333,0.4562927856766719,0.19634611523790407,0.5555555555555556,0.0,1.4285714285714288,0.0,5.0,0.0,0.25,0.0,3.333333333333333,0.25,0.5555555555555556,0.6666666666666666,0.5882352941176471,0.0,5.0,0.0,0.0,0.0,0.0,0.0,0.0,5.0,5.0,0.0,0.0,0.0,0.0,0.0,0.0,0.0,5.0,0.0
2.142857142857143,0.0,2.4838940586972083,1.9642857142857142,5.0,5.0,0.0,1.5,1.6666666666666667,2.5,5.0,2.0666140073723014,2.7253563541457537,0.0,0.0,0.0,0.0,1.6666666666666667,0.0,1.875,1.6666666666666667,1.6666666666666667,1.75,2.2222222222222223,2.333333333333333,2.3529411764705883,0.0,5.0,5.0,0.0,0.0,0.0,5.0,0.0,0.0,0.0,0.0,0.0,5.0,0.0,0.0,0.0,0.0,0.0,5.0
4.642857142857142,0.0,0.8303507516105941,4.107142857142857,1.25,3.333333333333333,5.0,3.785714285714285,5.0,2.5,5.0,2.2195892575039493,4.277855852238506,1.6666666666666667,5.0,1.7857142857142856,0.0,1.6666666666666667,1.6666666666666667,1.5,1.6666666666666667,0.0,0.625,0.8333333333333334,0.3333333333333333,1.1764705882352942,0.0,5.0,5.0,0.0,5.0,0.0,0.0,0.0,0.0,0.0,0.0,0.0,0.0,0.0,0.0,0.0,0.0,0.0,0.0
2.142857142857143,0.0,0.25053686471009307,0.5357142857142857,3.75,0.0,5.0,0.5,1.6666666666666667,1.25,5.0,1.2640863612427593,4.117647058823529,0.5555555555555556,0.0,1.7857142857142856,0.0,3.333333333333333,0.0,1.25,1.6666666666666667,1.6666666666666667,1.25,1.1111111111111112,0.3333333333333333,2.3529411764705883,0.0,5.0,5.0,0.0,5.0,0.0,0.0,0.0,0.0,0.0,5.0,0.0,0.0,0.0,0.0,0.0,0.0,0.0,5.0
1.1904761904761902,1.0,1.5282748747315678,0.17857142857142858,3.75,0.0,5.0,3.4999999999999996,3.333333333333333,0.0,3.333333333333333,0.6519220642443391,2.5779963862678175,1.1111111111111112,0.0,0.0,0.0,3.333333333333333,0.0,0.625,4.166666666666667,0.0,0.0,0.0,0.0,0.0,0.0,5.0,5.0,0.0,5.0,0.0,0.0,0.0,0.0,0.0,5.0,0.0,0.0,0.0,0.0,0.0,0.0,0.0,5.0
2.0238095238095233,0.0,1.560486757337151,4.285714285714286,1.25,0.0,5.0,1.714285714285714,1.6666666666666667,1.25,5.0,0.7035281727224856,2.391086127283678,2.2222222222222223,0.0,1.0714285714285712,0.0,5.0,0.0,1.125,2.5,3.333333333333333,0.375,0.5555555555555556,0.0,0.5882352941176471,0.0,5.0,5.0,0.0,0.0,0.0,0.0,5.0,0.0,0.0,5.0,0.0,0.0,0.0,0.0,0.0,0.0,0.0,5.0
1.0714285714285712,0.0,4.681460272011453,0.3571428571428571,0.0,5.0,0.0,2.9285714285714284,5.0,1.25,5.0,0.9578725645076356,2.926922304758081,0.5555555555555556,5.0,3.2142857142857144,5.0,1.6666666666666667,3.3333333333333335,0.75,2.5,3.333333333333333,0.75,1.3888888888888888,0.0,1.1764705882352942,5.0,0.0,0.0,5.0,0.0,0.0,5.0,0.0,0.0,0.0,0.0,0.0,0.0,0.0,0.0,5.0,0.0,0.0,0.0
2.2619047619047614,1.0,2.5232641374373657,0.8928571428571428,3.75,3.333333333333333,5.0,2.357142857142857,3.333333333333333,0.0,0.0,0.2801474460242233,4.327243525396507,2.2222222222222223,5.0,3.928571428571429,5.0,5.0,0.0,0.875,2.5,3.333333333333333,0.375,0.5555555555555556,0.0,0.5882352941176471,0.0,5.0,0.0,0.0,0.0,0.0,0.0,0.0,0.0,5.0,0.0,0.0,0.0,0.0,0.0,0.0,0.0,0.0,0.0
3.809523809523809,1.0,2.7451682176091627,0.3571428571428571,1.25,0.0,5.0,3.9999999999999996,1.6666666666666667,0.0,3.333333333333333,0.4407582938388625,0.3445091347119053,0.5555555555555556,5.0,1.0714285714285712,0.0,3.333333333333333,0.0,0.375,1.6666666666666667,3.333333333333333,0.375,0.5555555555555556,0.0,0.5882352941176471,0.0,5.0,0.0,5.0,0.0,5.0,0.0,0.0,0.0,0.0,0.0,0.0,0.0,0.0,0.0,0.0,5.0,5.0,0.0
3.214285714285714,0.0,3.9119541875447386,0.17857142857142858,1.25,0.0,5.0,2.4999999999999996,1.6666666666666667,3.75,5.0,4.155608214849921,3.6876129291306965,5.0,0.0,4.2857142857142865,5.0,5.0,1.6666666666666667,2.75,0.8333333333333334,3.333333333333333,2.5,2.2222222222222223,3.6666666666666665,2.3529411764705883,0.0,0.0,5.0,0.0,0.0,0.0,5.0,0.0,0.0,0.0,0.0,5.0,0.0,0.0,0.0,0.0,0.0,5.0,0.0
1.0714285714285712,0.0,2.602004294917681,1.25,0.0,3.333333333333333,5.0,3.857142857142857,3.333333333333333,1.25,5.0,0.8775671406003158,4.399518169042361,0.0,0.0,2.8571428571428568,0.0,1.6666666666666667,1.6666666666666667,0.625,2.5,3.333333333333333,0.5,0.5555555555555556,0.3333333333333333,0.29411764705882354,5.0,0.0,0.0,5.0,0.0,5.0,0.0,0.0,0.0,0.0,0.0,0.0,0.0,0.0,0.0,5.0,0.0,5.0,0.0
2.7380952380952377,0.0,4.201861130994989,0.17857142857142858,5.0,1.6666666666666667,0.0,4.357142857142858,3.333333333333333,3.75,0.0,4.103738809899947,0.7090945593254367,3.8888888888888893,0.0,1.7857142857142856,0.0,1.6666666666666667,1.6666666666666667,2.75,1.6666666666666667,3.333333333333333,2.25,4.444444444444445,3.6666666666666665,2.3529411764705883,0.0,5.0,0.0,5.0,5.0,0.0,0.0,0.0,0.0,0.0,0.0,5.0,0.0,0.0,0.0,0.0,0.0,5.0,0.0
1.4285714285714284,0.0,3.6292054402290623,0.17857142857142858,2.5,3.333333333333333,0.0,1.3571428571428572,3.333333333333333,0.0,5.0,0.40942601369141657,1.0212808672957239,0.0,0.0,1.0714285714285712,0.0,3.333333333333333,0.0,1.5,1.6666666666666667,1.6666666666666667,1.375,1.9444444444444446,2.0,2.058823529411765,0.0,0.0,5.0,0.0,0.0,0.0,5.0,0.0,0.0,0.0,5.0,0.0,0.0,0.0,0.0,0.0,0.0,0.0,5.0
1.6666666666666665,0.0,2.720114531138153,0.17857142857142858,0.0,3.333333333333333,0.0,3.285714285714285,3.333333333333333,0.0,0.0,0.4786729857819905,2.5804055410560127,0.5555555555555556,0.0,0.35714285714285676,0.0,3.333333333333333,5.0,0.125,2.5,3.333333333333333,0.125,0.0,0.0,0.0,0.0,0.0,0.0,5.0,5.0,0.0,0.0,0.0,0.0,0.0,0.0,0.0,0.0,0.0,0.0,0.0,5.0,0.0,0.0
4.404761904761905,0.0,2.111667859699356,2.3214285714285716,3.75,3.333333333333333,5.0,2.214285714285714,5.0,5.0,1.6666666666666667,4.6637704054765665,2.2575787994378635,4.444444444444445,0.0,0.0,0.0,5.0,0.0,4.5,2.5,3.333333333333333,3.0,4.166666666666667,0.6666666666666666,4.411764705882353,0.0,5.0,5.0,0.0,0.0,0.0,5.0,0.0,0.0,0.0,0.0,0.0,0.0,5.0,0.0,0.0,0.0,0.0,5.0
1.6666666666666665,1.0,3.5325697924123123,1.0714285714285714,1.25,5.0,5.0,3.4999999999999996,3.333333333333333,1.25,3.333333333333333,1.020010531858873,4.166030917486449,0.5555555555555556,0.0,2.5,0.0,0.0,1.6666666666666667,1.25,2.5,3.333333333333333,1.25,1.1111111111111112,0.3333333333333333,0.29411764705882354,0.0,5.0,5.0,0.0,5.0,0.0,0.0,0.0,0.0,0.0,5.0,0.0,0.0,0.0,0.0,0.0,0.0,5.0,0.0
4.285714285714285,0.0,3.092340730136006,0.0,3.75,5.0,0.0,1.6428571428571428,3.333333333333333,2.5,3.333333333333333,2.4994734070563456,1.5187713310580206,3.8888888888888893,0.0,2.1428571428571423,0.0,0.0,1.6666666666666667,4.125,1.6666666666666667,0.0,0.625,1.1111111111111112,0.3333333333333333,1.1764705882352942,5.0,0.0,5.0,0.0,5.0,0.0,0.0,0.0,0.0,0.0,0.0,0.0,5.0,0.0,0.0,0.0,0.0,0.0,0.0
3.0952380952380953,1.0,3.5612025769506084,1.6071428571428572,3.75,3.333333333333333,5.0,4.7142857142857135,3.333333333333333,0.0,3.333333333333333,0.5073723012111637,1.7530616342099983,0.5555555555555556,5.0,0.0,0.0,3.333333333333333,0.0,0.75,3.3333333333333335,3.333333333333333,0.75,1.1111111111111112,0.0,0.5882352941176471,0.0,5.0,5.0,0.0,5.0,0.0,0.0,0.0,0.0,0.0,0.0,0.0,0.0,0.0,5.0,0.0,0.0,0.0,5.0
1.6666666666666665,0.0,1.9470293486041519,1.4285714285714286,3.75,0.0,0.0,4.428571428571429,3.333333333333333,1.25,5.0,1.3988941548183254,3.211202569765107,0.5555555555555556,5.0,0.35714285714285676,0.0,5.0,1.6666666666666667,0.75,1.6666666666666667,1.6666666666666667,0.75,1.1111111111111112,0.0,1.4705882352941178,0.0,5.0,5.0,0.0,5.0,0.0,0.0,0.0,0.0,0.0,0.0,0.0,0.0,0.0,5.0,0.0,0.0,5.0,0.0
1.7857142857142856,0.0,3.350035790980673,1.25,0.0,1.6666666666666667,0.0,4.142857142857142,1.6666666666666667,0.0,5.0,0.3509741969457609,3.883356755671552,0.0,0.0,2.8571428571428568,0.0,5.0,0.0,0.375,1.6666666666666667,1.6666666666666667,0.25,0.5555555555555556,0.6666666666666666,0.5882352941176471,0.0,0.0,0.0,5.0,5.0,0.0,0.0,0.0,0.0,0.0,0.0,0.0,0.0,0.0,0.0,0.0,5.0,0.0,5.0
1.0714285714285712,0.0,2.108088761632069,1.4285714285714286,2.5,5.0,5.0,1.9285714285714284,3.333333333333333,0.0,1.6666666666666667,0.2672459189046867,0.7781569965870307,3.3333333333333335,0.0,2.5,0.0,5.0,1.6666666666666667,0.75,0.8333333333333334,0.0,0.25,0.5555555555555556,0.6666666666666666,0.5882352941176471,0.0,0.0,5.0,0.0,0.0,0.0,5.0,0.0,0.0,0.0,0.0,0.0,0.0,0.0,5.0,0.0,0.0,0.0,0.0
1.7857142857142856,0.0,3.9226914817466003,0.0,3.75,3.333333333333333,5.0,5.0,1.6666666666666667,0.0,0.0,0.4713006845708267,0.24994980927524596,1.6666666666666667,5.0,0.0,0.0,1.6666666666666667,0.0,0.75,0.8333333333333334,3.333333333333333,0.375,0.5555555555555556,0.0,0.5882352941176471,0.0,5.0,5.0,0.0,0.0,0.0,0.0,5.0,0.0,0.0,0.0,0.0,0.0,0.0,5.0,0.0,0.0,0.0,5.0
3.452380952380952,1.0,2.018611309949893,5.0,3.75,0.0,5.0,4.142857142857142,3.333333333333333,2.5,1.6666666666666667,2.8541337546076884,1.641035936558924,0.5555555555555556,5.0,0.35714285714285676,0.0,5.0,1.6666666666666667,1.25,1.6666666666666667,1.6666666666666667,1.25,1.9444444444444446,3.0,2.6470588235294117,0.0,0.0,5.0,0.0,5.0,0.0,0.0,0.0,0.0,0.0,0.0,5.0,0.0,0.0,0.0,0.0,0.0,5.0,0.0
0.11904761904761907,1.0,1.4387974230493916,1.6071428571428572,2.5,0.0,0.0,4.7142857142857135,1.6666666666666667,0.0,1.6666666666666667,0.22380200105318587,0.8138927926119255,0.5555555555555556,5.0,5.0,5.0,1.6666666666666667,0.0,0.125,1.6666666666666667,5.0,0.125,0.2777777777777778,0.0,0.0,0.0,0.0,5.0,0.0,0.0,0.0,5.0,0.0,0.0,0.0,0.0,0.0,0.0,0.0,5.0,0.0,0.0,0.0,5.0
2.2619047619047614,0.0,3.357193987115247,0.17857142857142858,1.25,3.333333333333333,5.0,5.0,1.6666666666666667,1.25,5.0,1.0937335439705107,2.761694438867697,2.7777777777777777,0.0,1.0714285714285712,0.0,5.0,1.6666666666666667,2.125,1.6666666666666667,5.0,0.125,0.0,0.0,0.0,0.0,0.0,5.0,0.0,5.0,0.0,0.0,0.0,0.0,0.0,0.0,0.0,0.0,0.0,0.0,0.0,0.0,0.0,0.0
4.523809523809524,0.0,4.534717251252684,3.9285714285714293,2.5,5.0,5.0,2.714285714285714,3.333333333333333,3.75,1.6666666666666667,3.2630331753554502,3.2405139530214817,2.2222222222222223,5.0,0.35714285714285676,0.0,0.0,1.6666666666666667,4.125,0.0,3.333333333333333,2.375,4.444444444444445,5.0,2.6470588235294117,0.0,5.0,5.0,0.0,5.0,0.0,0.0,0.0,0.0,0.0,0.0,0.0,5.0,0.0,0.0,0.0,0.0,5.0,0.0
1.3095238095238093,0.0,0.18253400143163923,2.5000000000000004,1.25,5.0,0.0,1.3571428571428572,1.6666666666666667,1.25,3.333333333333333,0.8383359662980514,2.12567757478418,0.0,5.0,0.35714285714285676,0.0,5.0,0.0,1.25,2.5,3.333333333333333,1.125,1.3888888888888888,0.0,2.3529411764705883,0.0,5.0,5.0,0.0,5.0,0.0,0.0,0.0,0.0,0.0,5.0,0.0,0.0,0.0,0.0,0.0,0.0,0.0,5.0
2.380952380952381,0.0,2.673586256263422,4.285714285714286,1.25,0.0,0.0,3.642857142857143,1.6666666666666667,2.5,1.6666666666666667,2.909952606635071,4.941377233487252,1.6666666666666667,0.0,2.1428571428571423,0.0,3.333333333333333,1.6666666666666667,2.375,1.6666666666666667,3.333333333333333,1.25,2.2222222222222223,0.0,0.29411764705882354,0.0,5.0,5.0,0.0,5.0,0.0,0.0,0.0,0.0,0.0,0.0,0.0,0.0,5.0,0.0,0.0,0.0,5.0,0.0
2.857142857142857,0.0,4.402290622763064,0.17857142857142858,3.75,0.0,5.0,4.857142857142858,1.6666666666666667,1.25,5.0,1.5197472353870456,3.008231278859667,1.6666666666666667,0.0,4.2857142857142865,5.0,1.6666666666666667,0.0,1.75,5.0,3.333333333333333,0.125,0.0,0.0,0.0,0.0,5.0,5.0,0.0,0.0,0.0,0.0,5.0,0.0,0.0,0.0,0.0,0.0,0.0,0.0,0.0,0.0,0.0,5.0
4.285714285714285,0.0,4.792412312097351,2.857142857142857,2.5,3.333333333333333,0.0,1.8571428571428572,3.333333333333333,2.5,3.333333333333333,2.5618746708794102,2.378839590443686,4.444444444444445,0.0,0.0,0.0,3.333333333333333,1.6666666666666667,2.75,1.6666666666666667,3.333333333333333,1.25,1.9444444444444446,0.0,2.3529411764705883,0.0,5.0,5.0,0.0,0.0,0.0,0.0,0.0,5.0,0.0,0.0,0.0,5.0,0.0,0.0,0.0,0.0,5.0,0.0
1.3095238095238093,0.0,4.387974230493915,0.17857142857142858,2.5,3.333333333333333,5.0,3.285714285714285,3.333333333333333,0.0,1.6666666666666667,0.4460242232754081,0.5745834169845412,0.0,0.0,4.2857142857142865,5.0,5.0,1.6666666666666667,0.75,2.5,3.333333333333333,0.625,1.1111111111111112,0.0,1.1764705882352942,0.0,5.0,5.0,0.0,5.0,0.0,0.0,0.0,0.0,0.0,0.0,0.0,0.0,0.0,5.0,0.0,0.0,5.0,0.0
0.9523809523809521,0.0,4.226914817465999,0.0,2.5,3.333333333333333,5.0,1.5714285714285712,1.6666666666666667,1.25,0.0,0.8649289099526065,1.8177072876932343,0.5555555555555556,0.0,0.35714285714285676,0.0,1.6666666666666667,0.0,0.875,1.6666666666666667,3.333333333333333,0.875,1.9444444444444446,0.0,2.058823529411765,5.0,0.0,0.0,5.0,0.0,0.0,5.0,0.0,0.0,0.0,0.0,0.0,0.0,0.0,0.0,5.0,0.0,0.0,5.0
2.2619047619047614,0.0,4.1159627773801,3.2142857142857144,1.25,0.0,5.0,0.1428571428571428,3.333333333333333,2.5,1.6666666666666667,1.7464454976303314,0.546075085324232,0.5555555555555556,5.0,0.7142857142857144,0.0,5.0,0.0,1.25,1.6666666666666667,3.333333333333333,1.25,0.0,0.0,2.6470588235294117,0.0,0.0,0.0,5.0,0.0,0.0,5.0,0.0,0.0,0.0,0.0,0.0,0.0,0.0,0.0,5.0,0.0,0.0,5.0
1.5476190476190474,0.0,1.9792412312097354,1.0714285714285714,3.75,5.0,5.0,1.2857142857142856,3.333333333333333,1.25,5.0,1.2917324907846233,1.4924713912868903,1.6666666666666667,0.0,3.928571428571429,5.0,5.0,1.6666666666666667,1.25,2.5,1.6666666666666667,0.875,1.9444444444444446,0.3333333333333333,2.058823529411765,0.0,5.0,5.0,0.0,5.0,0.0,0.0,0.0,0.0,0.0,5.0,0.0,0.0,0.0,0.0,0.0,0.0,0.0,0.0
3.214285714285714,1.0,0.7301360057265569,4.464285714285714,3.75,0.0,0.0,5.0,3.333333333333333,1.25,0.0,0.8628225381779884,0.7098976109215018,1.1111111111111112,0.0,1.0714285714285712,0.0,5.0,3.3333333333333335,0.625,3.3333333333333335,3.333333333333333,0.125,0.2777777777777778,0.0,0.0,5.0,0.0,0.0,5.0,5.0,0.0,0.0,0.0,0.0,0.0,0.0,0.0,0.0,0.0,0.0,5.0,0.0,5.0,0.0
2.976190476190476,0.0,1.7430207587687905,2.3214285714285716,1.25,1.6666666666666667,5.0,4.571428571428571,3.333333333333333,3.75,0.0,4.252238020010532,0.6235695643445092,3.3333333333333335,0.0,4.642857142857142,5.0,3.333333333333333,1.6666666666666667,2.75,2.5,3.333333333333333,0.5,0.2777777777777778,0.3333333333333333,0.0,0.0,5.0,5.0,0.0,5.0,0.0,0.0,0.0,0.0,0.0,0.0,0.0,0.0,5.0,0.0,0.0,0.0,5.0,0.0
1.3095238095238093,0.0,3.163922691481747,0.3571428571428571,3.75,1.6666666666666667,5.0,4.5,1.6666666666666667,2.5,3.333333333333333,2.876777251184834,3.9012246536839994,0.5555555555555556,0.0,2.5,0.0,3.333333333333333,0.0,1.25,1.6666666666666667,3.333333333333333,1.25,0.5555555555555556,0.0,2.058823529411765,0.0,5.0,5.0,0.0,0.0,0.0,5.0,0.0,0.0,0.0,0.0,0.0,0.0,5.0,0.0,0.0,0.0,5.0,0.0
1.4285714285714284,0.0,0.4617036506800286,1.25,1.25,3.333333333333333,5.0,2.285714285714285,3.333333333333333,2.5,3.333333333333333,1.6469194312796207,1.5826139329451918,2.7777777777777777,0.0,0.0,0.0,0.0,1.6666666666666667,1.25,1.6666666666666667,5.0,1.0,1.1111111111111112,2.333333333333333,2.058823529411765,0.0,5.0,0.0,5.0,0.0,0.0,0.0,5.0,0.0,0.0,0.0,0.0,0.0,0.0,0.0,5.0,0.0,0.0,0.0
2.619047619047619,0.0,1.5318539727988547,0.0,3.75,3.333333333333333,5.0,3.4285714285714284,1.6666666666666667,3.75,1.6666666666666667,3.289626119010005,2.413370809074483,0.5555555555555556,0.0,3.928571428571429,5.0,5.0,1.6666666666666667,2.75,2.5,1.6666666666666667,2.75,0.8333333333333334,3.6666666666666665,3.235294117647059,5.0,0.0,5.0,0.0,5.0,0.0,0.0,0.0,0.0,0.0,0.0,0.0,0.0,0.0,0.0,0.0,0.0,5.0,0.0
4.523809523809524,0.0,2.8775948460987832,0.8928571428571428,2.5,3.333333333333333,0.0,3.9999999999999996,5.0,3.75,0.0,3.2130068457082674,3.244729973900823,5.0,0.0,0.0,0.0,5.0,5.0,4.5,0.0,1.6666666666666667,0.875,1.9444444444444446,2.333333333333333,2.058823529411765,5.0,0.0,0.0,5.0,5.0,0.0,0.0,0.0,0.0,0.0,0.0,0.0,0.0,0.0,0.0,5.0,0.0,5.0,0.0
0.833333333333333,0.0,4.545454545454546,3.035714285714286,0.0,0.0,5.0,4.5,5.0,1.25,3.333333333333333,1.3751974723538702,2.084521180485846,1.1111111111111112,0.0,0.0,0.0,1.6666666666666667,0.0,0.75,2.5,1.6666666666666667,0.375,0.5555555555555556,0.3333333333333333,0.5882352941176471,0.0,5.0,0.0,5.0,5.0,0.0,0.0,0.0,0.0,0.0,0.0,0.0,0.0,0.0,0.0,5.0,0.0,5.0,0.0
2.857142857142857,0.0,0.27559055118110243,0.17857142857142858,5.0,5.0,5.0,3.4999999999999996,5.0,1.25,0.0,1.3857293312269614,2.161011845011042,3.8888888888888893,0.0,1.7857142857142856,0.0,0.0,1.6666666666666667,1.25,2.5,5.0,0.5,0.8333333333333334,0.0,0.8823529411764706,0.0,0.0,0.0,0.0,0.0,0.0,5.0,0.0,0.0,5.0,0.0,0.0,0.0,0.0,0.0,0.0,0.0,5.0,0.0
1.6666666666666665,0.0,3.095919828203293,1.25,2.5,1.6666666666666667,0.0,0.9285714285714284,3.333333333333333,2.5,5.0,2.10347551342812,2.709295322224453,0.5555555555555556,0.0,1.0714285714285712,0.0,5.0,0.0,1.125,1.6666666666666667,3.333333333333333,1.125,2.2222222222222223,1.0,2.058823529411765,5.0,0.0,0.0,5.0,0.0,5.0,0.0,0.0,0.0,0.0,0.0,0.0,0.0,0.0,0.0,5.0,0.0,0.0,5.0
1.6666666666666665,0.0,1.1739441660701504,4.107142857142857,3.75,0.0,5.0,3.5714285714285707,3.333333333333333,1.25,5.0,1.1321748288572933,3.8249347520578194,0.5555555555555556,0.0,1.4285714285714288,0.0,5.0,3.3333333333333335,1.25,1.6666666666666667,3.333333333333333,1.25,2.2222222222222223,1.3333333333333333,2.058823529411765,5.0,0.0,5.0,0.0,5.0,0.0,0.0,0.0,0.0,0.0,5.0,0.0,0.0,0.0,0.0,0.0,0.0,5.0,0.0
4.404761904761905,0.0,0.16105941302791693,3.3928571428571432,1.25,1.6666666666666667,5.0,0.5,3.333333333333333,1.25,5.0,1.1600842548709847,2.786187512547681,1.6666666666666667,5.0,2.8571428571428568,0.0,5.0,1.6666666666666667,1.5,3.3333333333333335,3.333333333333333,1.25,1.9444444444444446,0.0,2.3529411764705883,0.0,5.0,5.0,0.0,0.0,0.0,0.0,0.0,5.0,0.0,5.0,0.0,0.0,0.0,0.0,0.0,0.0,5.0,0.0
1.0714285714285712,0.0,4.205440229062276,1.25,5.0,0.0,5.0,4.071428571428571,0.0,0.0,3.333333333333333,0.9510268562401263,0.7578799437863883,0.5555555555555556,0.0,2.8571428571428568,0.0,5.0,5.0,0.375,3.3333333333333335,3.333333333333333,0.375,0.5555555555555556,0.3333333333333333,0.5882352941176471,0.0,0.0,5.0,0.0,5.0,0.0,0.0,0.0,0.0,0.0,5.0,0.0,0.0,0.0,0.0,0.0,0.0,5.0,0.0
2.380952380952381,0.0,3.879742304939155,0.3571428571428571,3.75,3.333333333333333,5.0,1.0,3.333333333333333,0.0,3.333333333333333,0.4770932069510268,0.1812888978116844,1.6666666666666667,0.0,1.7857142857142856,0.0,0.0,1.6666666666666667,1.0,1.6666666666666667,3.333333333333333,0.25,0.5555555555555556,0.6666666666666666,0.5882352941176471,5.0,0.0,5.0,0.0,0.0,0.0,0.0,5.0,0.0,0.0,0.0,0.0,0.0,0.0,5.0,0.0,0.0,5.0,0.0
2.2619047619047614,0.0,4.0408017179670725,3.5714285714285716,1.25,3.333333333333333,0.0,1.714285714285714,3.333333333333333,0.0,5.0,0.517114270668773,3.8401927323830556,2.7777777777777777,0.0,1.4285714285714288,0.0,1.6666666666666667,1.6666666666666667,1.25,2.5,3.333333333333333,0.625,1.1111111111111112,0.0,0.0,5.0,0.0,0.0,5.0,0.0,0.0,5.0,0.0,0.0,0.0,0.0,0.0,0.0,0.0,0.0,0.0,5.0,5.0,0.0
0.9523809523809521,0.0,1.4101646385110953,1.7857142857142858,1.25,0.0,5.0,2.142857142857143,3.333333333333333,1.25,0.0,0.9826224328593995,4.141337080907448,0.5555555555555556,5.0,0.7142857142857144,0.0,3.333333333333333,1.6666666666666667,0.625,2.5,3.333333333333333,0.625,0.8333333333333334,1.0,0.8823529411764706,5.0,0.0,5.0,0.0,0.0,0.0,5.0,0.0,0.0,0.0,0.0,0.0,0.0,0.0,0.0,0.0,0.0,5.0,0.0
3.214285714285714,0.0,0.5368647100930566,0.0,2.5,3.333333333333333,5.0,2.857142857142857,5.0,5.0,5.0,4.7901527119536595,2.7857859867496484,0.0,0.0,0.0,0.0,3.333333333333333,1.6666666666666667,3.125,1.6666666666666667,3.333333333333333,3.0,0.0,0.3333333333333333,2.058823529411765,0.0,5.0,5.0,0.0,0.0,0.0,0.0,5.0,0.0,0.0,0.0,5.0,0.0,0.0,0.0,0.0,0.0,5.0,0.0
0.9523809523809521,0.0,4.799570508231926,3.9285714285714293,2.5,3.333333333333333,0.0,1.214285714285714,1.6666666666666667,1.25,5.0,0.8288572933122695,3.8831559927725356,3.8888888888888893,5.0,2.8571428571428568,0.0,3.333333333333333,1.6666666666666667,0.625,1.6666666666666667,1.6666666666666667,0.25,0.5555555555555556,0.0,0.0,0.0,5.0,0.0,5.0,0.0,5.0,0.0,0.0,0.0,0.0,0.0,0.0,0.0,0.0,0.0,5.0,0.0,5.0,0.0
2.7380952380952377,0.0,2.5053686471009304,1.4285714285714286,0.0,3.333333333333333,5.0,4.7142857142857135,3.333333333333333,2.5,3.333333333333333,1.8904686677198523,3.8349728970086323,1.6666666666666667,5.0,0.7142857142857144,0.0,3.333333333333333,1.6666666666666667,1.5,1.6666666666666667,3.333333333333333,1.125,1.9444444444444446,0.0,2.058823529411765,0.0,5.0,0.0,5.0,5.0,0.0,0.0,0.0,0.0,0.0,0.0,0.0,0.0,0.0,0.0,5.0,0.0,0.0,0.0
0.11904761904761907,0.0,1.943450250536865,1.4285714285714286,1.25,3.333333333333333,5.0,1.714285714285714,3.333333333333333,0.0,0.0,0.40626645602948924,1.0194740012045775,0.5555555555555556,0.0,5.0,5.0,3.333333333333333,0.0,0.125,3.3333333333333335,3.333333333333333,0.125,0.2777777777777778,0.0,0.0,0.0,5.0,5.0,0.0,5.0,0.0,0.0,0.0,0.0,0.0,0.0,0.0,0.0,0.0,5.0,0.0,0.0,0.0,5.0
2.619047619047619,0.0,1.8897637795275593,0.5357142857142857,3.75,3.333333333333333,5.0,2.642857142857143,1.6666666666666667,2.5,5.0,2.5924170616113744,1.2965268018470189,3.8888888888888893,0.0,0.0,0.0,0.0,1.6666666666666667,1.875,1.6666666666666667,1.6666666666666667,1.5,3.055555555555556,0.6666666666666666,3.235294117647059,0.0,5.0,0.0,5.0,0.0,5.0,0.0,0.0,0.0,0.0,0.0,0.0,0.0,0.0,0.0,5.0,0.0,5.0,0.0
2.976190476190476,0.0,1.6356478167501791,1.6071428571428572,3.75,3.333333333333333,0.0,3.714285714285714,1.6666666666666667,1.25,3.333333333333333,1.1184834123222747,0.8297530616342101,0.5555555555555556,0.0,0.0,0.0,1.6666666666666667,1.6666666666666667,1.125,2.5,5.0,1.125,1.9444444444444446,0.0,0.0,5.0,0.0,5.0,0.0,5.0,0.0,0.0,0.0,0.0,0.0,5.0,0.0,0.0,0.0,0.0,0.0,0.0,0.0,0.0
2.0238095238095233,0.0,2.2369362920544025,0.3571428571428571,2.5,3.333333333333333,5.0,0.7857142857142856,1.6666666666666667,0.0,3.333333333333333,0.07161664033701948,2.972495482834772,0.5555555555555556,0.0,2.5,0.0,3.333333333333333,3.3333333333333335,0.125,2.5,3.333333333333333,0.125,0.0,0.0,0.0,0.0,0.0,5.0,0.0,5.0,0.0,0.0,0.0,0.0,0.0,5.0,0.0,0.0,0.0,0.0,0.0,0.0,5.0,0.0
4.0476190476190474,0.0,1.8575518969219758,0.3571428571428571,3.75,3.333333333333333,5.0,0.07142857142857117,1.6666666666666667,3.75,0.0,4.172459189046867,1.6040955631399318,0.5555555555555556,0.0,0.0,0.0,0.0,0.0,4.25,2.5,5.0,4.25,1.6666666666666667,0.3333333333333333,4.705882352941177,0.0,5.0,0.0,5.0,0.0,5.0,0.0,0.0,0.0,0.0,0.0,5.0,0.0,0.0,0.0,0.0,0.0,5.0,0.0
3.6904761904761902,0.0,1.3171080887616322,3.3928571428571432,3.75,3.333333333333333,0.0,4.7142857142857135,3.333333333333333,1.25,0.0,1.4634017904160084,0.6936358161011846,0.5555555555555556,0.0,1.0714285714285712,0.0,3.333333333333333,0.0,2.0,1.6666666666666667,1.6666666666666667,1.875,3.055555555555556,1.6666666666666665,3.235294117647059,0.0,5.0,5.0,0.0,0.0,0.0,5.0,0.0,0.0,0.0,0.0,0.0,5.0,0.0,0.0,0.0,0.0,5.0,0.0
2.2619047619047614,0.0,4.692197566213315,0.7142857142857143,1.25,3.333333333333333,5.0,3.857142857142857,5.0,0.0,3.333333333333333,0.6558715113217481,4.693033527404135,0.0,0.0,1.0714285714285712,0.0,0.0,0.0,0.875,1.6666666666666667,0.0,0.75,1.3888888888888888,0.3333333333333333,0.8823529411764706,0.0,0.0,5.0,0.0,0.0,0.0,0.0,0.0,5.0,0.0,5.0,0.0,0.0,0.0,0.0,0.0,0.0,0.0,5.0
2.976190476190476,0.0,0.7551896921975663,3.5714285714285716,2.5,5.0,5.0,2.214285714285714,3.333333333333333,0.0,5.0,0.3288572933122696,2.638827544669745,3.8888888888888893,0.0,3.2142857142857144,5.0,0.0,1.6666666666666667,1.0,0.8333333333333334,3.333333333333333,0.375,0.5555555555555556,0.3333333333333333,0.5882352941176471,5.0,0.0,5.0,0.0,0.0,0.0,5.0,0.0,0.0,0.0,5.0,0.0,0.0,0.0,0.0,0.0,0.0,5.0,0.0
0.5952380952380953,0.0,1.5712240515390121,0.17857142857142858,0.0,3.333333333333333,5.0,2.285714285714285,3.333333333333333,0.0,0.0,0.3457082675092154,1.4904637622967276,1.6666666666666667,0.0,0.7142857142857144,0.0,3.333333333333333,1.6666666666666667,0.375,2.5,3.333333333333333,0.0,0.0,0.0,0.0,0.0,5.0,0.0,5.0,0.0,0.0,0.0,0.0,5.0,0.0,0.0,0.0,0.0,0.0,0.0,0.0,5.0,0.0,0.0
4.404761904761905,0.0,2.62705798138869,1.25,2.5,5.0,0.0,0.2142857142857144,3.333333333333333,3.75,3.333333333333333,3.6195365982095837,3.540654487050793,1.1111111111111112,5.0,1.0714285714285712,0.0,3.333333333333333,5.0,2.625,1.6666666666666667,3.333333333333333,0.625,0.0,0.0,0.5882352941176471,0.0,5.0,5.0,0.0,0.0,0.0,5.0,0.0,0.0,0.0,0.0,5.0,0.0,0.0,0.0,0.0,0.0,0.0,0.0
4.166666666666666,0.0,0.0,3.9285714285714293,3.75,5.0,0.0,2.9999999999999996,3.333333333333333,3.75,5.0,3.4928909952606633,3.6362176269825337,3.3333333333333335,0.0,2.5,0.0,3.333333333333333,0.0,4.125,0.0,3.333333333333333,1.5,2.5,1.0,2.3529411764705883,0.0,5.0,5.0,0.0,5.0,0.0,0.0,0.0,0.0,0.0,0.0,0.0,0.0,5.0,0.0,0.0,0.0,0.0,5.0
1.9047619047619047,0.0,2.0293486041517537,0.0,2.5,5.0,5.0,4.785714285714285,1.6666666666666667,1.25,0.0,1.1411269088994207,4.7502509536237705,0.0,0.0,3.2142857142857144,5.0,3.333333333333333,0.0,1.75,2.5,3.333333333333333,1.625,2.5,1.3333333333333333,2.6470588235294117,5.0,0.0,5.0,0.0,0.0,0.0,5.0,0.0,0.0,0.0,0.0,0.0,0.0,0.0,0.0,0.0,0.0,0.0,5.0
4.761904761904761,1.0,0.6692913385826771,0.17857142857142858,2.5,5.0,5.0,1.5,3.333333333333333,0.0,3.333333333333333,0.38704581358609796,4.845011041959446,2.2222222222222223,0.0,4.642857142857142,5.0,0.0,0.0,0.875,3.3333333333333335,3.333333333333333,0.125,0.0,0.0,0.0,0.0,5.0,5.0,0.0,0.0,0.0,0.0,0.0,5.0,0.0,0.0,0.0,0.0,0.0,5.0,0.0,0.0,0.0,5.0
1.9047619047619047,0.0,1.8468146027201144,0.3571428571428571,0.0,0.0,5.0,1.0714285714285712,3.333333333333333,1.25,5.0,1.7764612954186412,4.049789198956033,0.0,0.0,2.1428571428571423,0.0,3.333333333333333,0.0,0.875,0.8333333333333334,1.6666666666666667,0.75,0.5555555555555556,0.0,1.1764705882352942,5.0,0.0,5.0,0.0,5.0,0.0,0.0,0.0,0.0,0.0,0.0,0.0,0.0,0.0,0.0,0.0,0.0,0.0,5.0
1.4285714285714284,0.0,2.602004294917681,0.0,0.0,3.333333333333333,5.0,4.142857142857142,1.6666666666666667,2.5,3.333333333333333,1.9655081621906263,3.7805661513752256,0.5555555555555556,0.0,3.928571428571429,5.0,3.333333333333333,0.0,1.5,1.6666666666666667,3.333333333333333,1.375,2.2222222222222223,1.6666666666666665,2.3529411764705883,0.0,0.0,5.0,0.0,5.0,0.0,0.0,0.0,0.0,0.0,0.0,0.0,5.0,0.0,0.0,0.0,0.0,0.0,5.0
1.6666666666666665,0.0,0.06442376521116677,0.8928571428571428,5.0,3.333333333333333,5.0,0.9285714285714284,3.333333333333333,0.0,3.333333333333333,0.534228541337546,2.0750853242320817,1.6666666666666667,0.0,3.2142857142857144,5.0,0.0,0.0,1.0,1.6666666666666667,3.333333333333333,0.625,1.1111111111111112,0.3333333333333333,1.1764705882352942,0.0,5.0,5.0,0.0,5.0,0.0,0.0,0.0,0.0,0.0,0.0,0.0,0.0,0.0,5.0,0.0,0.0,0.0,5.0
2.142857142857143,0.0,4.631352899069435,0.7142857142857143,1.25,5.0,5.0,2.285714285714285,3.333333333333333,1.25,1.6666666666666667,1.291469194312796,1.5761895201766714,4.444444444444445,0.0,1.7857142857142856,0.0,5.0,0.0,2.0,2.5,5.0,1.625,3.055555555555556,1.0,2.058823529411765,0.0,5.0,5.0,0.0,5.0,0.0,0.0,0.0,0.0,0.0,5.0,0.0,0.0,0.0,0.0,0.0,0.0,0.0,5.0
2.619047619047619,0.0,3.872584108804581,0.17857142857142858,3.75,1.6666666666666667,5.0,2.285714285714285,3.333333333333333,1.25,1.6666666666666667,0.8736176935229067,4.687010640433647,2.7777777777777777,0.0,0.35714285714285676,0.0,5.0,5.0,0.625,1.6666666666666667,3.333333333333333,0.0,0.0,0.0,0.0,5.0,0.0,0.0,5.0,0.0,0.0,5.0,0.0,0.0,0.0,0.0,0.0,0.0,0.0,0.0,5.0,0.0,5.0,0.0
2.142857142857143,0.0,3.589835361488905,4.107142857142857,3.75,1.6666666666666667,0.0,1.214285714285714,3.333333333333333,1.25,1.6666666666666667,1.2282780410742495,0.9702870909455934,3.8888888888888893,0.0,1.4285714285714288,0.0,3.333333333333333,1.6666666666666667,1.375,2.5,3.333333333333333,1.125,2.2222222222222223,0.0,2.3529411764705883,0.0,0.0,5.0,0.0,5.0,0.0,0.0,0.0,0.0,0.0,5.0,0.0,0.0,0.0,0.0,0.0,0.0,5.0,0.0
0.3571428571428572,0.0,1.0343593414459555,2.5000000000000004,1.25,3.333333333333333,5.0,4.7142857142857135,3.333333333333333,0.0,5.0,0.058715113217482906,3.4505119453924915,0.5555555555555556,0.0,1.0714285714285712,0.0,5.0,0.0,0.0,5.0,3.333333333333333,0.0,0.0,0.0,0.0,0.0,5.0,5.0,0.0,5.0,0.0,0.0,0.0,0.0,0.0,0.0,0.0,0.0,0.0,5.0,0.0,0.0,0.0,5.0
1.9047619047619047,0.0,0.36506800286327845,2.3214285714285716,2.5,3.333333333333333,0.0,0.07142857142857117,3.333333333333333,0.0,3.333333333333333,0.41337546076882564,0.1642240513953021,0.5555555555555556,5.0,2.5,0.0,5.0,3.3333333333333335,1.0,2.5,3.333333333333333,1.0,0.5555555555555556,0.0,1.7647058823529411,0.0,5.0,0.0,5.0,0.0,0.0,0.0,0.0,5.0,0.0,0.0,0.0,0.0,0.0,0.0,0.0,5.0,0.0,0.0
1.9047619047619047,0.0,2.015032211882606,0.8928571428571428,3.75,0.0,0.0,0.7857142857142856,3.333333333333333,1.25,3.333333333333333,1.0005265929436544,2.0855249949809274,0.5555555555555556,0.0,1.0714285714285712,0.0,3.333333333333333,0.0,2.0,2.5,3.333333333333333,2.0,3.611111111111111,0.6666666666666666,2.9411764705882355,0.0,5.0,5.0,0.0,0.0,0.0,0.0,5.0,0.0,0.0,0.0,0.0,0.0,0.0,5.0,0.0,0.0,0.0,5.0
2.4999999999999996,0.0,4.584824624194703,0.17857142857142858,2.5,5.0,0.0,0.8571428571428572,1.6666666666666667,1.25,5.0,1.104528699315429,1.1435454727966272,4.444444444444445,0.0,0.0,0.0,3.333333333333333,3.3333333333333335,1.625,1.6666666666666667,3.333333333333333,0.625,1.1111111111111112,0.0,1.1764705882352942,0.0,5.0,0.0,0.0,5.0,0.0,0.0,0.0,0.0,5.0,0.0,0.0,0.0,0.0,0.0,0.0,0.0,5.0,0.0
3.214285714285714,0.0,1.5998568360773087,1.25,3.75,5.0,5.0,3.214285714285714,3.333333333333333,1.25,5.0,0.7077409162717219,1.4422806665328247,5.0,0.0,1.0714285714285712,0.0,0.0,3.3333333333333335,1.5,2.5,3.333333333333333,1.25,2.5,3.0,2.3529411764705883,0.0,5.0,5.0,0.0,0.0,0.0,0.0,5.0,0.0,0.0,0.0,0.0,0.0,0.0,5.0,0.0,0.0,5.0,0.0
1.5476190476190474,1.0,0.7337151037938441,5.0,1.25,3.333333333333333,5.0,2.9285714285714284,1.6666666666666667,0.0,1.6666666666666667,0.6503422854133754,1.9188917887974302,0.0,0.0,0.0,0.0,1.6666666666666667,0.0,0.75,1.6666666666666667,5.0,0.625,1.1111111111111112,0.3333333333333333,1.1764705882352942,5.0,0.0,5.0,0.0,0.0,0.0,5.0,0.0,0.0,0.0,5.0,0.0,0.0,0.0,0.0,0.0,0.0,0.0,5.0
2.380952380952381,0.0,3.3392984967788117,0.3571428571428571,3.75,1.6666666666666667,5.0,0.8571428571428572,3.333333333333333,1.25,5.0,1.540810953133228,0.5796024894599479,4.444444444444445,5.0,0.35714285714285676,0.0,3.333333333333333,0.0,2.375,0.8333333333333334,3.333333333333333,0.125,0.0,0.0,0.0,0.0,5.0,0.0,5.0,5.0,0.0,0.0,0.0,0.0,0.0,0.0,0.0,0.0,0.0,0.0,5.0,0.0,0.0,5.0
1.5476190476190474,0.0,4.384395132426628,0.3571428571428571,3.75,1.6666666666666667,5.0,3.0714285714285716,3.333333333333333,2.5,3.333333333333333,3.3349131121642968,2.294519172856856,5.0,0.0,0.35714285714285676,0.0,0.0,1.6666666666666667,1.125,2.5,3.333333333333333,0.25,0.5555555555555556,0.6666666666666666,0.5882352941176471,5.0,0.0,5.0,0.0,0.0,0.0,5.0,0.0,0.0,0.0,0.0,0.0,0.0,5.0,0.0,0.0,0.0,0.0,0.0
0.9523809523809521,0.0,3.181818181818182,0.8928571428571428,2.5,3.333333333333333,0.0,2.9285714285714284,3.333333333333333,0.0,5.0,0.43443917851500785,3.144950813089741,0.5555555555555556,5.0,0.7142857142857144,0.0,3.333333333333333,1.6666666666666667,0.375,1.6666666666666667,3.333333333333333,0.375,0.5555555555555556,0.0,0.5882352941176471,0.0,5.0,5.0,0.0,5.0,0.0,0.0,0.0,0.0,0.0,5.0,0.0,0.0,0.0,0.0,0.0,0.0,5.0,0.0
1.4285714285714284,0.0,3.7079455977093776,0.8928571428571428,2.5,0.0,0.0,1.2857142857142856,1.6666666666666667,1.25,5.0,0.95260663507109,4.32383055611323,0.0,0.0,0.35714285714285676,0.0,0.0,1.6666666666666667,1.25,5.0,3.333333333333333,1.125,0.5555555555555556,2.0,2.058823529411765,0.0,5.0,5.0,0.0,0.0,0.0,0.0,0.0,5.0,0.0,5.0,0.0,0.0,0.0,0.0,0.0,0.0,5.0,0.0
1.9047619047619047,0.0,3.0100214745884037,1.4285714285714286,2.5,5.0,5.0,3.9999999999999996,3.333333333333333,2.5,5.0,1.9723538704581356,0.6825938566552903,0.0,0.0,0.0,0.0,5.0,1.6666666666666667,1.25,0.0,1.6666666666666667,1.125,1.9444444444444446,0.3333333333333333,1.7647058823529411,0.0,5.0,5.0,0.0,5.0,0.0,0.0,0.0,0.0,0.0,0.0,0.0,0.0,0.0,0.0,0.0,0.0,0.0,0.0
2.0238095238095233,0.0,2.2655690765926986,0.8928571428571428,0.0,3.333333333333333,5.0,2.5714285714285716,3.333333333333333,0.0,3.333333333333333,0.6574512901527119,0.7881951415378439,0.0,5.0,1.0714285714285712,0.0,5.0,0.0,0.5,2.5,3.333333333333333,0.375,0.5555555555555556,0.6666666666666666,0.5882352941176471,0.0,5.0,5.0,0.0,5.0,0.0,0.0,0.0,0.0,0.0,0.0,0.0,0.0,0.0,5.0,0.0,0.0,5.0,0.0
1.0714285714285712,0.0,4.073013600572656,0.17857142857142858,3.75,5.0,0.0,0.2142857142857144,3.333333333333333,0.0,0.0,0.35071090047393366,3.537643043565549,0.5555555555555556,0.0,0.7142857142857144,0.0,5.0,1.6666666666666667,0.125,5.0,3.333333333333333,0.125,0.0,0.0,0.0,0.0,5.0,5.0,0.0,5.0,0.0,0.0,0.0,0.0,0.0,5.0,0.0,0.0,0.0,0.0,0.0,0.0,0.0,0.0
1.5476190476190474,0.0,2.108088761632069,0.7142857142857143,3.75,3.333333333333333,5.0,3.9999999999999996,3.333333333333333,0.0,5.0,1.0036861506055819,1.602690222846818,0.0,5.0,0.35714285714285676,0.0,3.333333333333333,1.6666666666666667,0.75,3.3333333333333335,3.333333333333333,0.625,0.5555555555555556,0.0,0.8823529411764706,0.0,5.0,5.0,0.0,0.0,0.0,0.0,0.0,5.0,0.0,0.0,0.0,0.0,0.0,5.0,0.0,0.0,5.0,0.0
2.4999999999999996,0.0,1.220472440944882,1.25,0.0,3.333333333333333,0.0,1.2857142857142856,3.333333333333333,0.0,3.333333333333333,0.723012111637704,3.1676370206785784,0.5555555555555556,0.0,0.0,0.0,0.0,1.6666666666666667,1.0,2.5,3.333333333333333,1.0,0.8333333333333334,0.0,2.058823529411765,5.0,0.0,5.0,0.0,5.0,0.0,0.0,0.0,0.0,0.0,5.0,0.0,0.0,0.0,0.0,0.0,0.0,5.0,0.0
1.3095238095238093,0.0,4.1159627773801,3.9285714285714293,1.25,3.333333333333333,5.0,3.642857142857143,5.0,0.0,3.333333333333333,0.4452343338599262,4.353543465167637,0.5555555555555556,0.0,4.642857142857142,5.0,3.333333333333333,1.6666666666666667,1.25,2.5,3.333333333333333,1.25,1.9444444444444446,0.0,2.058823529411765,0.0,5.0,5.0,0.0,5.0,0.0,0.0,0.0,0.0,0.0,0.0,0.0,0.0,0.0,5.0,0.0,0.0,5.0,0.0
1.3095238095238093,1.0,0.06800286327845384,4.642857142857142,2.5,1.6666666666666667,0.0,0.3571428571428572,3.333333333333333,2.5,5.0,1.7456556082148496,4.5033125878337685,0.5555555555555556,0.0,3.928571428571429,5.0,5.0,5.0,1.25,2.5,1.6666666666666667,1.25,1.1111111111111112,0.3333333333333333,2.6470588235294117,0.0,5.0,0.0,5.0,0.0,5.0,0.0,0.0,0.0,0.0,0.0,0.0,0.0,0.0,0.0,5.0,0.0,5.0,0.0
3.0952380952380953,1.0,2.9813886900501076,0.3571428571428571,2.5,0.0,5.0,4.2142857142857135,3.333333333333333,0.0,0.0,0.35624012638230645,2.5245934551294917,2.2222222222222223,0.0,0.35714285714285676,0.0,3.333333333333333,0.0,1.25,3.3333333333333335,5.0,0.375,0.5555555555555556,0.3333333333333333,0.5882352941176471,0.0,5.0,5.0,0.0,5.0,0.0,0.0,0.0,0.0,0.0,5.0,0.0,0.0,0.0,0.0,0.0,0.0,5.0,0.0
0.9523809523809521,0.0,2.6449534717251253,0.8928571428571428,2.5,3.333333333333333,0.0,1.1428571428571428,1.6666666666666667,0.0,1.6666666666666667,0.3578199052132702,4.257378036538848,0.5555555555555556,0.0,2.8571428571428568,0.0,3.333333333333333,0.0,0.625,2.5,1.6666666666666667,0.625,1.1111111111111112,1.3333333333333333,0.8823529411764706,0.0,5.0,5.0,0.0,0.0,0.0,0.0,5.0,0.0,0.0,0.0,0.0,0.0,0.0,5.0,0.0,0.0,5.0,0.0
3.5714285714285707,0.0,0.21832498210450968,0.17857142857142858,5.0,1.6666666666666667,0.0,0.5,3.333333333333333,1.25,5.0,0.8009478672985781,3.526199558321622,1.1111111111111112,0.0,1.0714285714285712,0.0,0.0,1.6666666666666667,1.75,1.6666666666666667,3.333333333333333,1.125,1.9444444444444446,2.0,2.058823529411765,0.0,5.0,0.0,5.0,0.0,5.0,0.0,0.0,0.0,0.0,0.0,0.0,0.0,0.0,0.0,5.0,0.0,5.0,0.0
2.380952380952381,0.0,0.9377236936292055,0.3571428571428571,5.0,5.0,0.0,0.1428571428571428,3.333333333333333,1.25,3.333333333333333,0.870984728804634,0.041758682995382435,1.6666666666666667,5.0,3.2142857142857144,5.0,1.6666666666666667,0.0,2.375,1.6666666666666667,3.333333333333333,0.375,0.5555555555555556,0.6666666666666666,0.5882352941176471,0.0,5.0,5.0,0.0,0.0,0.0,0.0,0.0,5.0,0.0,0.0,0.0,0.0,0.0,5.0,0.0,0.0,0.0,5.0
0.5952380952380953,1.0,4.083750894774517,0.8928571428571428,2.5,3.333333333333333,5.0,2.357142857142857,5.0,0.0,0.0,0.1558715113217483,0.2712306765709697,0.5555555555555556,5.0,3.571428571428571,5.0,3.333333333333333,3.3333333333333335,0.125,1.6666666666666667,3.333333333333333,0.0,0.0,0.0,0.0,0.0,5.0,5.0,0.0,5.0,0.0,0.0,0.0,0.0,0.0,5.0,0.0,0.0,0.0,0.0,0.0,0.0,5.0,0.0
3.809523809523809,0.0,2.9957050823192555,4.107142857142857,2.5,5.0,5.0,4.642857142857142,3.333333333333333,3.75,3.333333333333333,3.4133754607688256,0.4149769122666131,1.6666666666666667,5.0,2.5,0.0,5.0,1.6666666666666667,2.75,1.6666666666666667,3.333333333333333,1.5,3.055555555555556,0.3333333333333333,1.4705882352941178,0.0,5.0,5.0,0.0,5.0,0.0,0.0,0.0,0.0,0.0,0.0,0.0,5.0,0.0,0.0,0.0,0.0,5.0,0.0
2.2619047619047614,0.0,3.890479599141017,0.3571428571428571,2.5,3.333333333333333,5.0,4.071428571428571,3.333333333333333,2.5,5.0,1.6901000526592942,2.4918691025898414,1.1111111111111112,0.0,0.35714285714285676,0.0,0.0,0.0,1.5,2.5,3.333333333333333,0.625,0.8333333333333334,0.3333333333333333,0.8823529411764706,0.0,5.0,0.0,5.0,5.0,0.0,0.0,0.0,0.0,0.0,0.0,0.0,0.0,0.0,0.0,5.0,0.0,0.0,5.0
1.5476190476190474,0.0,4.6385110952040085,1.25,1.25,5.0,0.0,4.7142857142857135,5.0,0.0,1.6666666666666667,0.2896261190100053,4.520176671351134,5.0,0.0,2.5,0.0,5.0,0.0,1.0,2.5,3.333333333333333,0.375,0.5555555555555556,0.0,0.5882352941176471,0.0,5.0,0.0,0.0,0.0,0.0,5.0,0.0,0.0,5.0,0.0,0.0,0.0,0.0,0.0,0.0,0.0,0.0,5.0
3.6904761904761902,1.0,3.872584108804581,1.7857142857142858,2.5,3.333333333333333,0.0,0.9285714285714284,3.333333333333333,2.5,5.0,1.7496050552922588,0.756073077695242,0.5555555555555556,0.0,2.5,0.0,0.0,3.3333333333333335,1.125,2.5,5.0,1.125,2.2222222222222223,2.333333333333333,2.058823529411765,0.0,5.0,0.0,5.0,0.0,5.0,0.0,0.0,0.0,0.0,0.0,0.0,0.0,0.0,0.0,5.0,0.0,5.0,0.0
1.9047619047619047,0.0,0.11811023622047245,3.2142857142857144,2.5,3.333333333333333,0.0,1.1428571428571428,3.333333333333333,1.25,1.6666666666666667,0.9044233807266981,4.103593655892391,2.2222222222222223,0.0,0.7142857142857144,0.0,3.333333333333333,3.3333333333333335,1.875,1.6666666666666667,5.0,1.375,2.2222222222222223,1.6666666666666665,2.9411764705882355,5.0,0.0,5.0,0.0,0.0,0.0,5.0,0.0,0.0,0.0,5.0,0.0,0.0,0.0,0.0,0.0,0.0,0.0,0.0
2.7380952380952377,1.0,3.5790980672870436,0.0,1.25,1.6666666666666667,0.0,4.571428571428571,3.333333333333333,1.25,5.0,1.312269615587151,3.4902629993977112,4.444444444444445,5.0,0.0,0.0,0.0,0.0,1.0,0.0,0.0,0.75,1.1111111111111112,0.0,1.4705882352941178,0.0,5.0,0.0,5.0,5.0,0.0,0.0,0.0,0.0,0.0,0.0,0.0,0.0,0.0,0.0,5.0,0.0,0.0,5.0
1.9047619047619047,0.0,3.106657122405154,1.25,1.25,1.6666666666666667,0.0,4.7142857142857135,3.333333333333333,1.25,3.333333333333333,1.3515007898894154,1.0572174262196348,1.6666666666666667,0.0,0.0,0.0,5.0,0.0,1.25,1.6666666666666667,3.333333333333333,0.625,0.2777777777777778,1.3333333333333333,0.8823529411764706,0.0,5.0,5.0,0.0,0.0,0.0,5.0,0.0,0.0,0.0,0.0,0.0,0.0,0.0,0.0,0.0,0.0,0.0,5.0
2.4999999999999996,0.0,1.4423765211166786,0.17857142857142858,3.75,3.333333333333333,0.0,2.4285714285714284,3.333333333333333,2.5,3.333333333333333,2.6142706687730386,0.8685003011443486,0.0,0.0,5.0,5.0,5.0,0.0,2.5,0.8333333333333334,3.333333333333333,2.375,1.6666666666666667,3.6666666666666665,2.3529411764705883,5.0,0.0,5.0,0.0,0.0,0.0,0.0,0.0,5.0,0.0,0.0,0.0,0.0,0.0,0.0,0.0,0.0,0.0,5.0
1.6666666666666665,1.0,3.6614173228346454,2.678571428571429,0.0,1.6666666666666667,0.0,2.9999999999999996,0.0,0.0,0.0,0.7661927330173774,0.5193736197550693,0.5555555555555556,5.0,3.928571428571429,5.0,1.6666666666666667,0.0,1.25,4.166666666666667,3.333333333333333,1.25,0.5555555555555556,2.0,2.058823529411765,5.0,0.0,5.0,0.0,5.0,0.0,0.0,0.0,0.0,0.0,0.0,0.0,0.0,0.0,5.0,0.0,0.0,0.0,5.0
2.2619047619047614,0.0,2.8167501789549036,1.4285714285714286,2.5,1.6666666666666667,5.0,1.6428571428571428,3.333333333333333,0.0,5.0,0.3467614533965245,1.8705079301345113,0.5555555555555556,5.0,0.35714285714285676,0.0,3.333333333333333,5.0,0.5,2.5,1.6666666666666667,0.5,0.5555555555555556,0.3333333333333333,0.5882352941176471,5.0,0.0,5.0,0.0,0.0,0.0,5.0,0.0,0.0,0.0,0.0,0.0,0.0,0.0,5.0,0.0,0.0,5.0,0.0
1.4285714285714284,1.0,0.1288475304223336,3.7500000000000004,2.5,0.0,0.0,1.2857142857142856,3.333333333333333,0.0,3.333333333333333,0.2956819378620326,1.8962055812085927,2.2222222222222223,5.0,0.0,0.0,1.6666666666666667,0.0,0.875,1.6666666666666667,3.333333333333333,0.625,0.5555555555555556,0.0,0.29411764705882354,0.0,5.0,5.0,0.0,5.0,0.0,0.0,0.0,0.0,0.0,0.0,0.0,0.0,0.0,5.0,0.0,0.0,5.0,0.0
4.404761904761905,0.0,1.2526843235504652,0.0,2.5,5.0,5.0,3.642857142857143,3.333333333333333,5.0,0.0,4.748815165876777,3.3816502710299137,0.0,5.0,1.0714285714285712,0.0,3.333333333333333,0.0,4.625,1.6666666666666667,3.333333333333333,4.5,2.7777777777777777,1.3333333333333333,3.823529411764706,0.0,5.0,5.0,0.0,0.0,0.0,5.0,0.0,0.0,0.0,0.0,5.0,0.0,0.0,0.0,0.0,0.0,0.0,5.0
2.2619047619047614,0.0,4.01932712956335,1.6071428571428572,1.25,5.0,5.0,3.5714285714285707,5.0,0.0,5.0,0.9665613480779356,2.6376229672756475,1.6666666666666667,0.0,2.1428571428571423,0.0,0.0,0.0,0.5,1.6666666666666667,3.333333333333333,0.125,0.0,0.0,0.0,0.0,5.0,5.0,0.0,5.0,0.0,0.0,0.0,0.0,0.0,0.0,0.0,0.0,0.0,5.0,0.0,0.0,0.0,5.0
2.0238095238095233,0.0,1.8503937007874018,0.0,2.5,1.6666666666666667,5.0,3.9285714285714284,3.333333333333333,1.25,3.333333333333333,0.9763033175355449,3.3256374222043767,5.0,0.0,0.0,0.0,3.333333333333333,0.0,1.875,1.6666666666666667,3.333333333333333,1.375,2.5,2.0,2.6470588235294117,0.0,5.0,0.0,5.0,0.0,5.0,0.0,0.0,0.0,0.0,0.0,0.0,0.0,0.0,0.0,5.0,0.0,5.0,0.0
3.3333333333333335,0.0,1.9183965640658553,0.0,2.5,3.333333333333333,5.0,0.714285714285714,1.6666666666666667,2.5,0.0,2.5444971037388098,0.2103995181690424,1.1111111111111112,5.0,0.7142857142857144,0.0,3.333333333333333,1.6666666666666667,2.625,4.166666666666667,1.6666666666666667,1.25,2.5,3.0,1.4705882352941178,5.0,0.0,5.0,0.0,0.0,0.0,5.0,0.0,0.0,0.0,0.0,0.0,0.0,0.0,0.0,0.0,0.0,5.0,0.0
2.142857142857143,0.0,2.934860415175376,0.3571428571428571,1.25,0.0,0.0,0.6428571428571428,3.333333333333333,0.0,5.0,0.4807793575566088,0.09375627384059432,2.7777777777777777,0.0,3.928571428571429,5.0,0.0,1.6666666666666667,0.875,1.6666666666666667,3.333333333333333,0.125,0.0,0.0,0.0,0.0,5.0,5.0,0.0,5.0,0.0,0.0,0.0,0.0,0.0,5.0,0.0,0.0,0.0,0.0,0.0,0.0,0.0,0.0
0.714285714285714,0.0,4.1768074445239805,0.5357142857142857,0.0,0.0,5.0,1.1428571428571428,1.6666666666666667,0.0,5.0,0.5668773038441284,1.7434250150572177,0.0,0.0,2.1428571428571423,0.0,5.0,0.0,0.75,1.6666666666666667,1.6666666666666667,0.625,0.5555555555555556,1.0,1.1764705882352942,0.0,0.0,5.0,0.0,5.0,0.0,0.0,0.0,0.0,0.0,5.0,0.0,0.0,0.0,0.0,0.0,0.0,5.0,0.0
3.809523809523809,0.0,4.874731567644954,0.17857142857142858,3.75,1.6666666666666667,5.0,2.285714285714285,3.333333333333333,5.0,3.333333333333333,4.799368088467614,2.1600080305159604,1.1111111111111112,5.0,0.0,0.0,5.0,1.6666666666666667,3.625,1.6666666666666667,1.6666666666666667,1.0,0.2777777777777778,2.333333333333333,2.058823529411765,0.0,5.0,5.0,0.0,0.0,0.0,5.0,0.0,0.0,0.0,0.0,0.0,0.0,5.0,0.0,0.0,0.0,5.0,0.0
1.6666666666666665,0.0,3.872584108804581,0.0,2.5,3.333333333333333,0.0,2.857142857142857,1.6666666666666667,0.0,1.6666666666666667,0.3483412322274882,0.37743425015057214,3.3333333333333335,0.0,3.2142857142857144,5.0,3.333333333333333,0.0,0.625,2.5,3.333333333333333,0.375,0.0,0.0,0.5882352941176471,0.0,0.0,5.0,0.0,5.0,0.0,0.0,0.0,0.0,0.0,5.0,0.0,0.0,0.0,0.0,0.0,0.0,5.0,0.0
1.9047619047619047,0.0,0.06800286327845384,0.17857142857142858,3.75,3.333333333333333,0.0,3.9999999999999996,1.6666666666666667,0.0,0.0,0.8878357030015798,1.0913471190523991,0.5555555555555556,0.0,0.0,0.0,3.333333333333333,0.0,0.75,2.5,3.333333333333333,0.75,1.3888888888888888,0.3333333333333333,0.8823529411764706,0.0,5.0,5.0,0.0,0.0,0.0,5.0,0.0,0.0,0.0,0.0,0.0,0.0,0.0,5.0,0.0,0.0,0.0,5.0
0.9523809523809521,0.0,1.968503937007874,1.0714285714285714,2.5,3.333333333333333,5.0,5.0,5.0,0.0,0.0,0.6764086361242758,4.312989359566352,0.0,0.0,0.35714285714285676,0.0,5.0,0.0,1.0,1.6666666666666667,3.333333333333333,0.875,1.9444444444444446,0.0,2.058823529411765,0.0,5.0,5.0,0.0,0.0,0.0,0.0,5.0,0.0,0.0,5.0,0.0,0.0,0.0,0.0,0.0,0.0,0.0,5.0
1.7857142857142856,0.0,3.7186828919112385,0.0,2.5,3.333333333333333,0.0,0.8571428571428572,5.0,1.25,0.0,1.1498156924697207,0.22063842601887168,1.1111111111111112,0.0,2.8571428571428568,0.0,0.0,3.3333333333333335,1.25,2.5,3.333333333333333,0.625,0.8333333333333334,0.3333333333333333,0.8823529411764706,5.0,0.0,0.0,5.0,5.0,0.0,0.0,0.0,0.0,0.0,0.0,0.0,0.0,0.0,0.0,5.0,0.0,5.0,0.0
2.380952380952381,0.0,4.613457408733,1.6071428571428572,0.0,3.333333333333333,5.0,2.5714285714285716,3.333333333333333,0.0,3.333333333333333,0.4410215903106898,2.0142541658301543,0.0,0.0,2.1428571428571423,0.0,1.6666666666666667,1.6666666666666667,0.375,0.0,1.6666666666666667,0.25,0.2777777777777778,0.0,0.5882352941176471,5.0,0.0,5.0,0.0,0.0,0.0,5.0,0.0,0.0,0.0,0.0,0.0,0.0,0.0,5.0,0.0,0.0,5.0,0.0
2.2619047619047614,0.0,4.867573371510379,1.7857142857142858,2.5,0.0,0.0,4.571428571428571,3.333333333333333,0.0,3.333333333333333,0.689836756187467,3.4153784380646455,2.2222222222222223,0.0,2.5,0.0,0.0,0.0,1.0,5.0,3.333333333333333,0.375,0.5555555555555556,0.0,0.5882352941176471,0.0,5.0,5.0,0.0,0.0,0.0,5.0,0.0,0.0,0.0,5.0,0.0,0.0,0.0,0.0,0.0,0.0,0.0,5.0
2.0238095238095233,0.0,4.201861130994989,2.678571428571429,2.5,5.0,5.0,2.9999999999999996,3.333333333333333,2.5,3.333333333333333,1.7438125329120588,2.44950813089741,2.2222222222222223,5.0,0.35714285714285676,0.0,3.333333333333333,0.0,1.25,1.6666666666666667,3.333333333333333,1.0,1.9444444444444446,0.0,0.0,0.0,5.0,5.0,0.0,5.0,0.0,0.0,0.0,0.0,0.0,0.0,0.0,0.0,0.0,0.0,0.0,0.0,5.0,0.0
1.6666666666666665,0.0,0.09305654974946315,0.17857142857142858,0.0,5.0,5.0,3.857142857142857,1.6666666666666667,1.25,0.0,0.30726698262243285,3.542059827343907,2.2222222222222223,0.0,0.7142857142857144,0.0,5.0,0.0,1.125,4.166666666666667,3.333333333333333,0.75,0.5555555555555556,0.0,1.1764705882352942,0.0,5.0,5.0,0.0,0.0,0.0,0.0,0.0,5.0,0.0,5.0,0.0,0.0,0.0,0.0,0.0,0.0,0.0,5.0
2.380952380952381,0.0,0.493915533285612,0.17857142857142858,3.75,0.0,0.0,3.214285714285714,5.0,1.25,0.0,1.3088467614533963,4.816502710299137,3.3333333333333335,5.0,0.35714285714285676,0.0,5.0,0.0,2.125,1.6666666666666667,3.333333333333333,1.875,1.9444444444444446,1.3333333333333333,3.5294117647058822,5.0,0.0,5.0,0.0,5.0,0.0,0.0,0.0,0.0,0.0,0.0,0.0,5.0,0.0,0.0,0.0,0.0,0.0,5.0
2.4999999999999996,0.0,0.05368647100930568,1.6071428571428572,0.0,3.333333333333333,5.0,4.928571428571429,3.333333333333333,3.75,0.0,4.228278041074249,0.6546878136920298,0.5555555555555556,5.0,1.0714285714285712,0.0,5.0,0.0,2.625,2.5,3.333333333333333,2.625,2.5,3.6666666666666665,2.9411764705882355,0.0,5.0,5.0,0.0,0.0,0.0,5.0,0.0,0.0,0.0,0.0,5.0,0.0,0.0,0.0,0.0,0.0,5.0,0.0
1.7857142857142856,0.0,0.05368647100930568,1.4285714285714286,2.5,0.0,5.0,2.142857142857143,3.333333333333333,0.0,5.0,0.46656134807793576,0.846617145151576,0.0,0.0,0.7142857142857144,0.0,1.6666666666666667,1.6666666666666667,1.875,4.166666666666667,3.333333333333333,1.75,2.7777777777777777,1.3333333333333333,2.9411764705882355,0.0,5.0,5.0,0.0,0.0,0.0,5.0,0.0,0.0,0.0,0.0,0.0,0.0,0.0,5.0,0.0,0.0,5.0,0.0
4.880952380952381,0.0,0.8017179670722978,0.3571428571428571,2.5,3.333333333333333,0.0,1.2857142857142856,1.6666666666666667,1.25,5.0,1.0958399157451288,2.8901826942381046,2.7777777777777777,0.0,2.1428571428571423,0.0,5.0,0.0,1.625,1.6666666666666667,3.333333333333333,0.75,0.2777777777777778,0.0,1.4705882352941178,0.0,5.0,0.0,5.0,5.0,0.0,0.0,0.0,0.0,0.0,0.0,0.0,0.0,0.0,0.0,5.0,0.0,0.0,5.0
2.142857142857143,0.0,2.956335003579098,0.0,1.25,1.6666666666666667,5.0,1.8571428571428572,3.333333333333333,1.25,5.0,1.3670352817272247,0.14635615338285485,0.5555555555555556,5.0,1.0714285714285712,0.0,5.0,1.6666666666666667,2.25,0.8333333333333334,1.6666666666666667,2.25,3.8888888888888893,1.3333333333333333,3.235294117647059,0.0,5.0,0.0,5.0,5.0,0.0,0.0,0.0,0.0,0.0,0.0,0.0,0.0,0.0,0.0,5.0,0.0,5.0,0.0
2.2619047619047614,0.0,2.0078740157480315,1.7857142857142858,2.5,1.6666666666666667,5.0,1.214285714285714,3.333333333333333,2.5,5.0,2.9426013691416535,1.5984742019674767,0.5555555555555556,5.0,1.0714285714285712,0.0,3.333333333333333,5.0,1.25,0.8333333333333334,3.333333333333333,1.25,2.2222222222222223,0.0,2.058823529411765,5.0,0.0,5.0,0.0,0.0,0.0,0.0,5.0,0.0,0.0,0.0,0.0,0.0,5.0,0.0,0.0,0.0,0.0,0.0
1.1904761904761902,0.0,3.6327845382963493,1.25,1.25,5.0,0.0,2.5714285714285716,3.333333333333333,0.0,5.0,0.6058451816745656,0.4806263802449307,0.5555555555555556,0.0,3.571428571428571,5.0,5.0,0.0,0.625,2.5,3.333333333333333,0.625,0.8333333333333334,0.0,0.5882352941176471,0.0,5.0,5.0,0.0,5.0,0.0,0.0,0.0,0.0,0.0,0.0,0.0,0.0,0.0,5.0,0.0,0.0,0.0,5.0
3.6904761904761902,0.0,4.090909090909091,3.035714285714286,3.75,5.0,5.0,1.9999999999999996,1.6666666666666667,5.0,3.333333333333333,4.869141653501843,0.006223649869504133,0.5555555555555556,5.0,2.1428571428571423,0.0,3.333333333333333,1.6666666666666667,3.875,4.166666666666667,3.333333333333333,3.875,2.5,0.0,2.6470588235294117,0.0,5.0,5.0,0.0,5.0,0.0,0.0,0.0,0.0,0.0,0.0,0.0,0.0,5.0,0.0,0.0,0.0,0.0,0.0
1.9047619047619047,0.0,0.5440229062276306,0.0,1.25,1.6666666666666667,5.0,3.785714285714285,1.6666666666666667,0.0,5.0,0.687993680884676,4.155792009636619,0.5555555555555556,5.0,0.7142857142857144,0.0,5.0,1.6666666666666667,0.75,2.5,3.333333333333333,0.75,1.3888888888888888,0.3333333333333333,0.8823529411764706,0.0,5.0,5.0,0.0,5.0,0.0,0.0,0.0,0.0,0.0,0.0,0.0,0.0,0.0,5.0,0.0,0.0,5.0,0.0
2.0238095238095233,1.0,3.944166070150322,0.5357142857142857,2.5,5.0,5.0,3.9999999999999996,3.333333333333333,2.5,0.0,2.2572406529752502,1.6540855249949808,0.0,5.0,3.928571428571429,5.0,0.0,0.0,1.125,1.6666666666666667,3.333333333333333,1.0,1.9444444444444446,1.3333333333333333,2.058823529411765,0.0,5.0,0.0,5.0,0.0,0.0,0.0,0.0,5.0,0.0,0.0,0.0,0.0,0.0,0.0,5.0,0.0,0.0,5.0
1.0714285714285712,0.0,3.192555476020043,1.25,2.5,5.0,5.0,0.5,3.333333333333333,2.5,3.333333333333333,2.0318588730911005,0.17687211403332664,0.5555555555555556,0.0,1.4285714285714288,0.0,5.0,0.0,1.125,0.0,3.333333333333333,1.125,2.2222222222222223,0.3333333333333333,2.058823529411765,5.0,0.0,0.0,5.0,5.0,0.0,0.0,0.0,0.0,0.0,0.0,0.0,0.0,0.0,0.0,5.0,0.0,0.0,5.0
3.5714285714285707,0.0,4.484609878310666,0.5357142857142857,3.75,3.333333333333333,5.0,3.4285714285714284,1.6666666666666667,2.5,3.333333333333333,2.6303317535545023,4.045573178076691,3.8888888888888893,0.0,1.0714285714285712,0.0,1.6666666666666667,0.0,3.375,2.5,3.333333333333333,1.875,3.055555555555556,1.3333333333333333,2.3529411764705883,0.0,5.0,5.0,0.0,5.0,0.0,0.0,0.0,0.0,0.0,0.0,0.0,0.0,0.0,0.0,0.0,0.0,0.0,5.0
2.7380952380952377,0.0,2.9742304939155333,1.4285714285714286,3.75,3.333333333333333,5.0,4.571428571428571,3.333333333333333,0.0,0.0,0.323591363875724,0.9771130295121462,1.1111111111111112,0.0,3.571428571428571,5.0,5.0,1.6666666666666667,0.875,1.6666666666666667,3.333333333333333,0.625,0.0,0.3333333333333333,1.1764705882352942,0.0,5.0,5.0,0.0,5.0,0.0,0.0,0.0,0.0,0.0,5.0,0.0,0.0,0.0,0.0,0.0,0.0,5.0,0.0
2.142857142857143,0.0,1.313528990694345,0.3571428571428571,2.5,3.333333333333333,5.0,1.1428571428571428,3.333333333333333,0.0,1.6666666666666667,0.7064244339125856,1.437863882754467,0.5555555555555556,0.0,0.35714285714285676,0.0,3.333333333333333,0.0,1.5,1.6666666666666667,1.6666666666666667,1.375,2.7777777777777777,0.0,2.058823529411765,5.0,0.0,5.0,0.0,0.0,0.0,0.0,0.0,5.0,0.0,0.0,0.0,0.0,0.0,5.0,0.0,0.0,5.0,0.0
2.619047619047619,0.0,3.754473872584109,1.4285714285714286,5.0,5.0,5.0,2.357142857142857,1.6666666666666667,1.25,5.0,1.018167456556082,2.438867697249548,5.0,0.0,1.0714285714285712,0.0,5.0,1.6666666666666667,0.625,4.166666666666667,0.0,0.375,0.5555555555555556,0.0,0.5882352941176471,0.0,0.0,5.0,0.0,5.0,0.0,0.0,0.0,0.0,0.0,0.0,0.0,0.0,0.0,0.0,0.0,0.0,5.0,0.0
1.5476190476190474,0.0,2.304939155332856,1.25,3.75,3.333333333333333,0.0,2.214285714285714,3.333333333333333,1.25,5.0,0.8991574512901526,3.731780766914274,0.5555555555555556,0.0,4.2857142857142865,5.0,5.0,0.0,1.375,1.6666666666666667,3.333333333333333,1.375,1.9444444444444446,0.3333333333333333,2.3529411764705883,0.0,5.0,5.0,0.0,5.0,0.0,0.0,0.0,0.0,0.0,0.0,0.0,5.0,0.0,0.0,0.0,0.0,0.0,5.0
0.23809523809523814,1.0,4.509663564781675,1.6071428571428572,0.0,5.0,5.0,0.1428571428571428,3.333333333333333,0.0,3.333333333333333,0.0,5.0,0.5555555555555556,5.0,0.0,0.0,5.0,0.0,0.125,4.166666666666667,3.333333333333333,0.125,0.0,0.3333333333333333,0.29411764705882354,0.0,5.0,5.0,0.0,0.0,0.0,5.0,0.0,0.0,0.0,0.0,0.0,0.0,0.0,5.0,0.0,0.0,0.0,5.0
2.142857142857143,1.0,0.7730851825340015,1.4285714285714286,2.5,5.0,5.0,3.4999999999999996,1.6666666666666667,0.0,3.333333333333333,0.6263823064770933,3.951616141337081,0.0,5.0,2.1428571428571423,0.0,0.0,1.6666666666666667,0.25,0.0,1.6666666666666667,0.125,0.0,0.0,0.0,0.0,5.0,5.0,0.0,0.0,0.0,5.0,0.0,0.0,0.0,0.0,0.0,0.0,0.0,5.0,0.0,0.0,5.0,0.0
2.0238095238095233,0.0,3.0136005726556907,0.0,2.5,3.333333333333333,0.0,4.428571428571429,3.333333333333333,2.5,3.333333333333333,2.048446550816219,1.4057418189118651,0.5555555555555556,0.0,1.0714285714285712,0.0,0.0,0.0,1.25,2.5,5.0,1.25,1.9444444444444446,0.0,2.3529411764705883,5.0,0.0,0.0,5.0,0.0,5.0,0.0,0.0,0.0,0.0,0.0,0.0,0.0,0.0,0.0,5.0,0.0,0.0,5.0
0.714285714285714,0.0,3.951324266284896,2.857142857142857,0.0,5.0,0.0,0.7857142857142856,1.6666666666666667,1.25,3.333333333333333,0.8867825171142705,4.421401325035133,0.5555555555555556,0.0,1.4285714285714288,0.0,1.6666666666666667,3.3333333333333335,0.625,5.0,3.333333333333333,0.5,0.5555555555555556,1.0,0.5882352941176471,0.0,5.0,5.0,0.0,0.0,0.0,5.0,0.0,0.0,0.0,0.0,0.0,5.0,0.0,0.0,0.0,0.0,0.0,0.0
0.5952380952380953,0.0,0.9699355762347888,0.0,1.25,5.0,5.0,1.214285714285714,3.333333333333333,0.0,3.333333333333333,0.056345444971037384,2.9726962457337884,0.5555555555555556,0.0,3.928571428571429,5.0,5.0,1.6666666666666667,0.125,1.6666666666666667,3.333333333333333,0.125,0.0,0.0,0.29411764705882354,0.0,5.0,5.0,0.0,5.0,0.0,0.0,0.0,0.0,0.0,0.0,0.0,0.0,0.0,5.0,0.0,0.0,5.0,0.0
1.1904761904761902,0.0,4.917680744452398,2.678571428571429,1.25,1.6666666666666667,5.0,2.714285714285714,5.0,1.25,0.0,1.2248551869404949,0.5480827143143947,0.0,0.0,2.8571428571428568,0.0,3.333333333333333,0.0,1.125,1.6666666666666667,3.333333333333333,1.0,0.8333333333333334,0.0,2.058823529411765,0.0,5.0,5.0,0.0,0.0,0.0,5.0,0.0,0.0,0.0,0.0,0.0,0.0,0.0,0.0,0.0,0.0,0.0,5.0
5.0,0.0,3.8546886184681464,2.678571428571429,3.75,0.0,5.0,3.857142857142857,3.333333333333333,1.25,0.0,1.1574512901527119,1.9734992973298537,4.444444444444445,0.0,1.0714285714285712,0.0,5.0,0.0,1.25,0.8333333333333334,3.333333333333333,0.25,0.5555555555555556,0.6666666666666666,0.5882352941176471,0.0,5.0,0.0,5.0,0.0,5.0,0.0,0.0,0.0,0.0,0.0,0.0,0.0,0.0,0.0,5.0,0.0,0.0,5.0
3.452380952380952,0.0,4.5705082319255546,2.678571428571429,3.75,3.333333333333333,5.0,2.4285714285714284,5.0,1.25,3.333333333333333,1.068457082675092,0.9365589239108614,0.5555555555555556,5.0,2.8571428571428568,0.0,3.333333333333333,0.0,2.5,2.5,5.0,2.375,2.7777777777777777,0.6666666666666666,2.058823529411765,5.0,0.0,5.0,0.0,0.0,0.0,5.0,0.0,0.0,0.0,0.0,0.0,5.0,0.0,0.0,0.0,0.0,0.0,0.0
2.7380952380952377,0.0,1.1632068718682893,1.6071428571428572,3.75,1.6666666666666667,5.0,3.0714285714285716,1.6666666666666667,5.0,5.0,4.774091627172195,1.3585625376430437,1.6666666666666667,0.0,1.4285714285714288,0.0,1.6666666666666667,5.0,2.875,1.6666666666666667,1.6666666666666667,2.625,1.6666666666666667,4.0,1.7647058823529411,0.0,5.0,0.0,0.0,0.0,0.0,0.0,0.0,0.0,0.0,0.0,5.0,0.0,0.0,0.0,0.0,0.0,0.0,0.0
0.714285714285714,0.0,1.3421617752326414,4.107142857142857,2.5,5.0,5.0,1.3571428571428572,3.333333333333333,0.0,1.6666666666666667,0.6814112690889942,0.8662919092551697,4.444444444444445,0.0,3.928571428571429,5.0,5.0,0.0,0.75,1.6666666666666667,3.333333333333333,0.5,0.8333333333333334,0.3333333333333333,0.5882352941176471,0.0,5.0,5.0,0.0,0.0,0.0,5.0,0.0,0.0,0.0,5.0,0.0,0.0,0.0,0.0,0.0,0.0,0.0,5.0
1.3095238095238093,0.0,3.521832498210451,1.0714285714285714,0.0,0.0,0.0,2.285714285714285,1.6666666666666667,0.0,5.0,0.40100052659294366,0.7950210801043969,3.3333333333333335,0.0,1.0714285714285712,0.0,3.333333333333333,5.0,1.0,4.166666666666667,3.333333333333333,0.5,0.8333333333333334,0.0,0.8823529411764706,0.0,5.0,5.0,0.0,0.0,0.0,5.0,0.0,0.0,0.0,5.0,0.0,0.0,0.0,0.0,0.0,0.0,0.0,0.0
2.2619047619047614,1.0,1.4387974230493916,1.6071428571428572,2.5,0.0,5.0,2.214285714285714,3.333333333333333,2.5,3.333333333333333,2.3799368088467614,4.111423408954026,3.3333333333333335,0.0,0.0,0.0,1.6666666666666667,3.3333333333333335,2.125,4.166666666666667,3.333333333333333,0.125,0.0,0.0,0.0,5.0,0.0,5.0,0.0,0.0,0.0,5.0,0.0,0.0,0.0,0.0,0.0,5.0,0.0,0.0,0.0,0.0,0.0,0.0
4.404761904761905,0.0,0.11811023622047245,3.035714285714286,3.75,3.333333333333333,5.0,2.285714285714285,3.333333333333333,1.25,1.6666666666666667,1.4154818325434437,2.187914073479221,1.6666666666666667,5.0,1.0714285714285712,0.0,5.0,3.3333333333333335,2.125,2.5,3.333333333333333,1.0,1.9444444444444446,2.0,2.058823529411765,5.0,0.0,5.0,0.0,0.0,0.0,5.0,0.0,0.0,0.0,0.0,0.0,0.0,0.0,0.0,0.0,0.0,5.0,0.0
1.4285714285714284,0.0,2.6843235504652827,0.0,0.0,5.0,5.0,1.7857142857142856,1.6666666666666667,1.25,5.0,1.0839915745129014,2.791407347922104,0.5555555555555556,5.0,0.35714285714285676,0.0,3.333333333333333,3.3333333333333335,1.25,0.8333333333333334,1.6666666666666667,1.25,2.2222222222222223,1.0,0.0,0.0,5.0,5.0,0.0,5.0,0.0,0.0,0.0,0.0,0.0,5.0,0.0,0.0,0.0,0.0,0.0,0.0,5.0,0.0
0.9523809523809521,0.0,2.1510379384395133,4.821428571428571,1.25,0.0,5.0,2.5714285714285716,3.333333333333333,1.25,1.6666666666666667,1.3857293312269614,1.0708693033527406,0.5555555555555556,0.0,3.2142857142857144,5.0,5.0,3.3333333333333335,0.75,4.166666666666667,5.0,0.625,0.8333333333333334,0.3333333333333333,1.1764705882352942,0.0,5.0,0.0,5.0,0.0,5.0,0.0,0.0,0.0,0.0,0.0,0.0,0.0,0.0,0.0,5.0,0.0,5.0,0.0
1.3095238095238093,1.0,0.7730851825340015,1.25,3.75,1.6666666666666667,5.0,3.357142857142857,0.0,0.0,0.0,0.2922590837282781,0.5350331258783376,0.5555555555555556,5.0,0.0,0.0,5.0,0.0,0.875,3.3333333333333335,1.6666666666666667,0.875,1.9444444444444446,0.0,2.058823529411765,0.0,5.0,5.0,0.0,0.0,0.0,0.0,5.0,0.0,0.0,5.0,0.0,0.0,0.0,0.0,0.0,0.0,5.0,0.0
0.833333333333333,1.0,2.0973514674302076,0.3571428571428571,2.5,0.0,5.0,4.357142857142858,3.333333333333333,0.0,0.0,0.7956819378620326,1.4659706886167436,2.7777777777777777,0.0,0.7142857142857144,0.0,3.333333333333333,1.6666666666666667,0.75,4.166666666666667,3.333333333333333,0.25,0.5555555555555556,0.0,0.5882352941176471,0.0,5.0,5.0,0.0,0.0,0.0,5.0,0.0,0.0,0.0,5.0,0.0,0.0,0.0,0.0,0.0,0.0,5.0,0.0
2.2619047619047614,0.0,3.596993557623479,2.3214285714285716,2.5,5.0,0.0,4.642857142857142,3.333333333333333,0.0,0.0,0.533175355450237,4.982935153583617,0.5555555555555556,0.0,0.35714285714285676,0.0,3.333333333333333,1.6666666666666667,2.25,1.6666666666666667,1.6666666666666667,2.25,1.9444444444444446,4.0,5.0,0.0,5.0,5.0,0.0,5.0,0.0,0.0,0.0,0.0,0.0,5.0,0.0,0.0,0.0,0.0,0.0,0.0,0.0,0.0
2.142857142857143,0.0,4.209019327129563,1.25,2.5,0.0,5.0,3.357142857142857,1.6666666666666667,0.0,0.0,0.3509741969457609,1.3131901224653686,0.0,0.0,3.571428571428571,5.0,3.333333333333333,0.0,0.75,2.5,3.333333333333333,0.625,1.1111111111111112,0.0,0.8823529411764706,0.0,5.0,0.0,0.0,5.0,0.0,0.0,0.0,0.0,5.0,0.0,0.0,0.0,0.0,0.0,0.0,0.0,5.0,0.0
2.7380952380952377,1.0,2.8775948460987832,0.7142857142857143,1.25,0.0,5.0,4.642857142857142,1.6666666666666667,0.0,0.0,0.28909952606635075,3.6536839991969483,3.3333333333333335,0.0,2.1428571428571423,0.0,0.0,1.6666666666666667,0.625,1.6666666666666667,0.0,0.125,0.0,0.0,0.0,0.0,0.0,5.0,0.0,5.0,0.0,0.0,0.0,0.0,0.0,0.0,0.0,0.0,0.0,5.0,0.0,0.0,0.0,0.0
2.142857142857143,0.0,3.8367931281317107,0.3571428571428571,3.75,0.0,0.0,4.928571428571429,3.333333333333333,1.25,1.6666666666666667,2.1771985255397577,3.748042561734591,1.6666666666666667,5.0,1.7857142857142856,0.0,5.0,0.0,1.875,2.5,3.333333333333333,0.625,1.1111111111111112,0.0,0.29411764705882354,0.0,5.0,0.0,5.0,0.0,5.0,0.0,0.0,0.0,0.0,0.0,0.0,0.0,0.0,0.0,5.0,0.0,0.0,5.0
2.380952380952381,0.0,4.405869720830351,0.0,2.5,5.0,0.0,3.5714285714285707,3.333333333333333,2.5,0.0,3.31042654028436,2.850431640232885,0.5555555555555556,0.0,0.7142857142857144,0.0,1.6666666666666667,1.6666666666666667,1.875,2.5,3.333333333333333,1.875,3.3333333333333335,1.6666666666666665,3.235294117647059,0.0,5.0,5.0,0.0,0.0,0.0,0.0,0.0,5.0,0.0,0.0,0.0,0.0,5.0,0.0,0.0,0.0,5.0,0.0
2.380952380952381,0.0,0.9305654974946314,0.0,0.0,3.333333333333333,0.0,0.9285714285714284,3.333333333333333,0.0,0.0,0.4239073196419168,2.5029110620357358,1.6666666666666667,0.0,2.1428571428571423,0.0,5.0,0.0,1.0,2.5,1.6666666666666667,0.0,0.0,0.0,0.0,0.0,5.0,5.0,0.0,5.0,0.0,0.0,0.0,0.0,0.0,0.0,0.0,0.0,0.0,5.0,0.0,0.0,0.0,5.0
3.9285714285714284,0.0,4.352183249821045,4.464285714285714,3.75,0.0,0.0,2.5714285714285716,3.333333333333333,3.75,3.333333333333333,4.027909426013691,0.7026701465569163,1.1111111111111112,0.0,1.0714285714285712,0.0,3.333333333333333,1.6666666666666667,3.625,1.6666666666666667,1.6666666666666667,2.5,1.6666666666666667,1.3333333333333333,5.0,0.0,5.0,0.0,5.0,0.0,5.0,0.0,0.0,0.0,0.0,0.0,5.0,0.0,0.0,0.0,0.0,0.0,5.0,0.0
2.2619047619047614,0.0,4.355762347888332,0.8928571428571428,2.5,3.333333333333333,5.0,1.5,5.0,1.25,0.0,1.3072669826224328,2.9927725356354147,2.2222222222222223,5.0,0.7142857142857144,0.0,0.0,3.3333333333333335,1.625,1.6666666666666667,3.333333333333333,0.875,1.9444444444444446,2.0,2.058823529411765,0.0,5.0,5.0,0.0,0.0,0.0,5.0,0.0,0.0,0.0,0.0,0.0,0.0,0.0,5.0,0.0,0.0,0.0,0.0
0.23809523809523814,1.0,2.7523264137437367,0.8928571428571428,2.5,5.0,0.0,2.5714285714285716,1.6666666666666667,0.0,5.0,0.5047393364928909,3.5512949206986546,0.5555555555555556,5.0,2.5,0.0,1.6666666666666667,0.0,0.125,4.166666666666667,3.333333333333333,0.125,0.0,0.3333333333333333,0.0,5.0,0.0,5.0,0.0,5.0,0.0,0.0,0.0,0.0,0.0,5.0,0.0,0.0,0.0,0.0,0.0,0.0,0.0,5.0
3.214285714285714,0.0,3.120973514674302,0.0,3.75,5.0,0.0,4.357142857142858,3.333333333333333,0.0,5.0,0.3320168509741969,1.788998193133909,1.6666666666666667,0.0,1.0714285714285712,0.0,5.0,3.3333333333333335,1.0,1.6666666666666667,3.333333333333333,0.625,0.8333333333333334,0.0,0.5882352941176471,0.0,5.0,5.0,0.0,0.0,0.0,5.0,0.0,0.0,0.0,5.0,0.0,0.0,0.0,0.0,0.0,0.0,0.0,0.0
0.714285714285714,1.0,3.1567644953471725,2.857142857142857,1.25,5.0,0.0,4.785714285714285,3.333333333333333,0.0,1.6666666666666667,0.3162190626645603,0.2565749849427826,0.5555555555555556,0.0,0.7142857142857144,0.0,0.0,1.6666666666666667,0.125,2.5,0.0,0.125,0.0,0.0,0.0,0.0,5.0,5.0,0.0,5.0,0.0,0.0,0.0,0.0,0.0,5.0,0.0,0.0,0.0,0.0,0.0,0.0,5.0,0.0
4.0476190476190474,0.0,3.0565497494631355,0.8928571428571428,1.25,5.0,5.0,3.4285714285714284,3.333333333333333,1.25,0.0,1.2027382833070035,4.013852640032122,1.6666666666666667,5.0,0.35714285714285676,0.0,1.6666666666666667,3.3333333333333335,2.25,2.5,3.333333333333333,1.25,2.5,2.0,2.6470588235294117,0.0,5.0,5.0,0.0,0.0,0.0,0.0,0.0,5.0,0.0,0.0,0.0,0.0,0.0,5.0,0.0,0.0,0.0,0.0
3.6904761904761902,0.0,4.148174659985684,1.0714285714285714,2.5,1.6666666666666667,5.0,0.07142857142857117,1.6666666666666667,2.5,3.333333333333333,2.621379673512375,2.0020076289901625,4.444444444444445,0.0,4.642857142857142,5.0,3.333333333333333,0.0,3.25,1.6666666666666667,3.333333333333333,0.625,0.5555555555555556,0.0,0.0,0.0,5.0,5.0,0.0,0.0,0.0,0.0,5.0,0.0,0.0,0.0,0.0,0.0,0.0,0.0,0.0,0.0,0.0,5.0
0.11904761904761907,1.0,1.5246957766642806,3.7500000000000004,0.0,5.0,5.0,1.4285714285714284,3.333333333333333,0.0,3.333333333333333,0.17535545023696686,4.964063441076089,0.5555555555555556,5.0,2.8571428571428568,0.0,5.0,0.0,0.0,1.6666666666666667,1.6666666666666667,0.0,0.0,0.0,0.0,0.0,5.0,0.0,5.0,0.0,5.0,0.0,0.0,0.0,0.0,0.0,0.0,0.0,0.0,0.0,0.0,5.0,0.0,5.0
0.714285714285714,0.0,2.043664996420902,1.7857142857142858,1.25,0.0,0.0,4.7142857142857135,5.0,1.25,3.333333333333333,0.790416008425487,1.232282674161815,0.0,0.0,2.5,0.0,5.0,1.6666666666666667,0.625,4.166666666666667,1.6666666666666667,0.5,0.5555555555555556,0.3333333333333333,0.8823529411764706,0.0,0.0,5.0,0.0,0.0,0.0,0.0,5.0,0.0,0.0,0.0,0.0,5.0,0.0,0.0,0.0,0.0,0.0,0.0
0.4761904761904763,0.0,1.7967072297780962,0.8928571428571428,0.0,0.0,5.0,2.785714285714285,3.333333333333333,0.0,3.333333333333333,0.4644549763033175,2.0178678980124474,0.0,0.0,3.2142857142857144,5.0,5.0,0.0,0.375,2.5,3.333333333333333,0.25,0.5555555555555556,0.6666666666666666,0.5882352941176471,0.0,5.0,5.0,0.0,0.0,0.0,5.0,0.0,0.0,0.0,0.0,0.0,0.0,0.0,5.0,0.0,0.0,5.0,0.0
2.857142857142857,0.0,1.6750178954903365,1.25,2.5,1.6666666666666667,5.0,2.5714285714285716,3.333333333333333,5.0,5.0,4.586887835703001,2.8369805259987952,0.5555555555555556,0.0,0.7142857142857144,0.0,1.6666666666666667,1.6666666666666667,3.0,3.3333333333333335,1.6666666666666667,3.0,1.9444444444444446,4.666666666666666,2.6470588235294117,5.0,0.0,5.0,0.0,5.0,0.0,0.0,0.0,0.0,0.0,0.0,5.0,0.0,0.0,0.0,0.0,0.0,0.0,0.0
1.7857142857142856,0.0,4.617036506800287,0.3571428571428571,3.75,5.0,0.0,1.8571428571428572,3.333333333333333,0.0,3.333333333333333,0.5002632964718272,4.229070467777555,0.5555555555555556,5.0,0.0,0.0,3.333333333333333,0.0,1.0,2.5,3.333333333333333,1.0,1.9444444444444446,1.0,0.0,5.0,0.0,5.0,0.0,5.0,0.0,0.0,0.0,0.0,0.0,0.0,0.0,0.0,0.0,5.0,0.0,0.0,5.0,0.0
2.2619047619047614,0.0,3.6256263421617754,0.0,3.75,0.0,5.0,1.5,1.6666666666666667,1.25,3.333333333333333,1.312269615587151,0.11945392491467582,0.5555555555555556,0.0,2.5,0.0,3.333333333333333,1.6666666666666667,0.875,1.6666666666666667,5.0,0.875,1.3888888888888888,0.0,2.058823529411765,0.0,5.0,5.0,0.0,5.0,0.0,0.0,0.0,0.0,0.0,0.0,0.0,5.0,0.0,0.0,0.0,0.0,0.0,0.0
2.4999999999999996,0.0,3.9942734430923412,0.0,0.0,1.6666666666666667,5.0,1.5714285714285712,3.333333333333333,5.0,3.333333333333333,4.788836229594523,1.228468179080506,0.5555555555555556,5.0,1.0714285714285712,0.0,3.333333333333333,1.6666666666666667,2.625,2.5,3.333333333333333,2.625,2.2222222222222223,0.3333333333333333,1.7647058823529411,5.0,0.0,5.0,0.0,5.0,0.0,0.0,0.0,0.0,0.0,0.0,5.0,0.0,0.0,0.0,0.0,0.0,0.0,0.0
2.142857142857143,0.0,1.807444523979957,1.0714285714285714,2.5,0.0,0.0,3.785714285714285,5.0,1.25,0.0,0.9557661927330172,0.0335274041357157,1.1111111111111112,0.0,1.7857142857142856,0.0,5.0,1.6666666666666667,2.125,1.6666666666666667,1.6666666666666667,1.875,1.9444444444444446,2.0,3.823529411764706,5.0,0.0,0.0,5.0,0.0,5.0,0.0,0.0,0.0,0.0,0.0,0.0,0.0,0.0,0.0,5.0,0.0,5.0,0.0
3.809523809523809,0.0,3.378668575518969,1.6071428571428572,2.5,5.0,5.0,5.0,1.6666666666666667,2.5,5.0,2.497893628225382,0.13270427624974906,3.3333333333333335,0.0,1.4285714285714288,0.0,5.0,0.0,2.5,1.6666666666666667,3.333333333333333,0.5,0.8333333333333334,0.3333333333333333,0.8823529411764706,0.0,5.0,5.0,0.0,0.0,0.0,0.0,0.0,5.0,0.0,0.0,0.0,0.0,0.0,0.0,0.0,0.0,0.0,5.0
1.7857142857142856,0.0,0.39727988546886184,1.0714285714285714,2.5,3.333333333333333,5.0,1.3571428571428572,3.333333333333333,2.5,3.333333333333333,2.812532912058978,4.798434049387673,0.0,0.0,0.0,0.0,5.0,0.0,1.75,2.5,5.0,1.625,2.5,1.0,2.058823529411765,0.0,5.0,5.0,0.0,0.0,0.0,5.0,0.0,0.0,0.0,0.0,0.0,0.0,5.0,0.0,0.0,0.0,5.0,0.0
2.976190476190476,0.0,3.217609162491052,1.4285714285714286,5.0,5.0,5.0,2.9999999999999996,3.333333333333333,1.25,3.333333333333333,1.2295945234333858,3.519975908452118,1.6666666666666667,5.0,0.7142857142857144,0.0,1.6666666666666667,1.6666666666666667,1.25,2.5,3.333333333333333,1.0,1.9444444444444446,1.3333333333333333,2.058823529411765,5.0,0.0,5.0,0.0,0.0,0.0,5.0,0.0,0.0,0.0,5.0,0.0,0.0,0.0,0.0,0.0,0.0,0.0,0.0
1.4285714285714284,0.0,4.198282032927702,4.821428571428571,1.25,5.0,0.0,2.4285714285714284,3.333333333333333,1.25,5.0,1.2548709847288044,1.9755069263200162,0.5555555555555556,0.0,0.7142857142857144,0.0,5.0,3.3333333333333335,1.375,1.6666666666666667,3.333333333333333,1.25,2.2222222222222223,0.3333333333333333,2.6470588235294117,0.0,5.0,5.0,0.0,0.0,0.0,5.0,0.0,0.0,0.0,0.0,0.0,0.0,0.0,5.0,0.0,0.0,5.0,0.0
2.142857142857143,1.0,3.9942734430923412,1.4285714285714286,3.75,3.333333333333333,5.0,3.714285714285714,1.6666666666666667,0.0,0.0,0.6313849394418114,0.9821321019875529,3.8888888888888893,0.0,4.2857142857142865,5.0,1.6666666666666667,0.0,1.25,3.3333333333333335,3.333333333333333,0.625,0.8333333333333334,0.0,0.8823529411764706,0.0,5.0,0.0,5.0,5.0,0.0,0.0,0.0,0.0,0.0,0.0,0.0,0.0,0.0,0.0,0.0,5.0,0.0,5.0
1.0714285714285712,0.0,3.4108804581245526,0.17857142857142858,3.75,0.0,0.0,1.214285714285714,3.333333333333333,1.25,5.0,0.8472880463401788,0.5147560730776952,0.0,0.0,2.5,0.0,1.6666666666666667,1.6666666666666667,0.5,1.6666666666666667,3.333333333333333,0.375,0.5555555555555556,0.6666666666666666,0.5882352941176471,0.0,5.0,5.0,0.0,5.0,0.0,0.0,0.0,0.0,0.0,0.0,0.0,5.0,0.0,0.0,0.0,0.0,5.0,0.0
2.857142857142857,0.0,1.313528990694345,0.17857142857142858,1.25,5.0,5.0,0.3571428571428572,3.333333333333333,3.75,0.0,4.385466034755134,2.4703874723951014,0.0,0.0,2.1428571428571423,0.0,5.0,1.6666666666666667,2.875,2.5,3.333333333333333,2.75,1.6666666666666667,4.333333333333333,2.058823529411765,0.0,5.0,5.0,0.0,0.0,0.0,5.0,0.0,0.0,0.0,0.0,5.0,0.0,0.0,0.0,0.0,0.0,5.0,0.0
2.142857142857143,1.0,1.9971367215461706,2.5000000000000004,2.5,0.0,5.0,3.642857142857143,3.333333333333333,1.25,3.333333333333333,1.0071090047393363,1.157197349929733,3.8888888888888893,0.0,1.0714285714285712,0.0,1.6666666666666667,1.6666666666666667,1.125,2.5,1.6666666666666667,0.125,0.0,0.0,0.0,0.0,5.0,5.0,0.0,0.0,0.0,0.0,5.0,0.0,0.0,5.0,0.0,0.0,0.0,0.0,0.0,0.0,0.0,0.0
1.3095238095238093,0.0,4.391553328561202,1.0714285714285714,2.5,3.333333333333333,5.0,3.714285714285714,3.333333333333333,1.25,5.0,1.4781463928383358,0.42360971692431243,0.5555555555555556,5.0,0.0,0.0,1.6666666666666667,3.3333333333333335,0.75,1.6666666666666667,3.333333333333333,0.75,0.0,0.3333333333333333,0.0,0.0,5.0,5.0,0.0,5.0,0.0,0.0,0.0,0.0,0.0,0.0,0.0,0.0,0.0,0.0,0.0,0.0,0.0,0.0
2.2619047619047614,0.0,1.3600572655690766,0.3571428571428571,2.5,3.333333333333333,5.0,0.4285714285714284,3.333333333333333,2.5,3.333333333333333,2.218272775144813,1.5081308974101586,0.5555555555555556,0.0,1.4285714285714288,0.0,3.333333333333333,1.6666666666666667,1.25,1.6666666666666667,3.333333333333333,1.25,1.9444444444444446,2.333333333333333,2.3529411764705883,0.0,5.0,5.0,0.0,0.0,0.0,0.0,5.0,0.0,0.0,0.0,0.0,5.0,0.0,0.0,0.0,0.0,5.0,0.0
2.619047619047619,0.0,4.7029348604151755,0.17857142857142858,1.25,0.0,5.0,1.3571428571428572,3.333333333333333,5.0,3.333333333333333,4.851764086361243,0.7739409757076894,0.0,0.0,2.8571428571428568,0.0,5.0,1.6666666666666667,2.75,4.166666666666667,3.333333333333333,2.625,1.9444444444444446,1.0,2.6470588235294117,0.0,5.0,5.0,0.0,0.0,0.0,5.0,0.0,0.0,0.0,0.0,0.0,0.0,5.0,0.0,0.0,0.0,0.0,0.0
4.761904761904761,1.0,0.658554044380816,0.17857142857142858,3.75,5.0,5.0,0.07142857142857117,3.333333333333333,5.0,1.6666666666666667,4.80173775671406,4.751455531017868,3.8888888888888893,5.0,0.35714285714285676,0.0,5.0,0.0,5.0,1.6666666666666667,3.333333333333333,3.875,4.166666666666667,4.333333333333333,2.3529411764705883,0.0,5.0,5.0,0.0,5.0,0.0,0.0,0.0,0.0,0.0,0.0,0.0,0.0,5.0,0.0,0.0,0.0,0.0,5.0
2.619047619047619,0.0,4.316392269148174,2.3214285714285716,2.5,3.333333333333333,5.0,1.0,1.6666666666666667,5.0,3.333333333333333,4.901790416008425,3.1017867898012446,0.5555555555555556,0.0,1.0714285714285712,0.0,0.0,0.0,2.625,1.6666666666666667,5.0,2.5,1.9444444444444446,1.3333333333333333,2.6470588235294117,0.0,5.0,5.0,0.0,0.0,0.0,5.0,0.0,0.0,0.0,0.0,0.0,0.0,5.0,0.0,0.0,0.0,0.0,5.0
1.4285714285714284,0.0,4.427344309234073,0.7142857142857143,2.5,1.6666666666666667,0.0,0.7857142857142856,3.333333333333333,2.5,5.0,2.2143233280674037,1.196346115237904,1.1111111111111112,0.0,0.35714285714285676,0.0,3.333333333333333,1.6666666666666667,1.5,1.6666666666666667,3.333333333333333,1.25,2.5,2.333333333333333,1.1764705882352942,0.0,5.0,0.0,5.0,5.0,0.0,0.0,0.0,0.0,0.0,0.0,0.0,0.0,0.0,0.0,5.0,0.0,5.0,0.0
1.7857142857142856,1.0,0.05726556907659269,2.678571428571429,2.5,0.0,0.0,2.785714285714285,3.333333333333333,1.25,0.0,1.1361242759347023,4.901224653683999,2.7777777777777777,0.0,1.4285714285714288,0.0,3.333333333333333,0.0,0.75,2.5,3.333333333333333,0.375,0.5555555555555556,0.0,0.5882352941176471,0.0,5.0,0.0,5.0,0.0,5.0,0.0,0.0,0.0,0.0,0.0,0.0,0.0,0.0,0.0,5.0,0.0,0.0,5.0
1.5476190476190474,0.0,3.1388690050107373,0.0,3.75,3.333333333333333,5.0,4.285714285714285,0.0,1.25,3.333333333333333,0.8783570300157977,0.4591447500501908,0.0,0.0,0.35714285714285676,0.0,5.0,1.6666666666666667,0.75,1.6666666666666667,3.333333333333333,0.625,1.1111111111111112,0.3333333333333333,1.1764705882352942,0.0,0.0,5.0,0.0,0.0,0.0,5.0,0.0,0.0,0.0,0.0,0.0,5.0,0.0,0.0,0.0,0.0,5.0,0.0
1.4285714285714284,0.0,2.780959198282033,1.4285714285714286,1.25,3.333333333333333,0.0,2.9999999999999996,3.333333333333333,1.25,3.333333333333333,0.9705107951553449,2.161011845011042,3.8888888888888893,5.0,2.5,0.0,3.333333333333333,0.0,1.25,2.5,3.333333333333333,1.0,1.1111111111111112,0.3333333333333333,2.058823529411765,0.0,0.0,5.0,0.0,0.0,0.0,5.0,0.0,0.0,0.0,0.0,0.0,5.0,0.0,0.0,0.0,0.0,0.0,5.0
4.880952380952381,0.0,4.3736578382247675,0.3571428571428571,2.5,3.333333333333333,0.0,3.642857142857143,5.0,0.0,0.0,0.43733543970510796,1.5800040152579806,2.2222222222222223,5.0,3.2142857142857144,5.0,0.0,5.0,1.5,2.5,1.6666666666666667,0.125,0.0,0.0,0.0,0.0,5.0,5.0,0.0,0.0,0.0,5.0,0.0,0.0,0.0,5.0,0.0,0.0,0.0,0.0,0.0,0.0,5.0,0.0
3.6904761904761902,1.0,4.914101646385111,4.821428571428571,1.25,0.0,5.0,4.785714285714285,1.6666666666666667,1.25,0.0,0.8622959452343337,4.138927926119253,1.6666666666666667,0.0,3.2142857142857144,5.0,0.0,0.0,2.5,1.6666666666666667,3.333333333333333,0.5,0.8333333333333334,0.3333333333333333,0.8823529411764706,5.0,0.0,5.0,0.0,5.0,0.0,0.0,0.0,0.0,0.0,5.0,0.0,0.0,0.0,0.0,0.0,0.0,0.0,5.0
1.1904761904761902,0.0,2.2691481746599855,4.464285714285714,2.5,3.333333333333333,5.0,1.2857142857142856,1.6666666666666667,1.25,0.0,0.9781463928383358,4.444489058422003,0.5555555555555556,0.0,0.0,0.0,3.333333333333333,1.6666666666666667,0.625,0.0,3.333333333333333,0.625,0.8333333333333334,0.0,1.1764705882352942,0.0,5.0,0.0,5.0,5.0,0.0,0.0,0.0,0.0,0.0,0.0,0.0,0.0,0.0,0.0,5.0,0.0,5.0,0.0
2.142857142857143,0.0,0.7981388690050109,1.6071428571428572,3.75,5.0,0.0,2.357142857142857,3.333333333333333,2.5,3.333333333333333,1.6021590310689835,0.7333868701064044,1.6666666666666667,0.0,0.35714285714285676,0.0,0.0,0.0,1.25,0.0,3.333333333333333,0.875,1.9444444444444446,0.3333333333333333,2.058823529411765,0.0,5.0,5.0,0.0,0.0,0.0,0.0,0.0,5.0,0.0,0.0,0.0,0.0,0.0,0.0,0.0,0.0,5.0,0.0
1.1904761904761902,1.0,0.0035790980672870676,4.107142857142857,2.5,3.333333333333333,5.0,1.4285714285714284,1.6666666666666667,0.0,3.333333333333333,0.26829910479199576,2.178879743023489,2.7777777777777777,5.0,1.0714285714285712,0.0,1.6666666666666667,0.0,0.75,3.3333333333333335,3.333333333333333,0.5,0.5555555555555556,0.0,0.8823529411764706,0.0,5.0,5.0,0.0,5.0,0.0,0.0,0.0,0.0,0.0,5.0,0.0,0.0,0.0,0.0,0.0,0.0,0.0,5.0
0.9523809523809521,1.0,1.6929133858267718,0.3571428571428571,0.0,3.333333333333333,5.0,3.0714285714285716,3.333333333333333,0.0,0.0,0.5510795155344919,0.901023890784983,0.0,0.0,3.928571428571429,5.0,3.333333333333333,0.0,0.875,1.6666666666666667,3.333333333333333,0.75,1.1111111111111112,0.0,1.1764705882352942,5.0,0.0,5.0,0.0,0.0,0.0,0.0,0.0,5.0,0.0,0.0,0.0,0.0,0.0,5.0,0.0,0.0,0.0,5.0
1.5476190476190474,0.0,3.88690050107373,3.3928571428571432,1.25,5.0,0.0,1.0714285714285712,3.333333333333333,1.25,3.333333333333333,1.5595050026329647,4.479421802850833,0.5555555555555556,0.0,0.7142857142857144,0.0,5.0,1.6666666666666667,1.125,1.6666666666666667,1.6666666666666667,1.125,2.2222222222222223,0.0,0.0,0.0,0.0,0.0,5.0,0.0,5.0,0.0,0.0,0.0,0.0,0.0,0.0,0.0,0.0,0.0,5.0,0.0,5.0,0.0
2.619047619047619,0.0,3.5504652827487475,4.821428571428571,2.5,3.333333333333333,5.0,1.9999999999999996,0.0,2.5,0.0,2.612690889942075,1.8628789399718932,1.6666666666666667,0.0,1.4285714285714288,0.0,3.333333333333333,1.6666666666666667,2.5,1.6666666666666667,3.333333333333333,0.125,0.0,0.0,0.29411764705882354,0.0,0.0,0.0,5.0,0.0,0.0,0.0,5.0,0.0,0.0,0.0,0.0,0.0,0.0,0.0,5.0,0.0,0.0,0.0
1.0714285714285712,0.0,3.693629205440229,2.678571428571429,3.75,3.333333333333333,0.0,0.5,3.333333333333333,0.0,1.6666666666666667,0.474460242232754,2.006022886970488,5.0,0.0,1.0714285714285712,0.0,1.6666666666666667,1.6666666666666667,0.5,1.6666666666666667,3.333333333333333,0.25,0.5555555555555556,0.6666666666666666,0.5882352941176471,0.0,5.0,5.0,0.0,0.0,0.0,0.0,0.0,5.0,0.0,5.0,0.0,0.0,0.0,0.0,0.0,0.0,5.0,0.0
3.809523809523809,0.0,3.6256263421617754,0.0,2.5,0.0,0.0,3.0714285714285716,3.333333333333333,5.0,1.6666666666666667,4.518957345971564,1.5380445693635818,1.6666666666666667,5.0,2.8571428571428568,0.0,0.0,0.0,3.5,0.8333333333333334,1.6666666666666667,1.0,0.8333333333333334,0.0,2.058823529411765,5.0,0.0,5.0,0.0,5.0,0.0,0.0,0.0,0.0,0.0,0.0,0.0,0.0,5.0,0.0,0.0,0.0,5.0,0.0
1.7857142857142856,1.0,4.205440229062276,2.5000000000000004,0.0,1.6666666666666667,5.0,1.8571428571428572,3.333333333333333,2.5,3.333333333333333,3.3177988414955237,4.522184300341297,3.8888888888888893,5.0,0.35714285714285676,0.0,5.0,0.0,1.875,1.6666666666666667,5.0,0.875,1.6666666666666667,2.333333333333333,2.058823529411765,0.0,5.0,5.0,0.0,0.0,0.0,5.0,0.0,0.0,0.0,0.0,5.0,0.0,0.0,0.0,0.0,0.0,5.0,0.0
3.3333333333333335,0.0,3.335719398711525,3.035714285714286,0.0,0.0,0.0,3.9999999999999996,3.333333333333333,2.5,3.333333333333333,2.5060558188520274,1.3832563742220438,2.7777777777777777,0.0,0.0,0.0,5.0,0.0,3.5,2.5,1.6666666666666667,0.25,0.5555555555555556,0.3333333333333333,0.5882352941176471,5.0,0.0,5.0,0.0,0.0,0.0,5.0,0.0,0.0,0.0,0.0,0.0,0.0,0.0,0.0,0.0,0.0,5.0,0.0
1.7857142857142856,1.0,3.274874731567645,4.285714285714286,2.5,0.0,5.0,1.7857142857142856,1.6666666666666667,0.0,1.6666666666666667,0.34333859926276983,0.18048584621561942,2.2222222222222223,5.0,3.2142857142857144,5.0,1.6666666666666667,0.0,0.625,0.0,3.333333333333333,0.25,0.5555555555555556,0.6666666666666666,0.5882352941176471,0.0,5.0,5.0,0.0,0.0,0.0,5.0,0.0,0.0,0.0,0.0,0.0,0.0,0.0,5.0,0.0,0.0,0.0,5.0
2.2619047619047614,0.0,1.055833929849678,1.0714285714285714,3.75,0.0,5.0,0.0,3.333333333333333,2.5,3.333333333333333,3.3320168509741968,4.650471792812688,2.2222222222222223,0.0,0.7142857142857144,0.0,0.0,0.0,2.0,2.5,5.0,0.625,0.5555555555555556,0.0,0.5882352941176471,0.0,5.0,5.0,0.0,0.0,0.0,5.0,0.0,0.0,0.0,0.0,0.0,0.0,5.0,0.0,0.0,0.0,0.0,5.0
0.9523809523809521,0.0,2.4087329992841804,5.0,1.25,0.0,5.0,1.0714285714285712,3.333333333333333,1.25,3.333333333333333,0.868088467614534,0.43625777956233686,2.7777777777777777,0.0,0.35714285714285676,0.0,0.0,3.3333333333333335,1.0,4.166666666666667,3.333333333333333,0.0,0.0,0.0,0.0,0.0,5.0,0.0,5.0,0.0,0.0,5.0,0.0,0.0,0.0,0.0,0.0,0.0,0.0,0.0,5.0,0.0,0.0,0.0
3.809523809523809,0.0,2.691481746599857,0.0,3.75,5.0,0.0,2.714285714285714,3.333333333333333,5.0,5.0,4.873091100579252,4.42160208793415,1.6666666666666667,0.0,0.0,0.0,3.333333333333333,1.6666666666666667,4.0,2.5,1.6666666666666667,0.875,0.0,0.0,1.7647058823529411,0.0,5.0,0.0,5.0,0.0,0.0,5.0,0.0,0.0,0.0,0.0,5.0,0.0,0.0,0.0,0.0,0.0,0.0,0.0
4.761904761904761,1.0,1.7859699355762348,1.0714285714285714,3.75,3.333333333333333,0.0,1.6428571428571428,1.6666666666666667,2.5,0.0,2.3694049499736702,1.9933748243324636,3.8888888888888893,5.0,1.0714285714285712,0.0,5.0,0.0,3.875,0.0,1.6666666666666667,1.25,2.5,1.6666666666666665,2.6470588235294117,0.0,5.0,5.0,0.0,0.0,0.0,5.0,0.0,0.0,0.0,0.0,0.0,5.0,0.0,0.0,0.0,0.0,5.0,0.0
1.5476190476190474,0.0,0.8124552612741589,0.0,1.25,5.0,5.0,4.857142857142858,1.6666666666666667,0.0,0.0,0.31832543443917855,2.830556113230275,0.5555555555555556,0.0,0.35714285714285676,0.0,3.333333333333333,1.6666666666666667,0.5,2.5,3.333333333333333,0.5,0.5555555555555556,1.0,0.5882352941176471,0.0,5.0,5.0,0.0,5.0,0.0,0.0,0.0,0.0,0.0,5.0,0.0,0.0,0.0,0.0,0.0,0.0,5.0,0.0
0.9523809523809521,0.0,2.931281317108089,0.0,0.0,0.0,0.0,2.5714285714285716,1.6666666666666667,0.0,3.333333333333333,0.26276987888362296,4.651877133105802,0.5555555555555556,0.0,0.7142857142857144,0.0,3.333333333333333,3.3333333333333335,0.625,4.166666666666667,3.333333333333333,0.625,0.8333333333333334,0.3333333333333333,0.8823529411764706,5.0,0.0,5.0,0.0,0.0,0.0,5.0,0.0,0.0,0.0,0.0,0.0,0.0,0.0,5.0,0.0,0.0,0.0,0.0
1.4285714285714284,1.0,1.2956335003579098,0.5357142857142857,2.5,3.333333333333333,5.0,0.714285714285714,3.333333333333333,0.0,5.0,0.3359662980516061,0.26761694438867695,5.0,5.0,4.2857142857142865,5.0,3.333333333333333,0.0,0.375,3.3333333333333335,3.333333333333333,0.125,0.0,0.0,0.0,5.0,0.0,5.0,0.0,0.0,0.0,0.0,0.0,5.0,0.0,0.0,0.0,0.0,0.0,5.0,0.0,0.0,0.0,5.0
1.7857142857142856,0.0,1.1739441660701504,1.0714285714285714,2.5,5.0,5.0,1.714285714285714,3.333333333333333,1.25,0.0,0.8857293312269614,3.0841196546878136,0.0,0.0,1.0714285714285712,0.0,0.0,3.3333333333333335,0.625,1.6666666666666667,3.333333333333333,0.5,0.8333333333333334,0.0,0.8823529411764706,5.0,0.0,0.0,5.0,0.0,0.0,5.0,0.0,0.0,0.0,0.0,0.0,0.0,0.0,0.0,5.0,0.0,5.0,0.0
4.880952380952381,0.0,3.5325697924123123,0.0,1.25,1.6666666666666667,5.0,2.5714285714285716,3.333333333333333,2.5,5.0,2.8686150605581884,1.7956233688014456,1.6666666666666667,5.0,1.0714285714285712,0.0,3.333333333333333,1.6666666666666667,1.75,0.8333333333333334,0.0,0.75,1.1111111111111112,0.0,1.1764705882352942,0.0,5.0,0.0,5.0,0.0,0.0,0.0,0.0,5.0,0.0,0.0,5.0,0.0,0.0,0.0,0.0,0.0,5.0,0.0
3.214285714285714,0.0,4.591982820329277,3.3928571428571432,1.25,3.333333333333333,5.0,3.4999999999999996,3.333333333333333,3.75,5.0,3.2877830437072144,1.0855249949809276,0.0,5.0,1.0714285714285712,0.0,1.6666666666666667,0.0,2.625,1.6666666666666667,3.333333333333333,2.5,1.9444444444444446,1.3333333333333333,2.9411764705882355,0.0,5.0,5.0,0.0,0.0,0.0,5.0,0.0,0.0,0.0,0.0,0.0,0.0,0.0,0.0,0.0,0.0,5.0,0.0
4.761904761904761,0.0,4.187544738725841,0.7142857142857143,2.5,3.333333333333333,0.0,0.5,1.6666666666666667,2.5,1.6666666666666667,2.5126382306477093,1.4376631198554508,1.1111111111111112,5.0,0.7142857142857144,0.0,5.0,1.6666666666666667,3.0,2.5,3.333333333333333,0.75,0.0,0.0,1.1764705882352942,0.0,5.0,5.0,0.0,0.0,0.0,0.0,0.0,5.0,0.0,0.0,0.0,0.0,0.0,0.0,0.0,0.0,0.0,0.0
1.1904761904761902,0.0,1.2097351467430209,3.5714285714285716,2.5,3.333333333333333,5.0,0.8571428571428572,3.333333333333333,0.0,5.0,0.4486571879936809,0.9190925516964465,0.5555555555555556,0.0,0.0,0.0,3.333333333333333,1.6666666666666667,0.625,1.6666666666666667,0.0,0.625,0.5555555555555556,0.0,0.5882352941176471,0.0,5.0,5.0,0.0,0.0,0.0,5.0,0.0,0.0,0.0,0.0,0.0,0.0,0.0,5.0,0.0,0.0,5.0,0.0
1.4285714285714284,0.0,2.6843235504652827,1.6071428571428572,2.5,3.333333333333333,5.0,2.9999999999999996,1.6666666666666667,1.25,3.333333333333333,1.4662980516061084,0.12286689419795221,0.5555555555555556,0.0,2.5,0.0,0.0,1.6666666666666667,1.25,2.5,3.333333333333333,1.25,0.8333333333333334,0.3333333333333333,1.1764705882352942,0.0,5.0,0.0,5.0,0.0,5.0,0.0,0.0,0.0,0.0,0.0,0.0,0.0,0.0,0.0,5.0,0.0,5.0,0.0
3.3333333333333335,0.0,3.9692197566213316,0.7142857142857143,3.75,0.0,5.0,4.857142857142858,3.333333333333333,1.25,5.0,1.2540810953133226,3.6841999598474198,2.2222222222222223,5.0,3.571428571428571,5.0,3.333333333333333,0.0,1.75,3.3333333333333335,3.333333333333333,1.125,1.6666666666666667,0.0,2.3529411764705883,5.0,0.0,0.0,5.0,0.0,5.0,0.0,0.0,0.0,0.0,0.0,0.0,0.0,0.0,0.0,5.0,0.0,0.0,5.0
1.5476190476190474,1.0,3.428775948460988,0.0,2.5,5.0,0.0,1.714285714285714,3.333333333333333,0.0,1.6666666666666667,0.3404423380726698,1.2497490463762297,0.5555555555555556,5.0,0.0,0.0,0.0,0.0,0.375,1.6666666666666667,5.0,0.375,0.5555555555555556,0.6666666666666666,0.5882352941176471,5.0,0.0,0.0,5.0,5.0,0.0,0.0,0.0,0.0,0.0,0.0,0.0,0.0,0.0,0.0,0.0,5.0,0.0,5.0
1.5476190476190474,1.0,0.3579098067287044,1.25,2.5,0.0,0.0,0.2857142857142856,1.6666666666666667,0.0,1.6666666666666667,0.06635071090047395,4.048986147359968,0.5555555555555556,0.0,0.35714285714285676,0.0,3.333333333333333,0.0,0.125,2.5,5.0,0.125,0.0,0.0,0.0,0.0,5.0,5.0,0.0,5.0,0.0,0.0,0.0,0.0,0.0,0.0,0.0,0.0,0.0,5.0,0.0,0.0,0.0,5.0
0.4761904761904763,0.0,4.130279169649248,3.2142857142857144,0.0,3.333333333333333,5.0,3.5714285714285707,3.333333333333333,0.0,5.0,0.3459715639810426,1.9871511744629593,0.5555555555555556,0.0,4.642857142857142,5.0,0.0,3.3333333333333335,0.25,5.0,3.333333333333333,0.25,0.5555555555555556,0.6666666666666666,0.5882352941176471,0.0,5.0,5.0,0.0,0.0,0.0,5.0,0.0,0.0,0.0,0.0,0.0,0.0,0.0,5.0,0.0,0.0,5.0,0.0
0.4761904761904763,0.0,3.6542591267000715,2.678571428571429,1.25,5.0,5.0,4.7142857142857135,5.0,0.0,5.0,0.5071090047393365,1.0499899618550492,0.5555555555555556,5.0,0.7142857142857144,0.0,1.6666666666666667,3.3333333333333335,0.125,1.6666666666666667,1.6666666666666667,0.125,0.0,0.0,0.0,0.0,0.0,5.0,0.0,0.0,0.0,5.0,0.0,0.0,0.0,5.0,0.0,0.0,0.0,0.0,0.0,0.0,0.0,0.0
2.142857142857143,0.0,2.6843235504652827,0.7142857142857143,3.75,1.6666666666666667,0.0,3.714285714285714,1.6666666666666667,0.0,0.0,0.6345444971037388,2.203975105400522,5.0,5.0,1.0714285714285712,0.0,5.0,1.6666666666666667,0.75,2.5,5.0,0.125,0.2777777777777778,0.0,0.0,0.0,5.0,5.0,0.0,5.0,0.0,0.0,0.0,0.0,0.0,0.0,0.0,0.0,0.0,5.0,0.0,0.0,5.0,0.0
2.976190476190476,0.0,0.2970651395848246,1.6071428571428572,3.75,3.333333333333333,0.0,0.2142857142857144,3.333333333333333,0.0,5.0,0.3807266982622433,1.7227464364585428,0.0,0.0,2.8571428571428568,0.0,0.0,0.0,1.125,4.166666666666667,3.333333333333333,1.0,1.9444444444444446,0.3333333333333333,2.058823529411765,5.0,0.0,5.0,0.0,5.0,0.0,0.0,0.0,0.0,0.0,5.0,0.0,0.0,0.0,0.0,0.0,0.0,0.0,5.0
2.0238095238095233,1.0,0.10021474588403723,4.285714285714286,3.75,5.0,0.0,4.7142857142857135,3.333333333333333,0.0,1.6666666666666667,0.26671932596103215,2.9146757679180886,0.5555555555555556,5.0,2.8571428571428568,0.0,0.0,1.6666666666666667,1.25,2.5,1.6666666666666667,1.25,0.5555555555555556,2.333333333333333,2.3529411764705883,5.0,0.0,5.0,0.0,5.0,0.0,0.0,0.0,0.0,0.0,0.0,0.0,0.0,0.0,5.0,0.0,0.0,0.0,0.0
5.0,0.0,5.0,4.821428571428571,2.5,3.333333333333333,0.0,3.5714285714285707,1.6666666666666667,2.5,0.0,2.437335439705108,0.1507729371612126,2.2222222222222223,0.0,2.8571428571428568,0.0,5.0,0.0,2.75,4.166666666666667,5.0,2.25,3.611111111111111,4.333333333333333,3.235294117647059,5.0,0.0,0.0,5.0,0.0,5.0,0.0,0.0,0.0,0.0,0.0,0.0,0.0,0.0,0.0,5.0,0.0,5.0,0.0
1.9047619047619047,0.0,0.1037938439513243,0.17857142857142858,2.5,3.333333333333333,0.0,3.9999999999999996,3.333333333333333,1.25,0.0,0.9291732490784623,0.7920096366191529,0.0,5.0,0.35714285714285676,0.0,5.0,0.0,0.5,2.5,3.333333333333333,0.375,0.5555555555555556,0.0,0.5882352941176471,0.0,5.0,0.0,5.0,0.0,5.0,0.0,0.0,0.0,0.0,0.0,0.0,0.0,0.0,0.0,5.0,0.0,0.0,5.0
2.4999999999999996,1.0,3.6506800286327845,0.8928571428571428,2.5,5.0,5.0,2.857142857142857,3.333333333333333,0.0,0.0,0.36729857819905215,0.4434852439269223,3.8888888888888893,5.0,3.571428571428571,5.0,5.0,0.0,1.0,1.6666666666666667,0.0,0.25,0.5555555555555556,0.6666666666666666,0.5882352941176471,0.0,5.0,5.0,0.0,0.0,0.0,5.0,0.0,0.0,0.0,5.0,0.0,0.0,0.0,0.0,0.0,0.0,5.0,0.0
2.380952380952381,0.0,2.390837508947745,1.6071428571428572,3.75,3.333333333333333,5.0,3.0714285714285716,1.6666666666666667,2.5,3.333333333333333,2.0355450236966823,0.6976510740815098,0.0,5.0,1.0714285714285712,0.0,1.6666666666666667,3.3333333333333335,1.125,1.6666666666666667,3.333333333333333,1.0,1.9444444444444446,0.6666666666666666,2.058823529411765,0.0,5.0,0.0,5.0,0.0,5.0,0.0,0.0,0.0,0.0,0.0,0.0,0.0,0.0,0.0,5.0,0.0,0.0,0.0
1.7857142857142856,1.0,1.7358625626342161,1.6071428571428572,0.0,0.0,5.0,0.5714285714285712,0.0,0.0,5.0,0.6316482359136388,0.9257177273639832,3.8888888888888893,0.0,0.7142857142857144,0.0,0.0,5.0,1.0,1.6666666666666667,3.333333333333333,0.5,0.8333333333333334,0.3333333333333333,0.8823529411764706,0.0,5.0,5.0,0.0,0.0,0.0,5.0,0.0,0.0,0.0,5.0,0.0,0.0,0.0,0.0,0.0,0.0,0.0,0.0
0.833333333333333,0.0,2.8239083750894776,0.5357142857142857,1.25,1.6666666666666667,0.0,4.928571428571429,1.6666666666666667,1.25,5.0,0.9157451290152712,2.0068259385665526,0.5555555555555556,5.0,0.0,0.0,1.6666666666666667,0.0,0.625,2.5,3.333333333333333,0.625,1.1111111111111112,0.3333333333333333,0.8823529411764706,0.0,5.0,0.0,5.0,5.0,0.0,0.0,0.0,0.0,0.0,0.0,0.0,0.0,0.0,0.0,5.0,0.0,0.0,5.0
3.6904761904761902,0.0,4.985683607730852,0.7142857142857143,3.75,0.0,5.0,4.7142857142857135,3.333333333333333,1.25,3.333333333333333,1.4855186940494995,3.9028307568761296,1.1111111111111112,0.0,1.0714285714285712,0.0,1.6666666666666667,1.6666666666666667,2.5,0.0,1.6666666666666667,0.375,0.5555555555555556,0.3333333333333333,0.5882352941176471,0.0,5.0,5.0,0.0,0.0,0.0,0.0,0.0,5.0,0.0,0.0,0.0,0.0,0.0,0.0,0.0,0.0,5.0,0.0
3.214285714285714,0.0,2.455261274158912,4.107142857142857,3.75,1.6666666666666667,5.0,0.4285714285714284,3.333333333333333,0.0,1.6666666666666667,0.3075302790942602,1.2495482834772136,0.5555555555555556,0.0,1.7857142857142856,0.0,0.0,0.0,0.75,2.5,3.333333333333333,0.75,0.8333333333333334,0.0,1.1764705882352942,0.0,5.0,0.0,0.0,0.0,0.0,5.0,0.0,0.0,5.0,0.0,0.0,0.0,0.0,0.0,0.0,0.0,0.0,5.0
2.976190476190476,0.0,3.1496062992125986,1.9642857142857142,2.5,0.0,5.0,2.0714285714285716,1.6666666666666667,3.75,1.6666666666666667,3.5089520800421274,0.45191728568560535,0.5555555555555556,0.0,0.0,0.0,3.333333333333333,1.6666666666666667,3.125,2.5,3.333333333333333,3.125,2.7777777777777777,1.0,2.6470588235294117,0.0,5.0,5.0,0.0,5.0,0.0,0.0,0.0,0.0,0.0,0.0,0.0,0.0,5.0,0.0,0.0,0.0,0.0,0.0
1.9047619047619047,0.0,2.602004294917681,2.5000000000000004,2.5,1.6666666666666667,5.0,2.9285714285714284,3.333333333333333,3.75,0.0,4.212216956292785,1.9745031118249348,3.8888888888888893,0.0,1.0714285714285712,0.0,5.0,3.3333333333333335,2.0,2.5,1.6666666666666667,1.75,2.2222222222222223,2.0,2.6470588235294117,5.0,0.0,5.0,0.0,0.0,0.0,5.0,0.0,0.0,0.0,0.0,0.0,0.0,5.0,0.0,0.0,0.0,0.0,0.0
1.9047619047619047,0.0,4.405869720830351,1.6071428571428572,3.75,3.333333333333333,0.0,4.071428571428571,3.333333333333333,0.0,3.333333333333333,0.3188520273828331,3.2756474603493273,0.5555555555555556,5.0,2.8571428571428568,0.0,5.0,1.6666666666666667,0.125,1.6666666666666667,3.333333333333333,0.125,0.2777777777777778,0.0,0.0,0.0,5.0,0.0,5.0,5.0,0.0,0.0,0.0,0.0,0.0,0.0,0.0,0.0,0.0,0.0,0.0,5.0,5.0,0.0
0.5952380952380953,0.0,0.7444523979957052,1.6071428571428572,0.0,0.0,5.0,3.4999999999999996,5.0,0.0,3.333333333333333,0.6571879936808847,3.5205781971491668,0.5555555555555556,0.0,2.5,0.0,5.0,0.0,0.25,2.5,3.333333333333333,0.25,0.5555555555555556,0.0,0.5882352941176471,0.0,5.0,5.0,0.0,0.0,0.0,5.0,0.0,0.0,0.0,0.0,0.0,0.0,0.0,5.0,0.0,0.0,0.0,5.0
2.2619047619047614,0.0,1.6785969935576235,1.6071428571428572,0.0,5.0,0.0,3.714285714285714,3.333333333333333,0.0,0.0,0.46682464454976297,3.5757879943786386,0.0,5.0,0.7142857142857144,0.0,1.6666666666666667,3.3333333333333335,0.75,2.5,1.6666666666666667,0.625,0.8333333333333334,1.3333333333333333,0.8823529411764706,0.0,5.0,5.0,0.0,5.0,0.0,0.0,0.0,0.0,0.0,0.0,0.0,0.0,0.0,5.0,0.0,0.0,0.0,0.0
2.0238095238095233,0.0,1.0093056549749464,1.25,3.75,0.0,0.0,2.9999999999999996,3.333333333333333,0.0,5.0,0.4115323854660347,3.658502308773339,0.5555555555555556,0.0,1.7857142857142856,0.0,1.6666666666666667,1.6666666666666667,0.375,0.8333333333333334,1.6666666666666667,0.375,0.5555555555555556,0.0,0.5882352941176471,0.0,5.0,0.0,5.0,5.0,0.0,0.0,0.0,0.0,0.0,0.0,0.0,0.0,0.0,0.0,0.0,5.0,5.0,0.0
2.142857142857143,1.0,1.5318539727988547,0.3571428571428571,0.0,3.333333333333333,5.0,1.5,1.6666666666666667,2.5,5.0,2.452869931542917,0.6874121662316806,0.5555555555555556,5.0,0.0,0.0,0.0,1.6666666666666667,2.0,5.0,3.333333333333333,2.0,1.9444444444444446,1.0,2.058823529411765,0.0,5.0,0.0,5.0,5.0,0.0,0.0,0.0,0.0,0.0,0.0,0.0,0.0,0.0,0.0,5.0,0.0,5.0,0.0
0.5952380952380953,0.0,4.319971367215461,4.464285714285714,0.0,3.333333333333333,5.0,3.785714285714285,3.333333333333333,0.0,5.0,0.4989468141126909,2.8102790604296324,0.5555555555555556,0.0,0.35714285714285676,0.0,3.333333333333333,3.3333333333333335,0.5,1.6666666666666667,1.6666666666666667,0.5,0.5555555555555556,0.0,0.5882352941176471,0.0,5.0,5.0,0.0,5.0,0.0,0.0,0.0,0.0,0.0,0.0,0.0,0.0,0.0,5.0,0.0,0.0,0.0,0.0
0.833333333333333,0.0,2.795275590551181,4.464285714285714,0.0,3.333333333333333,0.0,0.1428571428571428,3.333333333333333,1.25,5.0,1.3615060558188519,4.158401927323831,0.5555555555555556,0.0,4.2857142857142865,5.0,1.6666666666666667,0.0,0.75,4.166666666666667,1.6666666666666667,0.75,1.3888888888888888,0.3333333333333333,1.1764705882352942,0.0,5.0,0.0,5.0,0.0,0.0,5.0,0.0,0.0,0.0,0.0,0.0,0.0,0.0,0.0,5.0,0.0,0.0,5.0
2.976190476190476,0.0,4.445239799570508,1.0714285714285714,2.5,5.0,5.0,0.5,5.0,0.0,5.0,0.2843601895734597,0.6291909255169645,2.2222222222222223,0.0,1.0714285714285712,0.0,5.0,5.0,0.875,2.5,5.0,0.625,1.1111111111111112,0.6666666666666666,0.5882352941176471,0.0,0.0,5.0,0.0,0.0,0.0,5.0,0.0,0.0,0.0,0.0,0.0,0.0,0.0,5.0,0.0,0.0,0.0,0.0
2.7380952380952377,1.0,3.518253400143164,0.17857142857142858,3.75,1.6666666666666667,0.0,1.9285714285714284,0.0,0.0,5.0,0.4657714586624539,3.138124874523188,2.2222222222222223,5.0,0.7142857142857144,0.0,3.333333333333333,1.6666666666666667,1.25,0.8333333333333334,1.6666666666666667,0.875,1.9444444444444446,0.3333333333333333,0.0,0.0,5.0,5.0,0.0,5.0,0.0,0.0,0.0,0.0,0.0,5.0,0.0,0.0,0.0,0.0,0.0,0.0,0.0,0.0
0.833333333333333,0.0,4.488188976377953,1.6071428571428572,3.75,3.333333333333333,5.0,1.9285714285714284,3.333333333333333,1.25,5.0,1.0376513954713005,3.7199357558723145,0.0,0.0,1.0714285714285712,0.0,1.6666666666666667,0.0,0.625,3.3333333333333335,3.333333333333333,0.5,0.8333333333333334,0.3333333333333333,0.29411764705882354,0.0,5.0,0.0,5.0,5.0,0.0,0.0,0.0,0.0,0.0,0.0,0.0,0.0,0.0,0.0,5.0,0.0,0.0,5.0
4.0476190476190474,0.0,4.9677881173944165,0.5357142857142857,1.25,5.0,0.0,0.0,3.333333333333333,3.75,5.0,4.093206951026856,1.6494679783176072,1.1111111111111112,0.0,0.7142857142857144,0.0,5.0,0.0,3.875,1.6666666666666667,0.0,0.625,0.5555555555555556,0.3333333333333333,1.1764705882352942,0.0,5.0,5.0,0.0,5.0,0.0,0.0,0.0,0.0,0.0,0.0,5.0,0.0,0.0,0.0,0.0,0.0,5.0,0.0
2.142857142857143,0.0,1.5712240515390121,0.3571428571428571,3.75,0.0,5.0,1.2857142857142856,1.6666666666666667,2.5,5.0,2.2880463401790414,1.034330455731781,2.2222222222222223,0.0,0.0,0.0,0.0,1.6666666666666667,2.0,1.6666666666666667,3.333333333333333,1.625,2.5,0.3333333333333333,3.5294117647058822,5.0,0.0,0.0,5.0,0.0,0.0,5.0,0.0,0.0,0.0,0.0,0.0,0.0,0.0,0.0,5.0,0.0,5.0,0.0
0.9523809523809521,0.0,3.45025053686471,0.17857142857142858,1.25,5.0,5.0,0.1428571428571428,5.0,1.25,5.0,1.1750921537651393,0.2489459947801646,0.5555555555555556,0.0,0.35714285714285676,0.0,1.6666666666666667,0.0,1.0,1.6666666666666667,3.333333333333333,1.0,1.9444444444444446,0.3333333333333333,0.8823529411764706,0.0,5.0,5.0,0.0,0.0,0.0,5.0,0.0,0.0,0.0,0.0,0.0,5.0,0.0,0.0,0.0,0.0,5.0,0.0
4.523809523809524,0.0,4.073013600572656,1.4285714285714286,2.5,0.0,0.0,2.357142857142857,3.333333333333333,0.0,3.333333333333333,0.5089520800421274,2.0196747641035935,1.1111111111111112,0.0,2.8571428571428568,0.0,1.6666666666666667,1.6666666666666667,2.25,3.3333333333333335,3.333333333333333,0.625,1.1111111111111112,0.0,0.8823529411764706,5.0,0.0,5.0,0.0,0.0,0.0,5.0,0.0,0.0,0.0,0.0,0.0,0.0,0.0,5.0,0.0,0.0,5.0,0.0
1.9047619047619047,0.0,2.777380100214746,1.6071428571428572,3.75,5.0,5.0,0.9285714285714284,3.333333333333333,0.0,3.333333333333333,0.7388098999473407,0.7785585223850633,0.5555555555555556,5.0,2.1428571428571423,0.0,5.0,1.6666666666666667,0.625,3.3333333333333335,5.0,0.625,0.8333333333333334,0.6666666666666666,0.0,5.0,0.0,5.0,0.0,0.0,0.0,5.0,0.0,0.0,0.0,0.0,0.0,0.0,0.0,5.0,0.0,0.0,0.0,0.0
2.380952380952381,0.0,1.0486757337151038,1.4285714285714286,2.5,1.6666666666666667,5.0,4.857142857142858,1.6666666666666667,0.0,1.6666666666666667,0.4976303317535545,2.009235093354748,0.0,0.0,2.8571428571428568,0.0,5.0,1.6666666666666667,0.375,2.5,3.333333333333333,0.25,0.5555555555555556,0.3333333333333333,0.5882352941176471,0.0,5.0,0.0,5.0,0.0,5.0,0.0,0.0,0.0,0.0,0.0,0.0,0.0,0.0,0.0,0.0,5.0,5.0,0.0
2.142857142857143,0.0,4.656406585540444,0.8928571428571428,2.5,5.0,5.0,1.214285714285714,3.333333333333333,0.0,5.0,0.5795155344918377,3.6452519574382656,0.0,0.0,0.0,0.0,3.333333333333333,1.6666666666666667,2.0,3.3333333333333335,3.333333333333333,1.875,3.611111111111111,3.333333333333333,3.235294117647059,0.0,5.0,5.0,0.0,5.0,0.0,0.0,0.0,0.0,0.0,5.0,0.0,0.0,0.0,0.0,0.0,0.0,5.0,0.0
0.9523809523809521,0.0,0.322118826055834,0.0,1.25,0.0,5.0,2.0714285714285716,1.6666666666666667,0.0,0.0,0.7756714060031595,1.8163019474001205,0.5555555555555556,0.0,1.7857142857142856,0.0,0.0,3.3333333333333335,0.75,1.6666666666666667,3.333333333333333,0.625,0.8333333333333334,0.3333333333333333,0.8823529411764706,0.0,5.0,5.0,0.0,0.0,0.0,5.0,0.0,0.0,0.0,5.0,0.0,0.0,0.0,0.0,0.0,0.0,5.0,0.0
1.3095238095238093,1.0,1.0952040085898354,3.9285714285714293,0.0,5.0,0.0,1.0714285714285712,1.6666666666666667,2.5,0.0,1.6658767772511847,1.8205179682794619,0.5555555555555556,0.0,0.7142857142857144,0.0,0.0,1.6666666666666667,1.375,2.5,0.0,1.375,2.2222222222222223,1.0,2.9411764705882355,0.0,5.0,0.0,5.0,5.0,0.0,0.0,0.0,0.0,0.0,0.0,0.0,0.0,0.0,0.0,5.0,0.0,5.0,0.0
1.0714285714285712,0.0,3.7759484609878315,2.857142857142857,2.5,3.333333333333333,5.0,1.5,3.333333333333333,0.0,1.6666666666666667,0.5394944707740916,2.2625978719132704,0.0,5.0,1.7857142857142856,0.0,5.0,1.6666666666666667,0.75,2.5,1.6666666666666667,0.625,0.5555555555555556,0.3333333333333333,0.29411764705882354,0.0,5.0,5.0,0.0,0.0,0.0,0.0,0.0,5.0,0.0,0.0,0.0,0.0,0.0,5.0,0.0,0.0,5.0,0.0
1.5476190476190474,1.0,2.0221904080171798,0.0,3.75,1.6666666666666667,0.0,1.4285714285714284,0.0,0.0,3.333333333333333,0.09215376513954715,2.8227263601686405,0.5555555555555556,0.0,0.35714285714285676,0.0,1.6666666666666667,0.0,0.125,2.5,3.333333333333333,0.125,0.0,0.0,0.0,5.0,0.0,0.0,5.0,5.0,0.0,0.0,0.0,0.0,0.0,0.0,0.0,0.0,0.0,0.0,0.0,5.0,0.0,5.0
2.976190476190476,0.0,2.4087329992841804,2.5000000000000004,2.5,5.0,5.0,1.214285714285714,1.6666666666666667,1.25,5.0,1.525803054239073,4.334270226862076,1.6666666666666667,0.0,2.5,0.0,3.333333333333333,1.6666666666666667,0.875,4.166666666666667,3.333333333333333,0.25,0.5555555555555556,0.6666666666666666,0.5882352941176471,5.0,0.0,0.0,5.0,5.0,0.0,0.0,0.0,0.0,0.0,0.0,0.0,0.0,0.0,0.0,5.0,0.0,5.0,0.0
2.142857142857143,0.0,4.7673586256263425,1.25,3.75,0.0,5.0,3.285714285714285,1.6666666666666667,2.5,0.0,1.7319641916798314,2.436257779562337,0.5555555555555556,0.0,1.4285714285714288,0.0,1.6666666666666667,0.0,1.25,0.8333333333333334,3.333333333333333,1.25,1.9444444444444446,0.0,2.6470588235294117,0.0,0.0,0.0,5.0,5.0,0.0,0.0,0.0,0.0,0.0,0.0,0.0,0.0,0.0,0.0,5.0,0.0,0.0,5.0
2.619047619047619,0.0,0.8124552612741589,0.0,3.75,1.6666666666666667,5.0,4.142857142857142,3.333333333333333,0.0,1.6666666666666667,0.36282253817798843,0.9371612126079101,1.6666666666666667,0.0,3.928571428571429,5.0,3.333333333333333,1.6666666666666667,0.875,2.5,3.333333333333333,0.5,0.5555555555555556,0.0,0.8823529411764706,0.0,5.0,5.0,0.0,5.0,0.0,0.0,0.0,0.0,0.0,5.0,0.0,0.0,0.0,0.0,0.0,0.0,5.0,0.0
0.4761904761904763,0.0,1.7609162491052257,0.17857142857142858,0.0,3.333333333333333,5.0,5.0,3.333333333333333,0.0,5.0,0.3986308583464982,3.454125677574784,0.0,0.0,1.0714285714285712,0.0,3.333333333333333,1.6666666666666667,0.375,1.6666666666666667,3.333333333333333,0.25,0.2777777777777778,0.6666666666666666,0.29411764705882354,0.0,5.0,5.0,0.0,0.0,0.0,0.0,0.0,5.0,0.0,5.0,0.0,0.0,0.0,0.0,0.0,0.0,5.0,0.0
0.9523809523809521,0.0,4.58840372226199,0.3571428571428571,3.75,0.0,5.0,3.714285714285714,5.0,0.0,5.0,0.8981042654028435,2.274041357157197,0.5555555555555556,0.0,3.928571428571429,5.0,1.6666666666666667,1.6666666666666667,1.0,1.6666666666666667,3.333333333333333,1.0,1.9444444444444446,0.0,2.058823529411765,0.0,5.0,5.0,0.0,0.0,0.0,5.0,0.0,0.0,0.0,5.0,0.0,0.0,0.0,0.0,0.0,0.0,5.0,0.0
1.5476190476190474,0.0,4.0443808160343595,1.0714285714285714,3.75,3.333333333333333,0.0,0.6428571428571428,3.333333333333333,2.5,5.0,1.61506055818852,4.741818911865087,0.5555555555555556,5.0,1.0714285714285712,0.0,3.333333333333333,0.0,1.375,1.6666666666666667,1.6666666666666667,1.375,2.5,1.3333333333333333,2.9411764705882355,0.0,5.0,5.0,0.0,0.0,0.0,5.0,0.0,0.0,0.0,0.0,0.0,5.0,0.0,0.0,0.0,0.0,0.0,5.0
4.0476190476190474,1.0,3.3214030064423765,0.7142857142857143,2.5,1.6666666666666667,5.0,2.4285714285714284,3.333333333333333,2.5,1.6666666666666667,1.9581358609794626,3.9028307568761296,5.0,5.0,2.8571428571428568,0.0,3.333333333333333,0.0,1.25,1.6666666666666667,1.6666666666666667,1.0,1.9444444444444446,2.333333333333333,2.058823529411765,0.0,5.0,0.0,5.0,5.0,0.0,0.0,0.0,0.0,0.0,0.0,0.0,0.0,0.0,0.0,5.0,0.0,0.0,5.0
1.1904761904761902,0.0,3.7795275590551185,1.4285714285714286,2.5,5.0,5.0,4.571428571428571,3.333333333333333,0.0,5.0,0.27935755660874145,0.10419594458943987,0.5555555555555556,0.0,4.2857142857142865,5.0,5.0,1.6666666666666667,0.625,2.5,1.6666666666666667,0.625,0.5555555555555556,0.0,1.1764705882352942,0.0,5.0,5.0,0.0,0.0,0.0,5.0,0.0,0.0,0.0,0.0,0.0,0.0,0.0,5.0,0.0,0.0,5.0,0.0
2.2619047619047614,0.0,4.785254115962777,0.5357142857142857,0.0,3.333333333333333,5.0,1.714285714285714,3.333333333333333,0.0,3.333333333333333,0.5231700895208005,0.6199558321622165,3.8888888888888893,5.0,1.4285714285714288,0.0,5.0,0.0,1.0,1.6666666666666667,3.333333333333333,0.75,1.1111111111111112,0.3333333333333333,0.8823529411764706,0.0,5.0,5.0,0.0,5.0,0.0,0.0,0.0,0.0,0.0,0.0,0.0,0.0,0.0,5.0,0.0,0.0,5.0,0.0
2.857142857142857,0.0,0.3078024337866858,5.0,2.5,1.6666666666666667,5.0,1.8571428571428572,0.0,1.25,5.0,0.8591363875724065,1.498494278257378,2.2222222222222223,0.0,2.8571428571428568,0.0,0.0,0.0,2.0,2.5,3.333333333333333,0.125,0.0,0.0,0.0,0.0,5.0,5.0,0.0,0.0,0.0,5.0,0.0,0.0,0.0,5.0,0.0,0.0,0.0,0.0,0.0,0.0,0.0,5.0
3.0952380952380953,0.0,0.032211882605583386,2.857142857142857,2.5,5.0,5.0,3.142857142857143,0.0,0.0,3.333333333333333,0.3372827804107425,0.438666934350532,1.1111111111111112,0.0,0.7142857142857144,0.0,5.0,0.0,0.75,2.5,3.333333333333333,0.0,0.0,0.0,0.0,0.0,0.0,5.0,0.0,5.0,0.0,0.0,0.0,0.0,0.0,0.0,0.0,0.0,0.0,5.0,0.0,0.0,0.0,5.0
1.1904761904761902,0.0,3.7294201861130993,1.6071428571428572,0.0,5.0,5.0,3.142857142857143,3.333333333333333,0.0,1.6666666666666667,0.011321748288572964,4.274242120056214,0.5555555555555556,0.0,3.928571428571429,5.0,1.6666666666666667,0.0,0.125,4.166666666666667,3.333333333333333,0.125,0.0,0.0,0.0,0.0,5.0,0.0,5.0,0.0,0.0,5.0,0.0,0.0,0.0,0.0,0.0,0.0,0.0,0.0,0.0,5.0,5.0,0.0
1.5476190476190474,0.0,4.402290622763064,1.7857142857142858,1.25,3.333333333333333,5.0,3.5714285714285707,3.333333333333333,1.25,0.0,1.5334386519220642,3.0104396707488457,0.5555555555555556,5.0,0.35714285714285676,0.0,5.0,0.0,0.75,1.6666666666666667,1.6666666666666667,0.75,1.3888888888888888,0.0,0.29411764705882354,0.0,5.0,5.0,0.0,0.0,0.0,5.0,0.0,0.0,0.0,0.0,0.0,0.0,0.0,0.0,0.0,0.0,5.0,0.0
0.11904761904761907,1.0,0.7193987115246958,0.17857142857142858,2.5,1.6666666666666667,5.0,1.214285714285714,1.6666666666666667,0.0,5.0,0.024486571879936803,1.4348524392692232,0.5555555555555556,0.0,3.928571428571429,5.0,3.333333333333333,0.0,0.125,2.5,1.6666666666666667,0.125,0.0,0.3333333333333333,0.0,0.0,5.0,5.0,0.0,5.0,0.0,0.0,0.0,0.0,0.0,5.0,0.0,0.0,0.0,0.0,0.0,0.0,0.0,5.0
2.2619047619047614,1.0,4.549033643521833,0.17857142857142858,1.25,5.0,5.0,4.428571428571429,1.6666666666666667,0.0,3.333333333333333,0.28462348604528703,0.06063039550291105,3.3333333333333335,5.0,1.4285714285714288,0.0,1.6666666666666667,0.0,0.875,2.5,3.333333333333333,0.0,0.0,0.0,0.0,0.0,5.0,5.0,0.0,0.0,0.0,0.0,5.0,0.0,0.0,5.0,0.0,0.0,0.0,0.0,0.0,0.0,0.0,5.0
3.214285714285714,0.0,0.5368647100930566,0.17857142857142858,2.5,1.6666666666666667,0.0,4.642857142857142,1.6666666666666667,0.0,3.333333333333333,0.3330700368615061,0.8148966071070067,0.5555555555555556,0.0,1.0714285714285712,0.0,5.0,0.0,0.125,2.5,3.333333333333333,0.125,0.0,0.0,0.0,0.0,5.0,5.0,0.0,5.0,0.0,0.0,0.0,0.0,0.0,0.0,0.0,0.0,0.0,5.0,0.0,0.0,0.0,5.0
3.809523809523809,0.0,2.512526843235505,1.4285714285714286,2.5,0.0,5.0,2.4285714285714284,3.333333333333333,0.0,5.0,0.3609794628751975,3.6279863481228665,2.2222222222222223,0.0,2.5,0.0,1.6666666666666667,0.0,1.0,4.166666666666667,3.333333333333333,0.125,0.0,0.0,0.0,0.0,5.0,5.0,0.0,5.0,0.0,0.0,0.0,0.0,0.0,5.0,0.0,0.0,0.0,0.0,0.0,0.0,5.0,0.0
3.9285714285714284,0.0,4.846098783106657,0.0,3.75,0.0,0.0,0.0,1.6666666666666667,2.5,0.0,1.7048446550816216,4.758482232483437,1.6666666666666667,0.0,3.2142857142857144,5.0,3.333333333333333,0.0,2.875,0.8333333333333334,1.6666666666666667,1.625,3.3333333333333335,4.0,2.3529411764705883,5.0,0.0,5.0,0.0,0.0,0.0,5.0,0.0,0.0,0.0,0.0,0.0,0.0,0.0,0.0,0.0,0.0,0.0,5.0
2.857142857142857,0.0,1.7931281317108088,1.0714285714285714,3.75,1.6666666666666667,0.0,3.4285714285714284,5.0,1.25,1.6666666666666667,0.35887309110057924,0.7094960851234693,3.3333333333333335,5.0,1.7857142857142856,0.0,5.0,0.0,2.25,1.6666666666666667,3.333333333333333,0.125,0.0,0.0,0.0,0.0,5.0,5.0,0.0,0.0,0.0,5.0,0.0,0.0,0.0,0.0,0.0,0.0,0.0,5.0,0.0,0.0,5.0,0.0
1.6666666666666665,0.0,3.5468861846814606,0.8928571428571428,3.75,1.6666666666666667,5.0,4.071428571428571,3.333333333333333,1.25,3.333333333333333,1.0534491837809372,4.4583416984541255,0.5555555555555556,0.0,1.7857142857142856,0.0,0.0,0.0,1.5,0.0,3.333333333333333,1.375,2.2222222222222223,1.6666666666666665,2.058823529411765,0.0,5.0,0.0,5.0,0.0,0.0,5.0,0.0,0.0,0.0,0.0,0.0,0.0,0.0,0.0,5.0,0.0,0.0,5.0
1.6666666666666665,0.0,2.1009305654974946,1.4285714285714286,1.25,5.0,5.0,0.3571428571428572,0.0,1.25,5.0,0.9634017904160084,4.159405741818912,0.0,0.0,2.1428571428571423,0.0,5.0,5.0,1.125,1.6666666666666667,5.0,1.0,1.9444444444444446,0.0,2.058823529411765,5.0,0.0,0.0,5.0,0.0,0.0,5.0,0.0,0.0,0.0,0.0,0.0,0.0,0.0,0.0,5.0,0.0,0.0,0.0
1.6666666666666665,0.0,2.5948460987831066,0.0,0.0,5.0,5.0,2.9285714285714284,3.333333333333333,0.0,0.0,0.5126382306477093,2.626781770728769,0.5555555555555556,0.0,0.7142857142857144,0.0,5.0,0.0,0.125,1.6666666666666667,3.333333333333333,0.125,0.0,0.0,0.0,0.0,5.0,5.0,0.0,5.0,0.0,0.0,0.0,0.0,0.0,0.0,0.0,0.0,0.0,5.0,0.0,0.0,0.0,5.0
1.7857142857142856,0.0,1.553328561202577,1.6071428571428572,5.0,5.0,5.0,3.714285714285714,5.0,2.5,3.333333333333333,1.9407582938388626,3.937763501304959,0.0,5.0,1.0714285714285712,0.0,5.0,3.3333333333333335,1.25,2.5,3.333333333333333,1.125,2.2222222222222223,0.0,2.3529411764705883,0.0,5.0,0.0,5.0,0.0,5.0,0.0,0.0,0.0,0.0,0.0,0.0,0.0,0.0,0.0,5.0,0.0,0.0,0.0
3.452380952380952,0.0,3.052970651395848,0.5357142857142857,1.25,5.0,0.0,3.785714285714285,3.333333333333333,1.25,5.0,0.8304370721432333,1.3003412969283277,0.5555555555555556,5.0,2.1428571428571423,0.0,3.333333333333333,0.0,1.125,0.0,3.333333333333333,1.125,0.0,0.0,2.058823529411765,0.0,5.0,0.0,5.0,5.0,0.0,0.0,0.0,0.0,0.0,0.0,0.0,0.0,0.0,0.0,5.0,0.0,0.0,5.0
0.23809523809523814,1.0,3.5612025769506084,1.7857142857142858,2.5,5.0,0.0,4.857142857142858,1.6666666666666667,0.0,0.0,0.41890468667719855,3.248544468982132,0.5555555555555556,5.0,1.4285714285714288,0.0,0.0,0.0,0.125,1.6666666666666667,3.333333333333333,0.125,0.0,0.0,0.0,0.0,5.0,5.0,0.0,0.0,0.0,5.0,0.0,0.0,0.0,0.0,0.0,0.0,0.0,5.0,0.0,0.0,0.0,5.0
1.3095238095238093,1.0,1.0952040085898354,4.285714285714286,5.0,3.333333333333333,0.0,2.9285714285714284,1.6666666666666667,0.0,1.6666666666666667,0.4046866771985255,3.2535635414575386,2.7777777777777777,0.0,1.7857142857142856,0.0,1.6666666666666667,0.0,0.75,1.6666666666666667,5.0,0.25,0.5555555555555556,0.3333333333333333,0.29411764705882354,0.0,5.0,5.0,0.0,0.0,0.0,0.0,0.0,5.0,0.0,0.0,0.0,0.0,0.0,5.0,0.0,0.0,5.0,0.0
2.0238095238095233,0.0,3.8654259126700072,1.7857142857142858,1.25,5.0,5.0,1.714285714285714,3.333333333333333,1.25,5.0,1.0423907319641916,3.293716121260791,0.5555555555555556,0.0,0.0,0.0,5.0,1.6666666666666667,0.625,2.5,3.333333333333333,0.625,0.5555555555555556,0.0,0.5882352941176471,5.0,0.0,0.0,5.0,0.0,5.0,0.0,0.0,0.0,0.0,0.0,0.0,0.0,0.0,0.0,5.0,0.0,0.0,0.0
1.3095238095238093,0.0,4.226914817465999,3.9285714285714293,2.5,5.0,5.0,1.714285714285714,3.333333333333333,0.0,5.0,0.3138493944181148,3.227062838787392,5.0,0.0,1.7857142857142856,0.0,5.0,0.0,0.75,3.3333333333333335,3.333333333333333,0.375,0.5555555555555556,0.3333333333333333,0.5882352941176471,0.0,5.0,5.0,0.0,5.0,0.0,0.0,0.0,0.0,0.0,0.0,0.0,0.0,0.0,5.0,0.0,0.0,0.0,5.0
0.714285714285714,1.0,2.115246957766643,0.3571428571428571,1.25,0.0,0.0,2.4999999999999996,3.333333333333333,1.25,3.333333333333333,0.939441811479726,4.555510941577996,5.0,0.0,1.0714285714285712,0.0,0.0,0.0,0.5,2.5,3.333333333333333,0.25,0.5555555555555556,0.6666666666666666,0.0,0.0,5.0,0.0,5.0,5.0,0.0,0.0,0.0,0.0,0.0,0.0,0.0,0.0,0.0,0.0,5.0,0.0,0.0,5.0
1.6666666666666665,0.0,4.64924838940587,0.5357142857142857,1.25,3.333333333333333,0.0,1.8571428571428572,3.333333333333333,0.0,1.6666666666666667,0.7693522906793049,3.7936157398112824,1.1111111111111112,0.0,0.0,0.0,0.0,1.6666666666666667,0.75,4.166666666666667,3.333333333333333,0.5,0.8333333333333334,0.3333333333333333,0.5882352941176471,0.0,5.0,0.0,5.0,5.0,0.0,0.0,0.0,0.0,0.0,0.0,0.0,0.0,0.0,0.0,0.0,5.0,5.0,0.0
1.1904761904761902,0.0,4.917680744452398,0.0,2.5,3.333333333333333,0.0,1.7857142857142856,0.0,1.25,5.0,1.491574512901527,2.870507930134511,0.0,0.0,0.0,0.0,0.0,5.0,1.25,5.0,3.333333333333333,1.125,2.2222222222222223,2.333333333333333,1.4705882352941178,0.0,0.0,5.0,0.0,5.0,0.0,0.0,0.0,0.0,0.0,5.0,0.0,0.0,0.0,0.0,0.0,0.0,5.0,0.0
2.0238095238095233,0.0,4.341445955619184,3.7500000000000004,2.5,1.6666666666666667,0.0,2.9285714285714284,5.0,2.5,1.6666666666666667,2.892838335966298,3.414173860670548,3.8888888888888893,0.0,2.5,0.0,1.6666666666666667,1.6666666666666667,1.25,5.0,1.6666666666666667,0.875,1.9444444444444446,2.0,0.5882352941176471,0.0,5.0,5.0,0.0,5.0,0.0,0.0,0.0,0.0,0.0,0.0,5.0,0.0,0.0,0.0,0.0,0.0,0.0,0.0
1.9047619047619047,0.0,0.23264137437365784,1.25,5.0,1.6666666666666667,0.0,0.1428571428571428,3.333333333333333,1.25,0.0,1.0826750921537651,0.42019674764103593,1.6666666666666667,0.0,1.0714285714285712,0.0,3.333333333333333,1.6666666666666667,0.875,2.5,3.333333333333333,0.0,0.0,0.0,0.0,0.0,5.0,5.0,0.0,5.0,0.0,0.0,0.0,0.0,0.0,0.0,0.0,5.0,0.0,0.0,0.0,0.0,0.0,0.0
2.142857142857143,0.0,2.9026485325697924,1.4285714285714286,1.25,1.6666666666666667,5.0,1.2857142857142856,1.6666666666666667,1.25,1.6666666666666667,2.0637177461822014,2.3770327243525395,1.1111111111111112,5.0,0.0,0.0,3.333333333333333,1.6666666666666667,1.625,1.6666666666666667,3.333333333333333,0.375,0.5555555555555556,0.0,0.5882352941176471,0.0,5.0,5.0,0.0,0.0,0.0,5.0,0.0,0.0,0.0,0.0,0.0,5.0,0.0,0.0,0.0,0.0,0.0,0.0
4.0476190476190474,0.0,2.136721546170365,0.0,3.75,3.333333333333333,5.0,2.4999999999999996,1.6666666666666667,5.0,3.333333333333333,5.0,0.7195342300742824,0.0,0.0,1.0714285714285712,0.0,0.0,1.6666666666666667,4.25,4.166666666666667,3.333333333333333,4.125,5.0,3.6666666666666665,2.6470588235294117,0.0,5.0,5.0,0.0,5.0,0.0,0.0,0.0,0.0,0.0,0.0,5.0,0.0,0.0,0.0,0.0,0.0,5.0,0.0
2.0238095238095233,0.0,0.1288475304223336,0.17857142857142858,2.5,1.6666666666666667,0.0,0.5,3.333333333333333,1.25,1.6666666666666667,0.8994207477619798,2.7889981931339087,2.7777777777777777,0.0,0.0,0.0,5.0,0.0,1.25,4.166666666666667,3.333333333333333,0.75,0.5555555555555556,0.3333333333333333,0.5882352941176471,5.0,0.0,5.0,0.0,0.0,0.0,5.0,0.0,0.0,0.0,5.0,0.0,0.0,0.0,0.0,0.0,0.0,0.0,5.0
3.0952380952380953,0.0,4.856836077308518,1.6071428571428572,3.75,5.0,5.0,0.7857142857142856,3.333333333333333,1.25,5.0,1.436545550289626,3.4183898815498894,1.1111111111111112,5.0,0.7142857142857144,0.0,5.0,0.0,1.125,4.166666666666667,5.0,0.5,0.5555555555555556,0.3333333333333333,0.8823529411764706,0.0,5.0,5.0,0.0,0.0,0.0,0.0,5.0,0.0,0.0,0.0,0.0,0.0,0.0,0.0,0.0,0.0,5.0,0.0
0.4761904761904763,1.0,1.8432355046528275,0.3571428571428571,0.0,1.6666666666666667,0.0,0.2857142857142856,3.333333333333333,1.25,3.333333333333333,0.8325434439178514,1.5916482634009237,0.0,5.0,2.8571428571428568,0.0,0.0,1.6666666666666667,0.5,2.5,5.0,0.375,0.5555555555555556,0.0,0.5882352941176471,0.0,5.0,5.0,0.0,5.0,0.0,0.0,0.0,0.0,0.0,0.0,0.0,5.0,0.0,0.0,0.0,0.0,5.0,0.0
2.619047619047619,0.0,2.512526843235505,0.17857142857142858,0.0,5.0,0.0,3.9999999999999996,1.6666666666666667,0.0,5.0,0.3509741969457609,4.182895001003814,0.0,5.0,3.2142857142857144,5.0,5.0,0.0,0.625,1.6666666666666667,1.6666666666666667,0.5,0.5555555555555556,0.6666666666666666,0.8823529411764706,0.0,5.0,5.0,0.0,0.0,0.0,5.0,0.0,0.0,0.0,0.0,0.0,0.0,0.0,5.0,0.0,0.0,0.0,5.0
1.7857142857142856,1.0,1.7931281317108088,1.4285714285714286,3.75,0.0,0.0,3.357142857142857,3.333333333333333,1.25,0.0,1.8996840442338072,3.270628387873921,0.0,5.0,2.1428571428571423,0.0,0.0,0.0,0.75,2.5,3.333333333333333,0.625,0.5555555555555556,0.0,0.8823529411764706,0.0,5.0,0.0,5.0,0.0,5.0,0.0,0.0,0.0,0.0,0.0,0.0,0.0,0.0,0.0,5.0,0.0,0.0,5.0
3.809523809523809,0.0,4.094488188976378,0.3571428571428571,2.5,0.0,5.0,4.928571428571429,3.333333333333333,5.0,1.6666666666666667,4.5263296471827275,1.185504918691026,0.5555555555555556,0.0,0.0,0.0,3.333333333333333,1.6666666666666667,4.0,1.6666666666666667,3.333333333333333,4.0,1.3888888888888888,3.333333333333333,2.058823529411765,5.0,0.0,0.0,0.0,0.0,0.0,5.0,0.0,0.0,0.0,0.0,5.0,0.0,0.0,0.0,0.0,0.0,5.0,0.0
3.809523809523809,0.0,4.72083035075161,0.17857142857142858,2.5,5.0,0.0,0.0,3.333333333333333,3.75,0.0,4.435755660874144,1.4848424011242722,1.1111111111111112,0.0,3.928571428571429,5.0,3.333333333333333,1.6666666666666667,4.0,2.5,3.333333333333333,0.25,0.5555555555555556,0.6666666666666666,0.5882352941176471,5.0,0.0,5.0,0.0,0.0,0.0,5.0,0.0,0.0,0.0,0.0,5.0,0.0,0.0,0.0,0.0,0.0,5.0,0.0
4.642857142857142,0.0,1.7573371510379383,0.0,3.75,5.0,5.0,4.142857142857142,3.333333333333333,1.25,3.333333333333333,1.5129015271195365,0.17526601084119658,1.1111111111111112,0.0,0.0,0.0,3.333333333333333,0.0,1.875,1.6666666666666667,3.333333333333333,0.375,0.5555555555555556,0.3333333333333333,0.5882352941176471,0.0,5.0,5.0,0.0,0.0,0.0,5.0,0.0,0.0,0.0,0.0,0.0,0.0,0.0,0.0,0.0,0.0,5.0,0.0
2.0238095238095233,1.0,2.0042949176807445,3.035714285714286,3.75,5.0,0.0,2.642857142857143,3.333333333333333,1.25,3.333333333333333,0.9491837809373354,4.254968881750653,0.0,5.0,2.5,0.0,3.333333333333333,1.6666666666666667,0.625,0.0,1.6666666666666667,0.5,0.5555555555555556,1.0,0.5882352941176471,5.0,0.0,0.0,5.0,0.0,5.0,0.0,0.0,0.0,0.0,0.0,0.0,0.0,0.0,0.0,5.0,0.0,5.0,0.0
1.4285714285714284,0.0,1.904080171796707,2.857142857142857,3.75,1.6666666666666667,0.0,4.642857142857142,3.333333333333333,2.5,0.0,2.871774618220116,4.784782172254567,0.5555555555555556,5.0,4.2857142857142865,5.0,5.0,3.3333333333333335,1.125,1.6666666666666667,3.333333333333333,1.125,0.2777777777777778,0.0,2.3529411764705883,0.0,5.0,5.0,0.0,0.0,0.0,5.0,0.0,0.0,0.0,0.0,5.0,0.0,0.0,0.0,0.0,0.0,5.0,0.0
1.5476190476190474,0.0,1.5139584824624195,0.8928571428571428,3.75,0.0,5.0,2.5714285714285716,5.0,1.25,5.0,1.171932596103212,0.82814695844208,2.2222222222222223,0.0,3.928571428571429,5.0,5.0,3.3333333333333335,1.625,3.3333333333333335,5.0,0.875,1.9444444444444446,1.6666666666666665,2.058823529411765,0.0,5.0,0.0,5.0,0.0,0.0,5.0,0.0,0.0,0.0,0.0,0.0,0.0,0.0,0.0,5.0,0.0,0.0,0.0
4.0476190476190474,0.0,2.394416607015032,0.17857142857142858,3.75,0.0,5.0,3.4999999999999996,1.6666666666666667,5.0,3.333333333333333,4.754870984728805,3.8016462557719333,0.5555555555555556,5.0,2.5,0.0,5.0,0.0,4.125,1.6666666666666667,5.0,4.125,1.9444444444444446,5.0,3.5294117647058822,0.0,0.0,0.0,5.0,5.0,0.0,0.0,0.0,0.0,0.0,0.0,5.0,0.0,0.0,0.0,0.0,0.0,0.0,5.0
1.7857142857142856,0.0,3.4609878310665714,0.0,2.5,1.6666666666666667,0.0,0.8571428571428572,1.6666666666666667,1.25,5.0,1.5639810426540284,2.0471792812688214,0.0,0.0,1.0714285714285712,0.0,0.0,0.0,0.75,2.5,3.333333333333333,0.625,0.0,0.3333333333333333,1.1764705882352942,0.0,5.0,5.0,0.0,5.0,0.0,0.0,0.0,0.0,0.0,0.0,0.0,0.0,0.0,0.0,0.0,0.0,0.0,5.0
1.7857142857142856,0.0,2.3192555476020043,3.7500000000000004,1.25,3.333333333333333,5.0,4.642857142857142,3.333333333333333,1.25,1.6666666666666667,1.3525539757767244,2.68741216623168,0.0,0.0,0.7142857142857144,0.0,0.0,1.6666666666666667,1.0,1.6666666666666667,5.0,0.875,1.9444444444444446,0.0,2.058823529411765,0.0,0.0,0.0,5.0,0.0,5.0,0.0,0.0,0.0,0.0,0.0,0.0,0.0,0.0,0.0,5.0,0.0,5.0,0.0
1.9047619047619047,0.0,0.654974946313529,5.0,2.5,1.6666666666666667,5.0,3.9999999999999996,3.333333333333333,1.25,3.333333333333333,1.1637704054765665,3.091146356153383,2.2222222222222223,0.0,0.7142857142857144,0.0,0.0,3.3333333333333335,1.25,0.8333333333333334,3.333333333333333,1.0,1.9444444444444446,2.333333333333333,2.058823529411765,0.0,5.0,5.0,0.0,0.0,0.0,5.0,0.0,0.0,0.0,5.0,0.0,0.0,0.0,0.0,0.0,0.0,5.0,0.0
3.9285714285714284,0.0,1.1811023622047245,1.4285714285714286,3.75,5.0,5.0,4.7142857142857135,3.333333333333333,0.0,5.0,0.28067403896787785,3.33888777353945,1.6666666666666667,0.0,4.2857142857142865,5.0,1.6666666666666667,3.3333333333333335,1.25,3.3333333333333335,3.333333333333333,0.5,0.5555555555555556,0.0,0.8823529411764706,0.0,5.0,5.0,0.0,5.0,0.0,0.0,0.0,0.0,0.0,5.0,0.0,0.0,0.0,0.0,0.0,0.0,5.0,0.0
3.809523809523809,0.0,2.487473156764495,0.5357142857142857,0.0,0.0,5.0,4.7142857142857135,3.333333333333333,5.0,1.6666666666666667,4.774881516587677,2.754667737402128,1.6666666666666667,0.0,1.0714285714285712,0.0,0.0,3.3333333333333335,3.5,3.3333333333333335,1.6666666666666667,1.25,1.1111111111111112,0.3333333333333333,1.7647058823529411,0.0,5.0,5.0,0.0,5.0,0.0,0.0,0.0,0.0,0.0,0.0,0.0,0.0,5.0,0.0,0.0,0.0,0.0,0.0
3.3333333333333335,0.0,0.2362204724409449,0.5357142857142857,1.25,5.0,0.0,0.2142857142857144,1.6666666666666667,5.0,1.6666666666666667,4.681411269088994,1.5763902830756877,1.1111111111111112,0.0,1.0714285714285712,0.0,3.333333333333333,1.6666666666666667,3.25,1.6666666666666667,3.333333333333333,1.375,1.1111111111111112,0.0,2.3529411764705883,0.0,5.0,0.0,5.0,0.0,5.0,0.0,0.0,0.0,0.0,0.0,5.0,0.0,0.0,0.0,0.0,0.0,5.0,0.0
0.4761904761904763,0.0,0.41159627773801,1.25,0.0,1.6666666666666667,5.0,4.571428571428571,0.0,0.0,0.0,0.37967351237493413,0.9610519975908454,0.5555555555555556,0.0,1.4285714285714288,0.0,0.0,1.6666666666666667,0.5,2.5,1.6666666666666667,0.5,0.8333333333333334,0.3333333333333333,0.29411764705882354,0.0,5.0,5.0,0.0,5.0,0.0,0.0,0.0,0.0,0.0,5.0,0.0,0.0,0.0,0.0,0.0,0.0,5.0,0.0
1.3095238095238093,0.0,4.692197566213315,0.0,0.0,1.6666666666666667,0.0,0.8571428571428572,3.333333333333333,2.5,5.0,1.8191153238546602,0.9044368600682595,0.5555555555555556,0.0,1.0714285714285712,0.0,5.0,1.6666666666666667,1.375,4.166666666666667,3.333333333333333,1.375,2.7777777777777777,1.3333333333333333,0.29411764705882354,5.0,0.0,0.0,5.0,0.0,0.0,5.0,0.0,0.0,0.0,0.0,0.0,0.0,0.0,0.0,5.0,0.0,5.0,0.0
0.4761904761904763,0.0,3.700787401574803,0.7142857142857143,2.5,5.0,5.0,2.142857142857143,5.0,0.0,1.6666666666666667,0.347288046340179,2.067456334069464,0.5555555555555556,5.0,1.7857142857142856,0.0,0.0,1.6666666666666667,0.5,1.6666666666666667,1.6666666666666667,0.5,0.5555555555555556,0.6666666666666666,0.5882352941176471,0.0,5.0,5.0,0.0,5.0,0.0,0.0,0.0,0.0,0.0,0.0,0.0,0.0,0.0,5.0,0.0,0.0,0.0,0.0
3.3333333333333335,0.0,4.652827487473157,0.17857142857142858,2.5,3.333333333333333,0.0,2.785714285714285,3.333333333333333,3.75,0.0,4.223012111637704,4.417386067054808,4.444444444444445,0.0,4.2857142857142865,5.0,0.0,0.0,3.5,1.6666666666666667,3.333333333333333,3.25,4.166666666666667,5.0,2.6470588235294117,0.0,5.0,0.0,5.0,0.0,5.0,0.0,0.0,0.0,0.0,0.0,5.0,0.0,0.0,0.0,0.0,0.0,5.0,0.0
1.3095238095238093,0.0,0.82319255547602,2.857142857142857,2.5,1.6666666666666667,5.0,1.5,1.6666666666666667,2.5,0.0,1.8375460768825695,1.5408552499498094,0.5555555555555556,0.0,0.7142857142857144,0.0,0.0,0.0,1.25,2.5,1.6666666666666667,1.25,2.5,0.0,2.6470588235294117,0.0,5.0,0.0,0.0,0.0,0.0,0.0,5.0,0.0,5.0,0.0,0.0,0.0,0.0,0.0,0.0,0.0,0.0,5.0
2.380952380952381,0.0,1.972083035075161,5.0,5.0,5.0,0.0,1.4285714285714284,3.333333333333333,1.25,5.0,0.3678251711427067,0.6749648664926722,0.5555555555555556,0.0,0.0,0.0,5.0,0.0,1.25,1.6666666666666667,3.333333333333333,1.25,0.8333333333333334,3.0,2.6470588235294117,5.0,0.0,5.0,0.0,5.0,0.0,0.0,0.0,0.0,0.0,5.0,0.0,0.0,0.0,0.0,0.0,0.0,0.0,5.0
2.7380952380952377,0.0,1.299212598425197,2.3214285714285716,2.5,0.0,5.0,1.8571428571428572,3.333333333333333,0.0,3.333333333333333,0.37967351237493413,0.5049186910258985,2.2222222222222223,0.0,0.35714285714285676,0.0,0.0,1.6666666666666667,1.625,1.6666666666666667,3.333333333333333,1.125,2.2222222222222223,0.3333333333333333,2.3529411764705883,0.0,5.0,5.0,0.0,5.0,0.0,0.0,0.0,0.0,0.0,0.0,0.0,0.0,0.0,5.0,0.0,0.0,0.0,0.0
2.619047619047619,0.0,2.0078740157480315,1.4285714285714286,3.75,3.333333333333333,5.0,3.642857142857143,3.333333333333333,1.25,3.333333333333333,0.7809373354397051,4.217024693836579,1.6666666666666667,0.0,0.0,0.0,3.333333333333333,3.3333333333333335,1.375,1.6666666666666667,5.0,1.0,1.9444444444444446,0.0,2.058823529411765,0.0,0.0,5.0,0.0,0.0,0.0,0.0,5.0,0.0,0.0,5.0,0.0,0.0,0.0,0.0,0.0,0.0,0.0,0.0
1.5476190476190474,0.0,1.7358625626342161,0.17857142857142858,3.75,5.0,0.0,1.9285714285714284,3.333333333333333,2.5,3.333333333333333,2.328330700368615,1.373418992170247,0.5555555555555556,5.0,2.8571428571428568,0.0,0.0,1.6666666666666667,1.25,4.166666666666667,1.6666666666666667,1.25,2.2222222222222223,3.0,1.7647058823529411,0.0,0.0,0.0,5.0,5.0,0.0,0.0,0.0,0.0,0.0,0.0,0.0,0.0,0.0,0.0,5.0,0.0,0.0,0.0
3.809523809523809,0.0,2.53042233357194,1.9642857142857142,2.5,3.333333333333333,0.0,3.357142857142857,3.333333333333333,2.5,5.0,2.1587677725118484,0.9136719534230076,2.2222222222222223,0.0,0.0,0.0,5.0,0.0,2.0,2.5,3.333333333333333,0.25,0.5555555555555556,0.6666666666666666,0.29411764705882354,5.0,0.0,0.0,5.0,0.0,5.0,0.0,0.0,0.0,0.0,0.0,0.0,0.0,0.0,0.0,5.0,0.0,0.0,5.0
3.9285714285714284,0.0,2.390837508947745,0.7142857142857143,2.5,3.333333333333333,5.0,3.857142857142857,3.333333333333333,3.75,1.6666666666666667,3.427330173775671,3.11062035735796,0.5555555555555556,5.0,0.0,0.0,1.6666666666666667,1.6666666666666667,4.125,1.6666666666666667,3.333333333333333,4.125,2.5,0.0,2.9411764705882355,0.0,5.0,0.0,0.0,5.0,0.0,0.0,0.0,0.0,0.0,0.0,5.0,0.0,0.0,0.0,0.0,0.0,0.0,0.0
1.5476190476190474,0.0,2.4910522548317826,1.0714285714285714,1.25,3.333333333333333,0.0,1.2857142857142856,1.6666666666666667,2.5,3.333333333333333,2.08899420747762,2.397109014254166,0.5555555555555556,0.0,4.642857142857142,5.0,0.0,1.6666666666666667,1.25,1.6666666666666667,3.333333333333333,1.25,2.5,2.6666666666666665,2.6470588235294117,5.0,0.0,5.0,0.0,5.0,0.0,0.0,0.0,0.0,0.0,0.0,0.0,5.0,0.0,0.0,0.0,0.0,5.0,0.0
3.214285714285714,0.0,0.329277022190408,1.4285714285714286,2.5,1.6666666666666667,5.0,2.142857142857143,3.333333333333333,1.25,1.6666666666666667,0.3525539757767246,1.7681188516362176,4.444444444444445,0.0,2.5,0.0,3.333333333333333,1.6666666666666667,2.5,1.6666666666666667,0.0,2.125,2.5,0.0,4.411764705882353,0.0,5.0,5.0,0.0,5.0,0.0,0.0,0.0,0.0,0.0,5.0,0.0,0.0,0.0,0.0,0.0,0.0,0.0,0.0
4.0476190476190474,0.0,2.1939871152469577,3.2142857142857144,3.75,5.0,5.0,0.7857142857142856,3.333333333333333,0.0,5.0,0.8554502369668247,4.917687211403333,0.0,0.0,2.5,0.0,0.0,1.6666666666666667,0.625,2.5,3.333333333333333,0.5,0.8333333333333334,0.3333333333333333,0.5882352941176471,0.0,0.0,5.0,0.0,0.0,0.0,5.0,0.0,0.0,0.0,0.0,0.0,0.0,0.0,5.0,0.0,0.0,5.0,0.0
4.761904761904761,1.0,0.16105941302791693,3.9285714285714293,3.75,5.0,0.0,4.571428571428571,3.333333333333333,2.5,5.0,2.449447077409163,0.2752459345512949,0.5555555555555556,0.0,0.35714285714285676,0.0,5.0,1.6666666666666667,5.0,2.5,1.6666666666666667,5.0,2.7777777777777777,5.0,1.7647058823529411,0.0,5.0,5.0,0.0,0.0,0.0,5.0,0.0,0.0,0.0,0.0,0.0,0.0,0.0,0.0,0.0,0.0,5.0,0.0
1.4285714285714284,1.0,3.2319255547602004,0.3571428571428571,2.5,5.0,0.0,4.142857142857142,3.333333333333333,0.0,0.0,0.4339125855713533,1.2973298534430837,2.7777777777777777,5.0,0.0,0.0,3.333333333333333,0.0,1.0,4.166666666666667,3.333333333333333,0.625,0.5555555555555556,0.0,1.1764705882352942,0.0,5.0,5.0,0.0,0.0,0.0,0.0,0.0,5.0,0.0,0.0,0.0,0.0,0.0,5.0,0.0,0.0,0.0,5.0
1.3095238095238093,0.0,3.9656406585540447,0.17857142857142858,2.5,0.0,5.0,3.4285714285714284,1.6666666666666667,1.25,1.6666666666666667,1.4836756187467086,0.31981529813290505,1.1111111111111112,0.0,2.8571428571428568,0.0,1.6666666666666667,3.3333333333333335,1.25,1.6666666666666667,3.333333333333333,0.0,0.0,0.0,0.0,0.0,5.0,0.0,5.0,0.0,0.0,5.0,0.0,0.0,0.0,0.0,0.0,0.0,0.0,0.0,5.0,0.0,5.0,0.0
3.0952380952380953,0.0,1.3421617752326414,1.0714285714285714,3.75,0.0,0.0,0.8571428571428572,1.6666666666666667,2.5,5.0,2.4325961032122168,0.0,1.6666666666666667,0.0,1.0714285714285712,0.0,5.0,1.6666666666666667,3.0,3.3333333333333335,3.333333333333333,2.75,1.6666666666666667,1.6666666666666665,5.0,0.0,5.0,5.0,0.0,0.0,0.0,5.0,0.0,0.0,0.0,0.0,0.0,0.0,0.0,0.0,0.0,0.0,5.0,0.0
2.142857142857143,0.0,3.9119541875447386,1.7857142857142858,2.5,1.6666666666666667,5.0,4.642857142857142,1.6666666666666667,1.25,1.6666666666666667,1.4454976303317535,4.128086729572375,0.5555555555555556,0.0,0.7142857142857144,0.0,3.333333333333333,0.0,0.75,2.5,3.333333333333333,0.75,1.3888888888888888,0.0,0.8823529411764706,5.0,0.0,5.0,0.0,5.0,0.0,0.0,0.0,0.0,0.0,0.0,0.0,5.0,0.0,0.0,0.0,0.0,0.0,5.0
1.5476190476190474,0.0,1.0952040085898354,1.4285714285714286,3.75,3.333333333333333,5.0,0.8571428571428572,1.6666666666666667,0.0,1.6666666666666667,0.4339125855713533,1.0955631399317407,0.0,5.0,1.7857142857142856,0.0,5.0,0.0,0.375,4.166666666666667,3.333333333333333,0.25,0.5555555555555556,0.6666666666666666,0.5882352941176471,0.0,5.0,5.0,0.0,5.0,0.0,0.0,0.0,0.0,0.0,0.0,0.0,0.0,0.0,5.0,0.0,0.0,0.0,5.0
0.3571428571428572,0.0,3.1567644953471725,0.0,0.0,5.0,0.0,2.857142857142857,1.6666666666666667,0.0,1.6666666666666667,0.27935755660874145,4.664123669945794,0.5555555555555556,5.0,0.0,0.0,3.333333333333333,0.0,0.25,5.0,5.0,0.25,0.5555555555555556,0.6666666666666666,0.5882352941176471,0.0,5.0,5.0,0.0,0.0,0.0,0.0,0.0,5.0,0.0,0.0,0.0,0.0,0.0,5.0,0.0,0.0,0.0,5.0
2.142857142857143,0.0,4.885468861846815,1.7857142857142858,1.25,1.6666666666666667,0.0,4.428571428571429,3.333333333333333,2.5,5.0,2.2983149025803056,4.187512547681188,0.0,0.0,1.0714285714285712,0.0,3.333333333333333,1.6666666666666667,1.25,5.0,3.333333333333333,1.125,1.9444444444444446,0.6666666666666666,2.3529411764705883,5.0,0.0,0.0,5.0,0.0,0.0,0.0,0.0,5.0,0.0,0.0,0.0,0.0,0.0,0.0,5.0,0.0,5.0,0.0
0.833333333333333,0.0,2.0866141732283463,0.0,2.5,0.0,0.0,2.285714285714285,3.333333333333333,1.25,3.333333333333333,1.023959978936282,1.0863280465769927,0.0,0.0,0.35714285714285676,0.0,5.0,3.3333333333333335,0.625,2.5,3.333333333333333,0.5,0.5555555555555556,0.3333333333333333,0.5882352941176471,0.0,5.0,5.0,0.0,5.0,0.0,0.0,0.0,0.0,0.0,0.0,0.0,5.0,0.0,0.0,0.0,0.0,5.0,0.0
3.3333333333333335,0.0,3.7294201861130993,1.0714285714285714,3.75,3.333333333333333,0.0,0.0,3.333333333333333,1.25,3.333333333333333,1.118746708794102,2.800642441276852,1.1111111111111112,0.0,1.0714285714285712,0.0,3.333333333333333,0.0,0.875,1.6666666666666667,5.0,0.125,0.0,0.0,0.0,0.0,0.0,5.0,0.0,0.0,0.0,5.0,0.0,0.0,0.0,0.0,0.0,5.0,0.0,0.0,0.0,0.0,5.0,0.0
1.3095238095238093,0.0,2.27630637079456,1.4285714285714286,5.0,1.6666666666666667,5.0,0.0,1.6666666666666667,0.0,5.0,0.7830437072143233,1.109616542862879,0.0,0.0,2.1428571428571423,0.0,3.333333333333333,0.0,0.5,1.6666666666666667,3.333333333333333,0.375,0.5555555555555556,0.6666666666666666,0.5882352941176471,0.0,5.0,5.0,0.0,0.0,0.0,0.0,5.0,0.0,0.0,5.0,0.0,0.0,0.0,0.0,0.0,0.0,0.0,5.0
3.0952380952380953,1.0,2.927702219040802,4.107142857142857,2.5,5.0,5.0,0.9285714285714284,3.333333333333333,0.0,3.333333333333333,0.5666140073723012,3.5787994378638825,1.6666666666666667,5.0,3.928571428571429,5.0,5.0,1.6666666666666667,2.375,0.0,0.0,0.125,0.0,0.0,0.0,5.0,0.0,5.0,0.0,5.0,0.0,0.0,0.0,0.0,0.0,5.0,0.0,0.0,0.0,0.0,0.0,0.0,0.0,0.0
0.9523809523809521,0.0,2.9742304939155333,0.0,2.5,3.333333333333333,5.0,1.9285714285714284,3.333333333333333,1.25,3.333333333333333,1.1287519747235386,3.626179482031721,0.5555555555555556,0.0,2.1428571428571423,0.0,1.6666666666666667,1.6666666666666667,1.0,2.5,3.333333333333333,1.0,1.9444444444444446,2.333333333333333,2.058823529411765,0.0,5.0,0.0,5.0,5.0,0.0,0.0,0.0,0.0,0.0,0.0,0.0,0.0,0.0,0.0,5.0,0.0,5.0,0.0
4.404761904761905,0.0,1.224051539012169,0.17857142857142858,0.0,3.333333333333333,5.0,0.714285714285714,1.6666666666666667,3.75,0.0,4.146129541864139,3.0574181891186507,3.8888888888888893,0.0,1.4285714285714288,0.0,1.6666666666666667,0.0,3.875,2.5,5.0,1.125,1.9444444444444446,2.0,0.5882352941176471,0.0,0.0,5.0,0.0,0.0,0.0,5.0,0.0,0.0,0.0,0.0,5.0,0.0,0.0,0.0,0.0,0.0,0.0,5.0
2.0238095238095233,0.0,1.2956335003579098,0.5357142857142857,1.25,3.333333333333333,5.0,3.214285714285714,3.333333333333333,0.0,5.0,0.2480252764612954,1.7699257177273642,0.5555555555555556,0.0,0.35714285714285676,0.0,3.333333333333333,1.6666666666666667,0.125,2.5,3.333333333333333,0.125,0.0,0.0,0.0,0.0,5.0,5.0,0.0,0.0,0.0,0.0,5.0,0.0,0.0,5.0,0.0,0.0,0.0,0.0,0.0,0.0,0.0,0.0
1.3095238095238093,1.0,0.8410880458124552,2.3214285714285716,0.0,3.333333333333333,0.0,3.857142857142857,3.333333333333333,2.5,5.0,1.723012111637704,4.1830957639028306,0.0,5.0,0.35714285714285676,0.0,0.0,0.0,1.125,0.8333333333333334,3.333333333333333,1.0,1.9444444444444446,2.333333333333333,2.058823529411765,5.0,0.0,5.0,0.0,0.0,0.0,0.0,5.0,0.0,0.0,0.0,0.0,0.0,0.0,0.0,0.0,0.0,0.0,5.0
1.6666666666666665,0.0,1.4173228346456694,0.3571428571428571,3.75,3.333333333333333,0.0,4.5,3.333333333333333,1.25,0.0,1.5050026329647181,2.30074282272636,0.5555555555555556,0.0,0.35714285714285676,0.0,3.333333333333333,1.6666666666666667,1.0,1.6666666666666667,5.0,1.0,1.9444444444444446,2.0,0.8823529411764706,0.0,5.0,5.0,0.0,0.0,0.0,5.0,0.0,0.0,0.0,0.0,0.0,5.0,0.0,0.0,0.0,0.0,5.0,0.0
2.7380952380952377,1.0,4.488188976377953,3.3928571428571432,1.25,1.6666666666666667,0.0,2.857142857142857,3.333333333333333,0.0,1.6666666666666667,0.5610847814639284,3.9417787592852838,0.5555555555555556,5.0,3.928571428571429,5.0,5.0,0.0,0.5,4.166666666666667,1.6666666666666667,0.5,0.8333333333333334,0.0,0.5882352941176471,0.0,5.0,0.0,5.0,0.0,5.0,0.0,0.0,0.0,0.0,0.0,0.0,0.0,0.0,0.0,0.0,5.0,0.0,5.0
1.1904761904761902,1.0,2.8203292770221906,0.17857142857142858,3.75,3.333333333333333,5.0,1.1428571428571428,3.333333333333333,0.0,3.333333333333333,0.888098999473407,2.8668941979522184,3.3333333333333335,0.0,2.1428571428571423,0.0,5.0,0.0,0.625,2.5,1.6666666666666667,0.25,0.5555555555555556,0.6666666666666666,0.29411764705882354,0.0,5.0,5.0,0.0,0.0,0.0,5.0,0.0,0.0,0.0,0.0,0.0,0.0,0.0,5.0,0.0,0.0,0.0,5.0
2.0238095238095233,0.0,1.3600572655690766,0.5357142857142857,3.75,3.333333333333333,5.0,4.071428571428571,3.333333333333333,1.25,3.333333333333333,0.8530805687203791,0.11965468781369198,0.5555555555555556,5.0,0.0,0.0,1.6666666666666667,0.0,1.125,2.5,3.333333333333333,1.125,1.6666666666666667,0.3333333333333333,0.29411764705882354,5.0,0.0,5.0,0.0,5.0,0.0,0.0,0.0,0.0,0.0,0.0,0.0,0.0,0.0,5.0,0.0,0.0,0.0,5.0
1.1904761904761902,0.0,2.465998568360773,0.0,3.75,5.0,5.0,1.0,3.333333333333333,0.0,3.333333333333333,0.30147446024223273,0.9532222445292111,0.0,5.0,0.0,0.0,3.333333333333333,0.0,0.625,1.6666666666666667,1.6666666666666667,0.5,0.5555555555555556,0.0,0.5882352941176471,5.0,0.0,5.0,0.0,0.0,0.0,5.0,0.0,0.0,0.0,5.0,0.0,0.0,0.0,0.0,0.0,0.0,0.0,5.0
3.214285714285714,0.0,3.9262705798138873,1.0714285714285714,3.75,0.0,5.0,3.357142857142857,5.0,1.25,3.333333333333333,1.4283833596629805,0.6071070066251758,2.2222222222222223,0.0,2.1428571428571423,0.0,5.0,1.6666666666666667,1.125,0.8333333333333334,3.333333333333333,0.375,0.5555555555555556,0.0,0.5882352941176471,5.0,0.0,5.0,0.0,5.0,0.0,0.0,0.0,0.0,0.0,0.0,0.0,5.0,0.0,0.0,0.0,0.0,5.0,0.0
2.857142857142857,0.0,2.9742304939155333,5.0,2.5,1.6666666666666667,5.0,4.857142857142858,3.333333333333333,1.25,1.6666666666666667,0.9017904160084254,1.9498092752459348,0.5555555555555556,0.0,0.7142857142857144,0.0,5.0,1.6666666666666667,1.25,2.5,1.6666666666666667,1.125,2.2222222222222223,2.333333333333333,2.3529411764705883,0.0,5.0,5.0,0.0,5.0,0.0,0.0,0.0,0.0,0.0,0.0,0.0,5.0,0.0,0.0,0.0,0.0,5.0,0.0
1.3095238095238093,0.0,2.304939155332856,0.17857142857142858,2.5,5.0,5.0,2.214285714285714,3.333333333333333,1.25,3.333333333333333,0.95839915745129,2.978116844007227,0.5555555555555556,0.0,1.0714285714285712,0.0,0.0,1.6666666666666667,0.5,2.5,1.6666666666666667,0.5,0.8333333333333334,0.0,0.5882352941176471,0.0,0.0,0.0,5.0,5.0,0.0,0.0,0.0,0.0,0.0,0.0,0.0,0.0,0.0,0.0,5.0,0.0,5.0,0.0
0.9523809523809521,0.0,1.7215461703650679,0.5357142857142857,1.25,3.333333333333333,5.0,1.6428571428571428,3.333333333333333,0.0,5.0,0.4913112164296998,1.5818108813491267,0.5555555555555556,5.0,3.2142857142857144,5.0,1.6666666666666667,0.0,1.0,1.6666666666666667,1.6666666666666667,1.0,1.3888888888888888,0.6666666666666666,0.5882352941176471,0.0,5.0,5.0,0.0,5.0,0.0,0.0,0.0,0.0,0.0,0.0,0.0,0.0,0.0,5.0,0.0,0.0,0.0,5.0
4.880952380952381,0.0,4.7709377236936295,4.285714285714286,2.5,0.0,0.0,4.928571428571429,3.333333333333333,2.5,0.0,1.7451290152711951,0.0521983537442281,3.8888888888888893,0.0,0.0,0.0,5.0,0.0,3.5,2.5,1.6666666666666667,2.625,4.444444444444445,2.333333333333333,2.6470588235294117,0.0,5.0,0.0,5.0,5.0,0.0,0.0,0.0,0.0,0.0,0.0,0.0,0.0,0.0,0.0,5.0,0.0,0.0,5.0
1.5476190476190474,0.0,2.032927702219041,4.464285714285714,0.0,0.0,5.0,0.07142857142857117,3.333333333333333,0.0,3.333333333333333,0.5007898894154819,2.6251756675366393,0.5555555555555556,0.0,2.1428571428571423,0.0,5.0,1.6666666666666667,0.625,0.8333333333333334,1.6666666666666667,0.625,0.5555555555555556,1.3333333333333333,0.8823529411764706,0.0,5.0,5.0,0.0,5.0,0.0,0.0,0.0,0.0,0.0,0.0,0.0,0.0,0.0,5.0,0.0,0.0,0.0,0.0
4.0476190476190474,0.0,0.7766642806012884,0.3571428571428571,2.5,5.0,5.0,0.6428571428571428,1.6666666666666667,2.5,3.333333333333333,1.8325434439178514,3.5163621762698254,1.1111111111111112,5.0,1.0714285714285712,0.0,3.333333333333333,0.0,3.5,3.3333333333333335,3.333333333333333,0.625,1.1111111111111112,0.0,1.1764705882352942,0.0,5.0,5.0,0.0,0.0,0.0,5.0,0.0,0.0,0.0,0.0,0.0,5.0,0.0,0.0,0.0,0.0,5.0,0.0
2.380952380952381,0.0,0.8160343593414461,2.857142857142857,0.0,3.333333333333333,0.0,2.4999999999999996,1.6666666666666667,2.5,3.333333333333333,2.0573986308583465,4.519975908452118,0.0,0.0,2.5,0.0,0.0,1.6666666666666667,2.5,3.3333333333333335,1.6666666666666667,2.375,2.5,0.3333333333333333,2.6470588235294117,0.0,5.0,5.0,0.0,5.0,0.0,0.0,0.0,0.0,0.0,0.0,0.0,0.0,0.0,0.0,0.0,0.0,5.0,0.0
1.4285714285714284,0.0,4.742304939155333,0.17857142857142858,0.0,1.6666666666666667,5.0,0.3571428571428572,1.6666666666666667,0.0,5.0,0.4505002632964718,1.8205179682794619,0.0,0.0,0.7142857142857144,0.0,5.0,0.0,0.75,2.5,3.333333333333333,0.625,0.8333333333333334,0.3333333333333333,0.5882352941176471,0.0,5.0,5.0,0.0,0.0,0.0,5.0,0.0,0.0,0.0,5.0,0.0,0.0,0.0,0.0,0.0,0.0,0.0,5.0
2.4999999999999996,1.0,0.3614889047959914,0.17857142857142858,2.5,0.0,5.0,3.857142857142857,3.333333333333333,3.75,5.0,2.938388625592417,2.299337482433246,3.8888888888888893,0.0,0.0,0.0,5.0,5.0,2.625,3.3333333333333335,3.333333333333333,2.25,1.9444444444444446,3.6666666666666665,1.4705882352941178,5.0,0.0,5.0,0.0,5.0,0.0,0.0,0.0,0.0,0.0,0.0,0.0,0.0,0.0,0.0,0.0,0.0,0.0,0.0
1.9047619047619047,0.0,2.129563350035791,0.3571428571428571,3.75,3.333333333333333,5.0,0.714285714285714,1.6666666666666667,0.0,5.0,0.5186940494997367,4.09235093354748,1.6666666666666667,0.0,2.1428571428571423,0.0,5.0,5.0,0.75,1.6666666666666667,3.333333333333333,0.0,0.0,0.0,0.0,0.0,0.0,5.0,0.0,5.0,0.0,0.0,0.0,0.0,0.0,0.0,0.0,0.0,0.0,5.0,0.0,0.0,5.0,0.0
2.7380952380952377,0.0,4.68503937007874,3.2142857142857144,1.25,3.333333333333333,5.0,0.4285714285714284,3.333333333333333,1.25,0.0,0.5431806213796735,3.5701666332061834,1.1111111111111112,0.0,1.7857142857142856,0.0,0.0,3.3333333333333335,2.125,1.6666666666666667,1.6666666666666667,0.125,0.0,0.0,0.0,0.0,5.0,5.0,0.0,5.0,0.0,0.0,0.0,0.0,0.0,0.0,0.0,0.0,0.0,5.0,0.0,0.0,0.0,0.0
0.9523809523809521,1.0,1.3206871868289192,4.107142857142857,2.5,3.333333333333333,5.0,2.5714285714285716,0.0,0.0,5.0,0.35044760400210634,4.239911664324433,0.5555555555555556,5.0,2.5,0.0,1.6666666666666667,0.0,0.125,2.5,0.0,0.125,0.0,0.0,0.0,0.0,5.0,5.0,0.0,0.0,0.0,0.0,0.0,5.0,0.0,5.0,0.0,0.0,0.0,0.0,0.0,0.0,0.0,5.0
2.857142857142857,0.0,4.183965640658554,0.17857142857142858,0.0,1.6666666666666667,5.0,0.3571428571428572,3.333333333333333,0.0,5.0,0.39652448657187994,1.4001204577394097,2.7777777777777777,5.0,1.0714285714285712,0.0,5.0,0.0,1.0,1.6666666666666667,3.333333333333333,0.25,0.2777777777777778,0.6666666666666666,0.5882352941176471,5.0,0.0,5.0,0.0,0.0,0.0,5.0,0.0,0.0,0.0,0.0,0.0,0.0,0.0,5.0,0.0,0.0,0.0,5.0
2.7380952380952377,0.0,0.7587687902648532,0.0,2.5,5.0,5.0,2.0714285714285716,1.6666666666666667,5.0,3.333333333333333,4.786729857819905,3.5069263200160607,0.5555555555555556,0.0,0.35714285714285676,0.0,1.6666666666666667,1.6666666666666667,2.75,2.5,3.333333333333333,2.75,1.9444444444444446,0.6666666666666666,2.9411764705882355,0.0,5.0,0.0,0.0,0.0,0.0,0.0,0.0,0.0,0.0,0.0,5.0,0.0,0.0,0.0,0.0,0.0,5.0,0.0
1.4285714285714284,0.0,4.495347172512527,2.678571428571429,0.0,5.0,5.0,4.7142857142857135,3.333333333333333,1.25,3.333333333333333,1.130068457082675,0.1696446496687412,4.444444444444445,0.0,1.4285714285714288,0.0,3.333333333333333,3.3333333333333335,0.5,1.6666666666666667,1.6666666666666667,0.25,0.2777777777777778,0.6666666666666666,0.5882352941176471,0.0,5.0,0.0,5.0,5.0,0.0,0.0,0.0,0.0,0.0,0.0,0.0,0.0,0.0,0.0,5.0,0.0,5.0,0.0
1.4285714285714284,0.0,0.032211882605583386,1.4285714285714286,2.5,3.333333333333333,5.0,2.5714285714285716,3.333333333333333,1.25,0.0,0.5431806213796735,1.7904035334270227,0.5555555555555556,0.0,0.0,0.0,3.333333333333333,3.3333333333333335,1.5,3.3333333333333335,3.333333333333333,1.5,2.5,2.0,2.9411764705882355,0.0,0.0,5.0,0.0,0.0,0.0,5.0,0.0,0.0,0.0,5.0,0.0,0.0,0.0,0.0,0.0,0.0,0.0,0.0
0.11904761904761907,1.0,1.1345740873299928,3.5714285714285716,2.5,5.0,5.0,0.5,1.6666666666666667,0.0,1.6666666666666667,0.2927856766719326,1.576591045974704,0.5555555555555556,5.0,0.7142857142857144,0.0,1.6666666666666667,0.0,0.125,2.5,5.0,0.125,0.0,0.0,0.0,0.0,5.0,0.0,5.0,0.0,0.0,0.0,5.0,0.0,0.0,0.0,0.0,0.0,0.0,0.0,0.0,5.0,0.0,5.0
1.0714285714285712,0.0,1.8468146027201144,0.5357142857142857,2.5,1.6666666666666667,0.0,3.285714285714285,3.333333333333333,0.0,3.333333333333333,0.3446550816219062,3.1547881951415375,0.5555555555555556,0.0,2.8571428571428568,0.0,3.333333333333333,0.0,0.125,1.6666666666666667,3.333333333333333,0.125,0.2777777777777778,0.0,0.0,0.0,5.0,5.0,0.0,5.0,0.0,0.0,0.0,0.0,0.0,0.0,0.0,0.0,0.0,5.0,0.0,0.0,0.0,5.0
2.380952380952381,0.0,0.06084466714387976,0.3571428571428571,2.5,0.0,5.0,3.285714285714285,3.333333333333333,2.5,3.333333333333333,2.527646129541864,1.5163621762698254,0.0,0.0,0.35714285714285676,0.0,3.333333333333333,3.3333333333333335,2.125,5.0,1.6666666666666667,2.0,2.7777777777777777,1.6666666666666665,3.823529411764706,0.0,5.0,0.0,5.0,5.0,0.0,0.0,0.0,0.0,0.0,0.0,0.0,0.0,0.0,0.0,5.0,0.0,0.0,0.0
2.142857142857143,0.0,4.033643521832499,1.25,3.75,0.0,5.0,3.857142857142857,3.333333333333333,1.25,5.0,1.0716166403370193,4.789801244729974,2.2222222222222223,0.0,0.7142857142857144,0.0,5.0,3.3333333333333335,1.5,2.5,3.333333333333333,0.875,1.9444444444444446,0.0,2.058823529411765,0.0,0.0,0.0,5.0,0.0,0.0,0.0,0.0,5.0,0.0,0.0,0.0,0.0,0.0,0.0,5.0,0.0,0.0,0.0
1.6666666666666665,1.0,3.332140300644238,1.4285714285714286,2.5,0.0,0.0,0.7857142857142856,3.333333333333333,0.0,0.0,0.8401790416008423,1.6322023690022085,3.8888888888888893,0.0,3.928571428571429,5.0,0.0,0.0,1.25,1.6666666666666667,5.0,0.625,1.1111111111111112,0.0,1.1764705882352942,0.0,5.0,5.0,0.0,0.0,0.0,5.0,0.0,0.0,0.0,5.0,0.0,0.0,0.0,0.0,0.0,0.0,0.0,5.0
2.4999999999999996,0.0,4.391553328561202,0.5357142857142857,3.75,5.0,0.0,1.214285714285714,1.6666666666666667,1.25,3.333333333333333,1.2883096366508688,2.5087331861072073,2.2222222222222223,0.0,1.0714285714285712,0.0,3.333333333333333,1.6666666666666667,2.125,0.8333333333333334,5.0,1.875,3.055555555555556,1.6666666666666665,2.6470588235294117,0.0,5.0,0.0,5.0,5.0,0.0,0.0,0.0,0.0,0.0,0.0,0.0,0.0,0.0,0.0,5.0,0.0,5.0,0.0
1.7857142857142856,1.0,3.4860415175375805,0.3571428571428571,2.5,0.0,5.0,2.857142857142857,3.333333333333333,0.0,0.0,0.6158504476040021,0.21481630194740015,0.5555555555555556,5.0,0.0,0.0,0.0,0.0,1.25,2.5,3.333333333333333,1.25,2.2222222222222223,3.0,2.058823529411765,5.0,0.0,5.0,0.0,5.0,0.0,0.0,0.0,0.0,0.0,0.0,0.0,0.0,0.0,5.0,0.0,0.0,0.0,5.0
3.3333333333333335,0.0,4.949892627057982,3.035714285714286,2.5,3.333333333333333,0.0,4.071428571428571,3.333333333333333,1.25,3.333333333333333,1.0007898894154816,4.862477414173861,1.1111111111111112,0.0,1.0714285714285712,0.0,3.333333333333333,1.6666666666666667,2.375,4.166666666666667,1.6666666666666667,1.25,1.9444444444444446,0.0,2.3529411764705883,0.0,5.0,5.0,0.0,0.0,0.0,5.0,0.0,0.0,0.0,0.0,0.0,5.0,0.0,0.0,0.0,0.0,0.0,0.0
3.3333333333333335,0.0,3.6614173228346454,1.6071428571428572,2.5,3.333333333333333,0.0,4.571428571428571,1.6666666666666667,2.5,5.0,2.122696155871511,1.9010238907849832,1.1111111111111112,5.0,2.8571428571428568,0.0,3.333333333333333,1.6666666666666667,1.875,2.5,3.333333333333333,0.375,0.5555555555555556,0.3333333333333333,0.5882352941176471,0.0,5.0,0.0,5.0,0.0,5.0,0.0,0.0,0.0,0.0,0.0,0.0,0.0,0.0,0.0,5.0,0.0,5.0,0.0
2.7380952380952377,0.0,0.576234788833214,0.8928571428571428,2.5,5.0,5.0,2.0714285714285716,3.333333333333333,0.0,0.0,0.977356503422854,0.20578197149166838,1.1111111111111112,5.0,0.7142857142857144,0.0,3.333333333333333,0.0,2.5,2.5,3.333333333333333,2.25,3.611111111111111,0.6666666666666666,5.0,0.0,5.0,5.0,0.0,0.0,0.0,5.0,0.0,0.0,0.0,5.0,0.0,0.0,0.0,0.0,0.0,0.0,0.0,5.0
2.4999999999999996,0.0,0.13958482462419475,0.3571428571428571,2.5,3.333333333333333,0.0,1.0,5.0,1.25,1.6666666666666667,1.4165350184307528,3.3473198152981327,5.0,0.0,1.4285714285714288,0.0,3.333333333333333,1.6666666666666667,1.5,2.5,0.0,1.0,0.8333333333333334,1.0,1.7647058823529411,0.0,5.0,0.0,0.0,0.0,0.0,0.0,0.0,0.0,5.0,0.0,0.0,0.0,0.0,0.0,0.0,0.0,5.0,0.0
1.9047619047619047,1.0,4.509663564781675,3.2142857142857144,2.5,0.0,5.0,2.642857142857143,5.0,1.25,5.0,1.1308583464981568,0.5135514956835976,4.444444444444445,5.0,0.7142857142857144,0.0,1.6666666666666667,0.0,1.125,2.5,1.6666666666666667,0.625,0.5555555555555556,0.0,1.1764705882352942,0.0,0.0,0.0,5.0,0.0,5.0,0.0,0.0,0.0,0.0,0.0,0.0,0.0,0.0,0.0,5.0,0.0,0.0,5.0
1.9047619047619047,0.0,1.1345740873299928,1.0714285714285714,3.75,0.0,0.0,1.6428571428571428,3.333333333333333,2.5,1.6666666666666667,2.8923117430226433,3.85444689821321,0.0,0.0,0.0,0.0,3.333333333333333,0.0,1.625,3.3333333333333335,3.333333333333333,1.5,1.6666666666666667,0.6666666666666666,3.235294117647059,0.0,5.0,5.0,0.0,5.0,0.0,0.0,0.0,0.0,0.0,0.0,0.0,0.0,5.0,0.0,0.0,0.0,0.0,5.0
1.3095238095238093,0.0,0.15032211882605584,1.6071428571428572,0.0,5.0,0.0,0.6428571428571428,1.6666666666666667,1.25,1.6666666666666667,1.9112690889942072,1.9618550491869102,0.5555555555555556,5.0,1.0714285714285712,0.0,0.0,3.3333333333333335,0.875,1.6666666666666667,3.333333333333333,0.875,1.9444444444444446,0.3333333333333333,2.058823529411765,0.0,5.0,0.0,5.0,0.0,5.0,0.0,0.0,0.0,0.0,0.0,0.0,0.0,0.0,0.0,5.0,0.0,0.0,0.0
2.2619047619047614,0.0,0.6728704366499643,3.5714285714285716,2.5,1.6666666666666667,5.0,2.4999999999999996,5.0,0.0,0.0,0.672722485518694,4.192531620156595,0.5555555555555556,5.0,0.35714285714285676,0.0,0.0,1.6666666666666667,1.0,2.5,1.6666666666666667,1.0,1.9444444444444446,0.3333333333333333,2.058823529411765,0.0,5.0,5.0,0.0,5.0,0.0,0.0,0.0,0.0,0.0,0.0,0.0,0.0,0.0,5.0,0.0,0.0,5.0,0.0
2.0238095238095233,0.0,4.033643521832499,1.25,0.0,5.0,5.0,0.4285714285714284,5.0,0.0,5.0,0.3317535545023697,0.5617345914475005,0.5555555555555556,0.0,2.8571428571428568,0.0,5.0,0.0,0.125,1.6666666666666667,3.333333333333333,0.125,0.0,0.0,0.29411764705882354,0.0,5.0,5.0,0.0,5.0,0.0,0.0,0.0,0.0,0.0,5.0,0.0,0.0,0.0,0.0,0.0,0.0,5.0,0.0
3.3333333333333335,0.0,1.9398711524695775,0.0,3.75,5.0,5.0,4.785714285714285,3.333333333333333,2.5,0.0,2.2082675092153767,2.0626380244930735,3.8888888888888893,0.0,1.7857142857142856,0.0,3.333333333333333,1.6666666666666667,2.125,2.5,3.333333333333333,0.5,0.5555555555555556,0.0,0.8823529411764706,0.0,5.0,5.0,0.0,0.0,0.0,5.0,0.0,0.0,0.0,0.0,0.0,0.0,0.0,0.0,0.0,0.0,0.0,0.0
3.452380952380952,1.0,2.208303507516106,4.642857142857142,1.25,1.6666666666666667,0.0,3.357142857142857,5.0,1.25,3.333333333333333,1.4186413902053712,1.6552901023890787,2.2222222222222223,5.0,0.35714285714285676,0.0,5.0,0.0,1.0,1.6666666666666667,3.333333333333333,0.625,1.1111111111111112,0.3333333333333333,0.8823529411764706,5.0,0.0,0.0,5.0,5.0,0.0,0.0,0.0,0.0,0.0,0.0,0.0,0.0,0.0,0.0,5.0,0.0,0.0,5.0
1.4285714285714284,0.0,3.25697924123121,0.7142857142857143,3.75,1.6666666666666667,5.0,3.214285714285714,1.6666666666666667,0.0,5.0,0.7245918904686677,0.05601284882553703,5.0,0.0,0.35714285714285676,0.0,1.6666666666666667,1.6666666666666667,1.25,2.5,1.6666666666666667,0.625,1.1111111111111112,0.0,0.8823529411764706,5.0,0.0,5.0,0.0,5.0,0.0,0.0,0.0,0.0,0.0,0.0,0.0,0.0,0.0,5.0,0.0,0.0,0.0,0.0
1.3095238095238093,0.0,3.596993557623479,4.821428571428571,3.75,3.333333333333333,0.0,4.5,3.333333333333333,0.0,5.0,0.3962611901000526,4.993776350130496,2.2222222222222223,0.0,3.928571428571429,5.0,0.0,1.6666666666666667,1.375,0.8333333333333334,3.333333333333333,0.875,1.3888888888888888,0.3333333333333333,2.058823529411765,0.0,5.0,5.0,0.0,5.0,0.0,0.0,0.0,0.0,0.0,0.0,0.0,0.0,0.0,5.0,0.0,0.0,0.0,0.0
3.809523809523809,0.0,3.954903364352183,4.821428571428571,0.0,5.0,5.0,3.142857142857143,5.0,0.0,3.333333333333333,0.5824117956819379,0.2415177675165629,0.5555555555555556,5.0,0.0,0.0,3.333333333333333,5.0,2.5,2.5,3.333333333333333,2.5,2.2222222222222223,1.0,2.3529411764705883,0.0,5.0,5.0,0.0,0.0,0.0,5.0,0.0,0.0,0.0,5.0,0.0,0.0,0.0,0.0,0.0,0.0,5.0,0.0
1.9047619047619047,0.0,4.645669291338582,1.4285714285714286,0.0,1.6666666666666667,0.0,2.857142857142857,3.333333333333333,1.25,3.333333333333333,1.2388098999473405,0.7498494278257379,0.5555555555555556,0.0,3.2142857142857144,5.0,0.0,0.0,0.75,2.5,1.6666666666666667,0.75,1.3888888888888888,0.3333333333333333,0.8823529411764706,0.0,5.0,0.0,5.0,5.0,0.0,0.0,0.0,0.0,0.0,0.0,0.0,0.0,0.0,0.0,5.0,0.0,5.0,0.0
1.5476190476190474,1.0,0.8160343593414461,3.7500000000000004,3.75,5.0,5.0,4.857142857142858,3.333333333333333,1.25,3.333333333333333,1.3612427593470247,3.807066854045372,0.5555555555555556,5.0,1.4285714285714288,0.0,5.0,3.3333333333333335,1.25,2.5,1.6666666666666667,1.25,0.5555555555555556,2.0,2.058823529411765,0.0,5.0,5.0,0.0,0.0,0.0,5.0,0.0,0.0,0.0,0.0,0.0,5.0,0.0,0.0,0.0,0.0,5.0,0.0
3.5714285714285707,0.0,0.6263421617752326,0.8928571428571428,2.5,0.0,5.0,4.785714285714285,1.6666666666666667,1.25,3.333333333333333,0.8507109004739335,2.213410961654286,1.1111111111111112,0.0,0.7142857142857144,0.0,5.0,0.0,2.375,0.0,3.333333333333333,0.25,0.5555555555555556,0.6666666666666666,0.5882352941176471,0.0,5.0,5.0,0.0,5.0,0.0,0.0,0.0,0.0,0.0,0.0,0.0,0.0,0.0,0.0,0.0,0.0,0.0,5.0
2.976190476190476,0.0,4.906943450250537,1.25,3.75,3.333333333333333,0.0,3.142857142857143,3.333333333333333,1.25,3.333333333333333,0.9249605055292258,0.026701465569162808,2.2222222222222223,5.0,1.0714285714285712,0.0,5.0,0.0,1.0,2.5,3.333333333333333,0.625,0.5555555555555556,0.0,0.5882352941176471,0.0,5.0,5.0,0.0,0.0,0.0,0.0,5.0,0.0,0.0,0.0,0.0,0.0,0.0,0.0,0.0,0.0,0.0,0.0
1.9047619047619047,0.0,0.5583392984967789,3.5714285714285716,3.75,5.0,5.0,3.142857142857143,5.0,1.25,5.0,1.139547130068457,3.579000200762899,0.5555555555555556,0.0,0.35714285714285676,0.0,5.0,0.0,1.25,2.5,3.333333333333333,1.25,1.9444444444444446,1.6666666666666665,2.058823529411765,0.0,5.0,0.0,5.0,5.0,0.0,0.0,0.0,0.0,0.0,0.0,0.0,0.0,0.0,0.0,5.0,0.0,0.0,5.0
5.0,0.0,2.125984251968504,1.0714285714285714,3.75,1.6666666666666667,5.0,1.5714285714285712,5.0,1.25,5.0,1.1087414428646656,1.7665127484440875,0.0,5.0,2.5,0.0,1.6666666666666667,1.6666666666666667,1.5,2.5,3.333333333333333,1.375,1.9444444444444446,0.3333333333333333,2.6470588235294117,0.0,5.0,0.0,5.0,0.0,5.0,0.0,0.0,0.0,0.0,0.0,0.0,0.0,0.0,0.0,5.0,0.0,0.0,0.0
4.0476190476190474,0.0,0.5583392984967789,1.25,3.75,3.333333333333333,0.0,1.714285714285714,3.333333333333333,0.0,0.0,0.5110584518167456,3.065448705079301,5.0,0.0,0.7142857142857144,0.0,3.333333333333333,0.0,1.5,1.6666666666666667,0.0,0.625,1.1111111111111112,0.0,1.1764705882352942,0.0,5.0,5.0,0.0,0.0,0.0,0.0,5.0,0.0,0.0,5.0,0.0,0.0,0.0,0.0,0.0,0.0,5.0,0.0
0.833333333333333,0.0,4.216177523264138,1.0714285714285714,0.0,5.0,5.0,2.4285714285714284,1.6666666666666667,0.0,5.0,0.4949973670352817,4.979522184300341,0.5555555555555556,0.0,0.0,0.0,3.333333333333333,3.3333333333333335,0.25,1.6666666666666667,3.333333333333333,0.25,0.5555555555555556,0.6666666666666666,0.29411764705882354,0.0,5.0,5.0,0.0,0.0,0.0,5.0,0.0,0.0,0.0,0.0,0.0,0.0,0.0,5.0,0.0,0.0,5.0,0.0
3.3333333333333335,0.0,2.158196134574087,0.17857142857142858,3.75,1.6666666666666667,0.0,3.785714285714285,3.333333333333333,5.0,0.0,4.723012111637704,4.161413370809075,1.6666666666666667,0.0,0.35714285714285676,0.0,5.0,0.0,2.75,1.6666666666666667,1.6666666666666667,0.25,0.5555555555555556,0.6666666666666666,0.29411764705882354,0.0,5.0,0.0,5.0,0.0,5.0,0.0,0.0,0.0,0.0,0.0,5.0,0.0,0.0,0.0,0.0,0.0,0.0,5.0
1.3095238095238093,0.0,3.2498210450966356,0.0,2.5,0.0,0.0,4.785714285714285,3.333333333333333,0.0,5.0,0.7243285939968405,0.7034731981529814,0.5555555555555556,0.0,1.4285714285714288,0.0,0.0,5.0,0.375,4.166666666666667,3.333333333333333,0.375,0.5555555555555556,0.3333333333333333,0.5882352941176471,0.0,5.0,5.0,0.0,5.0,0.0,0.0,0.0,0.0,0.0,0.0,0.0,0.0,0.0,5.0,0.0,0.0,0.0,0.0
2.7380952380952377,1.0,0.14674302075876877,0.5357142857142857,2.5,0.0,5.0,1.8571428571428572,3.333333333333333,1.25,1.6666666666666667,2.197472353870458,1.498494278257378,0.5555555555555556,0.0,2.5,0.0,3.333333333333333,0.0,1.0,4.166666666666667,3.333333333333333,1.0,1.9444444444444446,2.333333333333333,2.058823529411765,5.0,0.0,0.0,5.0,0.0,5.0,0.0,0.0,0.0,0.0,0.0,0.0,0.0,0.0,0.0,5.0,0.0,0.0,5.0
3.214285714285714,0.0,0.322118826055834,1.6071428571428572,1.25,0.0,5.0,2.785714285714285,3.333333333333333,0.0,5.0,0.43312269615587146,1.5179682794619556,1.6666666666666667,0.0,3.571428571428571,5.0,5.0,3.3333333333333335,1.0,2.5,1.6666666666666667,0.25,0.5555555555555556,0.0,0.5882352941176471,0.0,5.0,5.0,0.0,5.0,0.0,0.0,0.0,0.0,0.0,0.0,0.0,0.0,0.0,5.0,0.0,0.0,5.0,0.0
1.4285714285714284,0.0,2.695060844667144,1.0714285714285714,3.75,5.0,0.0,3.0714285714285716,3.333333333333333,1.25,0.0,0.992627698788836,2.1415378438064643,3.8888888888888893,0.0,1.0714285714285712,0.0,1.6666666666666667,3.3333333333333335,1.0,2.5,3.333333333333333,0.375,0.5555555555555556,0.0,0.5882352941176471,0.0,5.0,0.0,5.0,0.0,5.0,0.0,0.0,0.0,0.0,0.0,0.0,0.0,0.0,0.0,5.0,0.0,0.0,0.0
1.7857142857142856,0.0,3.7365783822476732,4.285714285714286,2.5,1.6666666666666667,0.0,3.714285714285714,3.333333333333333,1.25,3.333333333333333,0.9294365455502895,0.5643445091347119,0.5555555555555556,0.0,0.35714285714285676,0.0,0.0,1.6666666666666667,1.25,2.5,1.6666666666666667,1.25,1.9444444444444446,0.0,0.29411764705882354,5.0,0.0,0.0,5.0,0.0,0.0,5.0,0.0,0.0,0.0,0.0,0.0,0.0,0.0,0.0,5.0,0.0,5.0,0.0
1.7857142857142856,0.0,0.16105941302791693,0.17857142857142858,2.5,1.6666666666666667,5.0,4.928571428571429,3.333333333333333,0.0,3.333333333333333,0.682201158504476,1.2718329652680185,0.5555555555555556,0.0,0.7142857142857144,0.0,5.0,1.6666666666666667,0.625,1.6666666666666667,3.333333333333333,0.625,1.1111111111111112,0.3333333333333333,1.1764705882352942,0.0,5.0,0.0,0.0,0.0,0.0,0.0,0.0,0.0,5.0,0.0,0.0,0.0,0.0,0.0,0.0,0.0,5.0,0.0
2.857142857142857,0.0,2.3120973514674303,1.4285714285714286,1.25,0.0,0.0,3.142857142857143,3.333333333333333,0.0,5.0,0.7014218009478672,2.8837582814695844,0.5555555555555556,0.0,0.7142857142857144,0.0,3.333333333333333,0.0,1.5,2.5,3.333333333333333,1.5,2.5,1.6666666666666665,2.3529411764705883,5.0,0.0,5.0,0.0,0.0,0.0,5.0,0.0,0.0,0.0,5.0,0.0,0.0,0.0,0.0,0.0,0.0,0.0,5.0
2.976190476190476,0.0,1.5354330708661417,0.5357142857142857,3.75,5.0,0.0,1.8571428571428572,1.6666666666666667,2.5,5.0,2.428120063191153,3.6679381650271026,1.6666666666666667,0.0,1.0714285714285712,0.0,5.0,0.0,2.875,2.5,5.0,2.625,1.9444444444444446,5.0,5.0,0.0,5.0,0.0,5.0,0.0,5.0,0.0,0.0,0.0,0.0,0.0,0.0,0.0,0.0,0.0,5.0,0.0,0.0,5.0
2.4999999999999996,0.0,1.302791696492484,0.0,0.0,5.0,0.0,2.4999999999999996,1.6666666666666667,3.75,5.0,3.089257503949447,0.9969885565147563,0.5555555555555556,0.0,1.7857142857142856,0.0,3.333333333333333,1.6666666666666667,2.625,2.5,3.333333333333333,2.625,1.6666666666666667,3.6666666666666665,2.3529411764705883,0.0,5.0,5.0,0.0,5.0,0.0,0.0,0.0,0.0,0.0,0.0,0.0,5.0,0.0,0.0,0.0,0.0,5.0,0.0
2.4999999999999996,0.0,4.756621331424481,0.0,3.75,3.333333333333333,0.0,4.7142857142857135,3.333333333333333,0.0,3.333333333333333,0.3220115850447604,2.6747641035936556,3.8888888888888893,0.0,1.0714285714285712,0.0,3.333333333333333,5.0,0.875,0.8333333333333334,3.333333333333333,0.375,0.5555555555555556,0.3333333333333333,0.5882352941176471,0.0,5.0,5.0,0.0,0.0,0.0,5.0,0.0,0.0,0.0,5.0,0.0,0.0,0.0,0.0,0.0,0.0,0.0,0.0
2.0238095238095233,0.0,3.9727988546886186,1.25,1.25,3.333333333333333,0.0,3.4285714285714284,1.6666666666666667,2.5,5.0,2.466561348077936,2.341096165428629,2.2222222222222223,5.0,0.0,0.0,1.6666666666666667,1.6666666666666667,2.0,5.0,1.6666666666666667,1.625,0.5555555555555556,1.3333333333333333,3.5294117647058822,0.0,0.0,0.0,5.0,0.0,5.0,0.0,0.0,0.0,0.0,0.0,0.0,0.0,0.0,0.0,5.0,0.0,5.0,0.0
0.9523809523809521,1.0,4.821045096635648,2.678571428571429,3.75,0.0,5.0,1.0714285714285712,3.333333333333333,0.0,1.6666666666666667,0.35913638757240657,2.42642039751054,1.1111111111111112,5.0,0.7142857142857144,0.0,5.0,1.6666666666666667,0.625,1.6666666666666667,3.333333333333333,0.375,0.5555555555555556,0.0,0.5882352941176471,0.0,5.0,5.0,0.0,0.0,0.0,5.0,0.0,0.0,0.0,5.0,0.0,0.0,0.0,0.0,0.0,0.0,0.0,0.0
3.9285714285714284,0.0,3.8511095204008594,2.3214285714285716,1.25,3.333333333333333,0.0,4.071428571428571,3.333333333333333,1.25,5.0,1.0339652448657186,2.5633406946396304,2.2222222222222223,0.0,0.0,0.0,3.333333333333333,1.6666666666666667,2.25,1.6666666666666667,1.6666666666666667,0.875,1.9444444444444446,0.0,2.058823529411765,0.0,5.0,0.0,5.0,5.0,0.0,0.0,0.0,0.0,0.0,0.0,0.0,0.0,0.0,0.0,5.0,0.0,5.0,0.0
2.619047619047619,0.0,3.937007874015748,0.17857142857142858,0.0,1.6666666666666667,0.0,4.2142857142857135,5.0,1.25,3.333333333333333,1.4133754607688256,2.3677976309977913,2.7777777777777777,0.0,3.2142857142857144,5.0,1.6666666666666667,5.0,1.875,0.0,3.333333333333333,1.5,3.055555555555556,3.6666666666666665,2.3529411764705883,0.0,5.0,5.0,0.0,0.0,0.0,5.0,0.0,0.0,0.0,0.0,0.0,0.0,0.0,0.0,0.0,0.0,0.0,0.0
1.6666666666666665,0.0,1.7967072297780962,1.25,2.5,3.333333333333333,5.0,1.8571428571428572,5.0,1.25,5.0,1.369141653501843,1.927123067657097,0.5555555555555556,0.0,1.4285714285714288,0.0,3.333333333333333,3.3333333333333335,1.25,3.3333333333333335,5.0,1.25,1.9444444444444446,0.0,2.3529411764705883,0.0,5.0,0.0,5.0,0.0,0.0,5.0,0.0,0.0,0.0,0.0,0.0,0.0,0.0,0.0,5.0,0.0,5.0,0.0
1.1904761904761902,0.0,3.19613457408733,1.4285714285714286,2.5,3.333333333333333,0.0,3.357142857142857,3.333333333333333,0.0,3.333333333333333,0.36018957345971564,1.5539048383858665,2.7777777777777777,0.0,2.5,0.0,1.6666666666666667,1.6666666666666667,0.75,1.6666666666666667,3.333333333333333,0.25,0.5555555555555556,0.6666666666666666,0.5882352941176471,0.0,5.0,5.0,0.0,0.0,0.0,5.0,0.0,0.0,0.0,0.0,0.0,0.0,0.0,5.0,0.0,0.0,0.0,0.0
2.619047619047619,0.0,4.6385110952040085,0.17857142857142858,3.75,3.333333333333333,0.0,3.4999999999999996,3.333333333333333,5.0,3.333333333333333,4.484465508162191,2.193936960449709,0.0,0.0,1.0714285714285712,0.0,5.0,0.0,2.625,1.6666666666666667,3.333333333333333,2.5,4.166666666666667,0.3333333333333333,3.5294117647058822,0.0,5.0,0.0,5.0,5.0,0.0,0.0,0.0,0.0,0.0,0.0,5.0,0.0,0.0,0.0,0.0,0.0,5.0,0.0
3.214285714285714,0.0,4.1052254831782395,1.0714285714285714,2.5,0.0,5.0,4.785714285714285,3.333333333333333,2.5,0.0,1.1061084781463928,3.6566954426821923,0.5555555555555556,0.0,2.5,0.0,0.0,1.6666666666666667,3.0,1.6666666666666667,3.333333333333333,3.0,2.5,3.0,3.235294117647059,5.0,0.0,5.0,0.0,5.0,0.0,0.0,0.0,0.0,0.0,5.0,0.0,0.0,0.0,0.0,0.0,0.0,0.0,0.0
3.0952380952380953,0.0,4.341445955619184,0.3571428571428571,3.75,5.0,5.0,0.3571428571428572,3.333333333333333,5.0,5.0,4.872037914691943,1.4583416984541258,2.2222222222222223,5.0,0.35714285714285676,0.0,0.0,1.6666666666666667,3.25,1.6666666666666667,5.0,0.25,0.5555555555555556,0.0,0.29411764705882354,0.0,5.0,5.0,0.0,0.0,0.0,0.0,5.0,0.0,0.0,0.0,5.0,0.0,0.0,0.0,0.0,0.0,5.0,0.0
3.809523809523809,0.0,4.366499642090194,4.821428571428571,2.5,5.0,0.0,0.9285714285714284,3.333333333333333,3.75,0.0,4.178778304370721,4.08110821120257,2.2222222222222223,5.0,0.0,0.0,1.6666666666666667,0.0,3.125,1.6666666666666667,3.333333333333333,0.375,0.5555555555555556,0.3333333333333333,0.5882352941176471,0.0,5.0,5.0,0.0,5.0,0.0,0.0,0.0,0.0,0.0,0.0,0.0,0.0,5.0,0.0,0.0,0.0,5.0,0.0
3.214285714285714,0.0,0.5225483178239084,3.9285714285714293,1.25,5.0,5.0,0.8571428571428572,3.333333333333333,1.25,0.0,0.690889942074776,2.398112828749247,0.5555555555555556,5.0,1.4285714285714288,0.0,3.333333333333333,1.6666666666666667,1.125,1.6666666666666667,3.333333333333333,1.125,2.2222222222222223,0.0,2.3529411764705883,0.0,0.0,5.0,0.0,5.0,0.0,0.0,0.0,0.0,0.0,5.0,0.0,0.0,0.0,0.0,0.0,0.0,5.0,0.0
2.0238095238095233,0.0,2.6879026485325697,3.035714285714286,5.0,1.6666666666666667,5.0,2.9285714285714284,3.333333333333333,2.5,0.0,2.1221695629278567,1.7942180285083318,0.5555555555555556,0.0,3.928571428571429,5.0,5.0,1.6666666666666667,1.125,2.5,1.6666666666666667,1.125,2.2222222222222223,0.3333333333333333,2.3529411764705883,5.0,0.0,0.0,5.0,5.0,0.0,0.0,0.0,0.0,0.0,0.0,0.0,0.0,0.0,0.0,5.0,0.0,5.0,0.0
3.5714285714285707,0.0,2.695060844667144,0.5357142857142857,2.5,5.0,5.0,1.714285714285714,3.333333333333333,2.5,5.0,1.8138493944181147,3.335073278458141,0.5555555555555556,0.0,0.0,0.0,3.333333333333333,0.0,1.375,1.6666666666666667,3.333333333333333,1.25,2.5,0.0,2.3529411764705883,0.0,5.0,5.0,0.0,5.0,0.0,0.0,0.0,0.0,0.0,0.0,0.0,5.0,0.0,0.0,0.0,0.0,0.0,5.0
2.619047619047619,0.0,4.287759484609879,4.107142857142857,1.25,0.0,5.0,2.285714285714285,3.333333333333333,1.25,5.0,0.6082148499210109,4.4876530817105,0.5555555555555556,0.0,2.1428571428571423,0.0,0.0,3.3333333333333335,1.125,2.5,3.333333333333333,1.125,2.2222222222222223,1.3333333333333333,2.058823529411765,0.0,5.0,5.0,0.0,0.0,0.0,0.0,0.0,5.0,0.0,0.0,0.0,0.0,0.0,5.0,0.0,0.0,0.0,0.0
2.857142857142857,0.0,1.5819613457408734,0.17857142857142858,0.0,3.333333333333333,5.0,1.5714285714285712,3.333333333333333,0.0,3.333333333333333,0.44418114797261715,4.401325035133508,0.0,5.0,0.0,0.0,3.333333333333333,1.6666666666666667,0.5,4.166666666666667,3.333333333333333,0.375,0.5555555555555556,0.3333333333333333,0.0,0.0,5.0,0.0,0.0,0.0,0.0,0.0,0.0,5.0,5.0,0.0,0.0,0.0,0.0,0.0,0.0,0.0,0.0,0.0
0.3571428571428572,0.0,3.1997136721546173,0.3571428571428571,1.25,5.0,5.0,5.0,1.6666666666666667,0.0,3.333333333333333,0.5847814639283833,1.693836579000201,0.5555555555555556,0.0,2.1428571428571423,0.0,0.0,0.0,0.375,3.3333333333333335,5.0,0.375,0.5555555555555556,0.3333333333333333,0.0,0.0,5.0,5.0,0.0,0.0,0.0,5.0,0.0,0.0,0.0,0.0,0.0,0.0,0.0,5.0,0.0,0.0,0.0,5.0
2.380952380952381,0.0,0.5941302791696492,0.17857142857142858,5.0,5.0,5.0,4.428571428571429,3.333333333333333,0.0,3.333333333333333,0.5392311743022644,3.689419795221843,3.3333333333333335,5.0,0.7142857142857144,0.0,1.6666666666666667,1.6666666666666667,0.75,0.0,0.0,0.125,0.0,0.0,0.29411764705882354,0.0,5.0,5.0,0.0,0.0,0.0,5.0,0.0,0.0,0.0,0.0,0.0,0.0,0.0,5.0,0.0,0.0,5.0,0.0
2.0238095238095233,0.0,3.7222619899785254,3.9285714285714293,3.75,3.333333333333333,0.0,0.0,3.333333333333333,0.0,0.0,0.7912058978409688,2.792210399518169,1.6666666666666667,5.0,1.4285714285714288,0.0,3.333333333333333,1.6666666666666667,0.5,2.5,3.333333333333333,0.25,0.5555555555555556,0.6666666666666666,0.5882352941176471,0.0,5.0,5.0,0.0,0.0,0.0,5.0,0.0,0.0,0.0,5.0,0.0,0.0,0.0,0.0,0.0,0.0,5.0,0.0
1.1904761904761902,1.0,3.7759484609878315,0.17857142857142858,3.75,0.0,5.0,3.857142857142857,0.0,0.0,5.0,0.6463928383359663,4.545874322425216,2.7777777777777777,5.0,0.7142857142857144,0.0,5.0,0.0,0.625,3.3333333333333335,1.6666666666666667,0.375,0.5555555555555556,0.6666666666666666,0.5882352941176471,0.0,5.0,5.0,0.0,0.0,0.0,5.0,0.0,0.0,0.0,0.0,0.0,0.0,0.0,5.0,0.0,0.0,5.0,0.0
4.166666666666666,0.0,4.559770937723694,0.17857142857142858,1.25,3.333333333333333,5.0,1.0714285714285712,3.333333333333333,3.75,3.333333333333333,3.6448130595050023,2.3778357759486046,3.3333333333333335,0.0,0.7142857142857144,0.0,3.333333333333333,1.6666666666666667,2.75,2.5,5.0,2.125,3.611111111111111,5.0,0.5882352941176471,0.0,5.0,0.0,5.0,0.0,0.0,5.0,0.0,0.0,0.0,0.0,5.0,0.0,0.0,0.0,0.0,0.0,0.0,0.0
2.0238095238095233,0.0,0.3507516105941303,3.035714285714286,1.25,3.333333333333333,5.0,2.142857142857143,3.333333333333333,2.5,5.0,2.1993154291732493,3.5836177474402726,1.1111111111111112,0.0,0.0,0.0,3.333333333333333,0.0,1.25,1.6666666666666667,3.333333333333333,0.25,0.5555555555555556,0.6666666666666666,0.5882352941176471,5.0,0.0,5.0,0.0,5.0,0.0,0.0,0.0,0.0,0.0,0.0,0.0,5.0,0.0,0.0,0.0,0.0,0.0,5.0
2.142857142857143,0.0,4.931997136721546,0.3571428571428571,1.25,5.0,5.0,0.0,3.333333333333333,0.0,1.6666666666666667,0.2840968931016324,2.603493274442883,2.2222222222222223,0.0,0.35714285714285676,0.0,3.333333333333333,0.0,1.625,2.5,1.6666666666666667,1.0,1.9444444444444446,2.333333333333333,0.5882352941176471,5.0,0.0,5.0,0.0,0.0,0.0,5.0,0.0,0.0,0.0,5.0,0.0,0.0,0.0,0.0,0.0,0.0,0.0,5.0
2.142857142857143,0.0,4.012168933428776,1.25,2.5,3.333333333333333,0.0,2.0714285714285716,3.333333333333333,2.5,3.333333333333333,2.3925750394944707,1.2262597871913272,0.5555555555555556,0.0,0.7142857142857144,0.0,1.6666666666666667,5.0,2.125,1.6666666666666667,3.333333333333333,2.125,3.8888888888888893,4.0,2.3529411764705883,0.0,5.0,5.0,0.0,0.0,0.0,0.0,0.0,5.0,0.0,0.0,0.0,0.0,0.0,0.0,0.0,0.0,0.0,0.0
4.880952380952381,0.0,2.1939871152469577,0.17857142857142858,2.5,3.333333333333333,0.0,2.785714285714285,1.6666666666666667,3.75,5.0,3.348341232227488,3.962055812085927,1.6666666666666667,5.0,0.7142857142857144,0.0,0.0,0.0,3.75,3.3333333333333335,3.333333333333333,0.625,0.8333333333333334,1.3333333333333333,0.8823529411764706,0.0,5.0,5.0,0.0,5.0,0.0,0.0,0.0,0.0,0.0,0.0,0.0,5.0,0.0,0.0,0.0,0.0,0.0,5.0
3.6904761904761902,0.0,0.2576950608446672,1.25,3.75,5.0,5.0,1.8571428571428572,1.6666666666666667,3.75,1.6666666666666667,3.1887835703001577,1.9644649668741219,3.3333333333333335,0.0,2.1428571428571423,0.0,1.6666666666666667,1.6666666666666667,2.75,2.5,3.333333333333333,1.125,2.2222222222222223,0.6666666666666666,0.8823529411764706,0.0,5.0,0.0,5.0,0.0,0.0,0.0,0.0,5.0,0.0,0.0,0.0,0.0,0.0,0.0,5.0,0.0,5.0,0.0
2.142857142857143,0.0,0.1073729420186113,0.8928571428571428,2.5,1.6666666666666667,0.0,1.7857142857142856,5.0,0.0,5.0,0.534228541337546,3.9967877936157397,1.6666666666666667,0.0,0.35714285714285676,0.0,1.6666666666666667,0.0,0.625,2.5,3.333333333333333,0.125,0.0,0.0,0.0,0.0,5.0,5.0,0.0,5.0,0.0,0.0,0.0,0.0,0.0,5.0,0.0,0.0,0.0,0.0,0.0,0.0,5.0,0.0
4.166666666666666,0.0,3.106657122405154,1.0714285714285714,2.5,3.333333333333333,5.0,2.0714285714285716,5.0,3.75,3.333333333333333,3.634807793575566,2.2927123067657096,1.6666666666666667,0.0,2.8571428571428568,0.0,3.333333333333333,0.0,4.0,2.5,3.333333333333333,0.625,0.2777777777777778,0.3333333333333333,0.8823529411764706,0.0,5.0,5.0,0.0,5.0,0.0,0.0,0.0,0.0,0.0,0.0,0.0,0.0,5.0,0.0,0.0,0.0,5.0,0.0
4.166666666666666,0.0,2.7415891195418753,1.25,2.5,0.0,5.0,3.0714285714285716,3.333333333333333,3.75,5.0,2.8507109004739335,4.1547881951415375,2.7777777777777777,0.0,1.0714285714285712,0.0,3.333333333333333,1.6666666666666667,3.5,2.5,3.333333333333333,0.25,0.0,0.6666666666666666,0.5882352941176471,0.0,5.0,0.0,5.0,0.0,5.0,0.0,0.0,0.0,0.0,0.0,0.0,0.0,0.0,0.0,5.0,0.0,5.0,0.0
1.5476190476190474,1.0,4.8067287043665,0.0,5.0,3.333333333333333,0.0,5.0,5.0,2.5,1.6666666666666667,1.6948393891521851,1.372615940574182,0.5555555555555556,0.0,0.0,0.0,0.0,0.0,1.25,1.6666666666666667,3.333333333333333,1.25,2.2222222222222223,1.3333333333333333,2.058823529411765,5.0,0.0,5.0,0.0,5.0,0.0,0.0,0.0,0.0,0.0,0.0,0.0,5.0,0.0,0.0,0.0,0.0,0.0,5.0
1.3095238095238093,0.0,4.606299212598425,3.5714285714285716,3.75,1.6666666666666667,0.0,1.5,5.0,2.5,0.0,2.3620326487625065,1.626380244930737,0.5555555555555556,0.0,0.0,0.0,3.333333333333333,1.6666666666666667,1.25,0.8333333333333334,3.333333333333333,1.25,2.5,2.6666666666666665,2.3529411764705883,0.0,5.0,5.0,0.0,5.0,0.0,0.0,0.0,0.0,0.0,0.0,0.0,5.0,0.0,0.0,0.0,0.0,0.0,0.0
0.9523809523809521,1.0,0.8589835361488904,0.17857142857142858,2.5,0.0,5.0,1.9285714285714284,3.333333333333333,0.0,0.0,0.2719852553975776,2.6605099377635013,3.3333333333333335,5.0,1.0714285714285712,0.0,1.6666666666666667,1.6666666666666667,0.75,1.6666666666666667,3.333333333333333,0.375,0.5555555555555556,0.3333333333333333,0.5882352941176471,5.0,0.0,5.0,0.0,5.0,0.0,0.0,0.0,0.0,0.0,0.0,0.0,0.0,0.0,5.0,0.0,0.0,5.0,0.0
0.23809523809523814,1.0,1.4244810307802434,0.17857142857142858,2.5,3.333333333333333,0.0,1.3571428571428572,1.6666666666666667,0.0,3.333333333333333,0.27251184834123227,4.006825938566553,0.5555555555555556,0.0,0.7142857142857144,0.0,5.0,0.0,0.25,2.5,1.6666666666666667,0.25,0.5555555555555556,0.0,0.5882352941176471,0.0,5.0,0.0,5.0,0.0,0.0,5.0,0.0,0.0,0.0,0.0,0.0,0.0,0.0,0.0,0.0,5.0,0.0,5.0
1.5476190476190474,0.0,2.598425196850394,0.17857142857142858,0.0,1.6666666666666667,5.0,3.357142857142857,3.333333333333333,1.25,5.0,1.4673512374934174,1.2551696446496687,2.2222222222222223,5.0,0.7142857142857144,0.0,3.333333333333333,0.0,1.25,1.6666666666666667,5.0,0.75,1.3888888888888888,0.0,1.4705882352941178,0.0,5.0,0.0,5.0,5.0,0.0,0.0,0.0,0.0,0.0,0.0,0.0,0.0,0.0,0.0,5.0,0.0,0.0,5.0
1.7857142857142856,0.0,3.4824624194702936,0.3571428571428571,1.25,5.0,5.0,1.9285714285714284,3.333333333333333,0.0,1.6666666666666667,0.33385992627698785,4.126882152178277,1.6666666666666667,5.0,0.0,0.0,3.333333333333333,1.6666666666666667,0.875,3.3333333333333335,5.0,0.5,0.8333333333333334,0.0,0.8823529411764706,0.0,5.0,0.0,0.0,0.0,0.0,0.0,0.0,0.0,5.0,0.0,0.0,0.0,0.0,0.0,0.0,0.0,0.0,0.0
0.833333333333333,0.0,3.031496062992126,0.0,2.5,0.0,5.0,3.642857142857143,3.333333333333333,0.0,5.0,0.584518167456556,0.5653483236297931,2.2222222222222223,0.0,0.0,0.0,1.6666666666666667,1.6666666666666667,0.875,1.6666666666666667,1.6666666666666667,0.375,0.5555555555555556,0.0,0.5882352941176471,0.0,5.0,5.0,0.0,0.0,0.0,0.0,0.0,5.0,0.0,5.0,0.0,0.0,0.0,0.0,0.0,0.0,5.0,0.0
1.9047619047619047,0.0,4.795991410164639,1.4285714285714286,2.5,5.0,0.0,1.1428571428571428,1.6666666666666667,2.5,1.6666666666666667,2.0042127435492363,3.1238707086930333,0.5555555555555556,0.0,1.0714285714285712,0.0,1.6666666666666667,0.0,1.125,2.5,5.0,1.0,1.9444444444444446,2.333333333333333,2.058823529411765,0.0,5.0,5.0,0.0,0.0,0.0,5.0,0.0,0.0,0.0,0.0,0.0,0.0,0.0,0.0,0.0,0.0,0.0,5.0
1.7857142857142856,0.0,1.478167501789549,0.0,1.25,0.0,0.0,4.857142857142858,3.333333333333333,2.5,5.0,3.2777777777777777,2.620357357960249,0.5555555555555556,5.0,0.35714285714285676,0.0,3.333333333333333,0.0,1.875,0.8333333333333334,3.333333333333333,1.875,3.8888888888888893,2.6666666666666665,3.5294117647058822,5.0,0.0,5.0,0.0,5.0,0.0,0.0,0.0,0.0,0.0,0.0,0.0,0.0,5.0,0.0,0.0,0.0,0.0,5.0
3.214285714285714,0.0,4.817465998568361,5.0,2.5,1.6666666666666667,5.0,1.7857142857142856,3.333333333333333,2.5,5.0,2.20405476566614,2.5348323629793215,2.2222222222222223,5.0,2.5,0.0,5.0,3.3333333333333335,1.25,3.3333333333333335,5.0,0.375,0.2777777777777778,0.3333333333333333,0.5882352941176471,0.0,5.0,5.0,0.0,0.0,0.0,0.0,0.0,5.0,0.0,0.0,0.0,5.0,0.0,0.0,0.0,0.0,5.0,0.0
2.619047619047619,0.0,2.863278453829635,4.464285714285714,1.25,3.333333333333333,0.0,4.428571428571429,1.6666666666666667,1.25,5.0,0.8986308583464981,3.836378237301747,1.6666666666666667,5.0,0.7142857142857144,0.0,5.0,1.6666666666666667,2.0,2.5,0.0,0.125,0.2777777777777778,0.0,0.0,5.0,0.0,5.0,0.0,0.0,0.0,5.0,0.0,0.0,0.0,0.0,0.0,0.0,0.0,5.0,0.0,0.0,5.0,0.0
0.4761904761904763,0.0,0.5404438081603437,1.7857142857142858,2.5,0.0,0.0,0.9285714285714284,3.333333333333333,0.0,1.6666666666666667,0.32517114270668773,4.486247741417386,0.5555555555555556,0.0,0.7142857142857144,0.0,5.0,1.6666666666666667,0.25,0.8333333333333334,3.333333333333333,0.25,0.2777777777777778,0.3333333333333333,0.5882352941176471,0.0,5.0,5.0,0.0,0.0,0.0,5.0,0.0,0.0,0.0,0.0,0.0,0.0,0.0,5.0,0.0,0.0,5.0,0.0
2.380952380952381,1.0,3.8582677165354333,5.0,0.0,1.6666666666666667,5.0,2.857142857142857,3.333333333333333,1.25,0.0,1.4913112164296998,1.8590644448905842,3.8888888888888893,5.0,2.8571428571428568,0.0,1.6666666666666667,0.0,2.125,1.6666666666666667,3.333333333333333,0.125,0.0,0.0,0.0,0.0,5.0,5.0,0.0,0.0,0.0,5.0,0.0,0.0,0.0,0.0,0.0,0.0,0.0,0.0,0.0,0.0,5.0,0.0
2.976190476190476,0.0,2.4337866857551895,0.8928571428571428,3.75,1.6666666666666667,5.0,1.4285714285714284,1.6666666666666667,3.75,5.0,4.1121642969984205,0.11584019273238305,2.2222222222222223,5.0,1.0714285714285712,0.0,3.333333333333333,1.6666666666666667,2.625,2.5,1.6666666666666667,0.125,0.0,0.0,0.0,0.0,5.0,5.0,0.0,0.0,0.0,0.0,5.0,0.0,0.0,0.0,0.0,0.0,5.0,0.0,0.0,0.0,0.0,0.0
3.5714285714285707,0.0,1.5318539727988547,5.0,0.0,0.0,0.0,4.357142857142858,3.333333333333333,2.5,3.333333333333333,3.026592943654555,4.393495282071873,1.6666666666666667,0.0,3.571428571428571,5.0,1.6666666666666667,1.6666666666666667,1.875,2.5,0.0,0.0,0.0,0.0,0.0,0.0,5.0,0.0,5.0,0.0,0.0,5.0,0.0,0.0,0.0,0.0,5.0,0.0,0.0,0.0,0.0,0.0,5.0,0.0
0.0,0.0,0.6621331424481032,0.7142857142857143,1.25,1.6666666666666667,5.0,3.0714285714285716,3.333333333333333,0.0,5.0,0.011058451816745696,2.288496285886368,0.5555555555555556,0.0,1.4285714285714288,0.0,5.0,0.0,0.0,1.6666666666666667,3.333333333333333,0.0,0.0,0.0,0.0,0.0,0.0,5.0,0.0,5.0,0.0,0.0,0.0,0.0,0.0,0.0,0.0,0.0,0.0,5.0,0.0,0.0,0.0,5.0
2.0238095238095233,0.0,4.27344309234073,0.7142857142857143,3.75,3.333333333333333,5.0,2.285714285714285,3.333333333333333,2.5,1.6666666666666667,1.8657187993680882,3.2463360770929532,0.0,0.0,0.7142857142857144,0.0,5.0,0.0,2.125,4.166666666666667,3.333333333333333,2.0,1.6666666666666667,0.0,3.823529411764706,0.0,5.0,5.0,0.0,0.0,0.0,0.0,0.0,5.0,0.0,0.0,0.0,5.0,0.0,0.0,0.0,0.0,0.0,5.0
1.1904761904761902,0.0,0.32569792412312104,0.17857142857142858,2.5,5.0,5.0,1.5714285714285712,1.6666666666666667,0.0,5.0,0.7525013164823591,2.434852439269223,0.5555555555555556,5.0,0.35714285714285676,0.0,1.6666666666666667,1.6666666666666667,0.25,1.6666666666666667,3.333333333333333,0.25,0.5555555555555556,0.6666666666666666,0.5882352941176471,5.0,0.0,5.0,0.0,5.0,0.0,0.0,0.0,0.0,0.0,5.0,0.0,0.0,0.0,0.0,0.0,0.0,5.0,0.0
3.5714285714285707,0.0,4.058697208303507,0.0,3.75,5.0,0.0,0.714285714285714,1.6666666666666667,3.75,0.0,3.7896261190100056,3.192732383055611,3.8888888888888893,0.0,0.0,0.0,0.0,1.6666666666666667,2.625,2.5,0.0,0.375,0.5555555555555556,0.0,0.5882352941176471,0.0,5.0,5.0,0.0,5.0,0.0,0.0,0.0,0.0,0.0,0.0,5.0,0.0,0.0,0.0,0.0,0.0,5.0,0.0
2.619047619047619,0.0,3.1746599856836077,0.5357142857142857,0.0,5.0,0.0,1.1428571428571428,3.333333333333333,5.0,3.333333333333333,4.745655608214849,0.8843605701666333,0.5555555555555556,0.0,1.0714285714285712,0.0,1.6666666666666667,1.6666666666666667,2.625,1.6666666666666667,3.333333333333333,2.5,2.2222222222222223,3.0,2.6470588235294117,0.0,5.0,5.0,0.0,0.0,0.0,5.0,0.0,0.0,0.0,0.0,5.0,0.0,0.0,0.0,0.0,0.0,5.0,0.0
0.833333333333333,0.0,0.13958482462419475,0.3571428571428571,0.0,3.333333333333333,5.0,4.857142857142858,3.333333333333333,1.25,0.0,0.8385992627698788,2.463160008030516,0.5555555555555556,5.0,2.5,0.0,5.0,0.0,0.625,2.5,3.333333333333333,0.625,0.8333333333333334,0.0,0.8823529411764706,0.0,5.0,0.0,5.0,0.0,0.0,0.0,5.0,0.0,0.0,0.0,0.0,0.0,0.0,0.0,5.0,0.0,5.0,0.0
1.3095238095238093,1.0,2.5196850393700787,1.0714285714285714,2.5,1.6666666666666667,0.0,0.6428571428571428,3.333333333333333,0.0,3.333333333333333,0.6134807793575565,3.0497891989560326,1.6666666666666667,5.0,0.7142857142857144,0.0,0.0,3.3333333333333335,1.25,1.6666666666666667,3.333333333333333,0.875,1.9444444444444446,2.333333333333333,2.058823529411765,0.0,5.0,5.0,0.0,0.0,0.0,0.0,0.0,5.0,0.0,5.0,0.0,0.0,0.0,0.0,0.0,0.0,0.0,0.0
4.404761904761905,0.0,3.539727988546886,0.17857142857142858,0.0,5.0,5.0,2.4999999999999996,3.333333333333333,2.5,1.6666666666666667,2.624275934702475,2.7542662116040955,1.6666666666666667,0.0,2.5,0.0,1.6666666666666667,1.6666666666666667,2.875,3.3333333333333335,3.333333333333333,0.375,0.5555555555555556,0.3333333333333333,0.5882352941176471,5.0,0.0,5.0,0.0,5.0,0.0,0.0,0.0,0.0,0.0,0.0,0.0,5.0,0.0,0.0,0.0,0.0,5.0,0.0
1.5476190476190474,0.0,4.194702934860415,1.4285714285714286,0.0,3.333333333333333,5.0,0.2142857142857144,3.333333333333333,2.5,1.6666666666666667,2.537914691943128,2.46938365790002,0.5555555555555556,0.0,5.0,5.0,5.0,1.6666666666666667,1.625,5.0,5.0,1.625,2.2222222222222223,0.0,2.3529411764705883,0.0,5.0,5.0,0.0,5.0,0.0,0.0,0.0,0.0,0.0,0.0,0.0,5.0,0.0,0.0,0.0,0.0,0.0,0.0
2.142857142857143,0.0,0.40801717967072304,0.8928571428571428,1.25,1.6666666666666667,5.0,3.857142857142857,3.333333333333333,1.25,1.6666666666666667,1.0352817272248551,0.14555310178678976,3.3333333333333335,0.0,3.2142857142857144,5.0,5.0,3.3333333333333335,0.875,0.0,3.333333333333333,0.375,0.5555555555555556,0.0,0.29411764705882354,0.0,5.0,5.0,0.0,0.0,0.0,5.0,0.0,0.0,0.0,0.0,0.0,5.0,0.0,0.0,0.0,0.0,0.0,0.0
2.380952380952381,0.0,3.2462419470293487,0.17857142857142858,1.25,1.6666666666666667,0.0,0.07142857142857117,3.333333333333333,1.25,0.0,1.5492364402317007,3.4866492672154186,1.6666666666666667,0.0,1.4285714285714288,0.0,5.0,1.6666666666666667,1.375,2.5,3.333333333333333,0.875,1.9444444444444446,0.3333333333333333,2.058823529411765,0.0,5.0,0.0,5.0,5.0,0.0,0.0,0.0,0.0,0.0,0.0,0.0,0.0,0.0,0.0,5.0,0.0,0.0,0.0
4.523809523809524,0.0,2.1868289191123838,1.25,2.5,3.333333333333333,0.0,2.642857142857143,3.333333333333333,0.0,0.0,0.8551869404949972,2.378036538847621,2.2222222222222223,5.0,2.5,0.0,3.333333333333333,1.6666666666666667,2.375,2.5,3.333333333333333,0.25,0.5555555555555556,0.6666666666666666,0.5882352941176471,0.0,5.0,5.0,0.0,5.0,0.0,0.0,0.0,0.0,0.0,0.0,0.0,0.0,0.0,5.0,0.0,0.0,0.0,0.0
4.880952380952381,0.0,4.01932712956335,0.0,0.0,0.0,0.0,1.9285714285714284,1.6666666666666667,1.25,3.333333333333333,1.1753554502369667,4.532021682393093,3.8888888888888893,0.0,0.0,0.0,5.0,0.0,2.5,1.6666666666666667,1.6666666666666667,0.5,0.8333333333333334,0.3333333333333333,0.8823529411764706,5.0,0.0,0.0,5.0,5.0,0.0,0.0,0.0,0.0,0.0,0.0,0.0,0.0,0.0,0.0,5.0,0.0,0.0,5.0
1.0714285714285712,0.0,4.001431639226915,0.7142857142857143,2.5,3.333333333333333,0.0,3.9285714285714284,3.333333333333333,0.0,1.6666666666666667,0.38678251711427064,3.7831760690624368,0.5555555555555556,5.0,0.35714285714285676,0.0,1.6666666666666667,0.0,0.5,1.6666666666666667,1.6666666666666667,0.5,0.8333333333333334,0.3333333333333333,0.5882352941176471,0.0,5.0,5.0,0.0,5.0,0.0,0.0,0.0,0.0,0.0,0.0,0.0,0.0,0.0,5.0,0.0,0.0,0.0,5.0
2.0238095238095233,0.0,2.791696492483894,0.3571428571428571,3.75,5.0,5.0,4.428571428571429,3.333333333333333,2.5,5.0,1.7941021590310686,0.9471993575587232,3.3333333333333335,0.0,0.7142857142857144,0.0,1.6666666666666667,1.6666666666666667,1.5,1.6666666666666667,3.333333333333333,1.25,2.5,0.0,2.3529411764705883,0.0,5.0,0.0,5.0,5.0,0.0,0.0,0.0,0.0,0.0,0.0,0.0,0.0,0.0,0.0,5.0,0.0,0.0,0.0
1.9047619047619047,0.0,1.5891195418754474,1.6071428571428572,2.5,1.6666666666666667,5.0,3.785714285714285,3.333333333333333,0.0,1.6666666666666667,0.2630331753554503,0.9640634410760893,0.5555555555555556,0.0,1.0714285714285712,0.0,1.6666666666666667,3.3333333333333335,0.125,2.5,3.333333333333333,0.125,0.0,0.3333333333333333,0.0,0.0,5.0,5.0,0.0,5.0,0.0,0.0,0.0,0.0,0.0,5.0,0.0,0.0,0.0,0.0,0.0,0.0,0.0,0.0
2.857142857142857,0.0,2.9133858267716537,2.857142857142857,1.25,5.0,0.0,3.714285714285714,5.0,1.25,0.0,1.4576092680358081,4.200361373218229,1.6666666666666667,5.0,0.7142857142857144,0.0,3.333333333333333,0.0,1.25,0.8333333333333334,3.333333333333333,0.375,0.5555555555555556,0.0,0.5882352941176471,0.0,5.0,5.0,0.0,5.0,0.0,0.0,0.0,0.0,0.0,0.0,0.0,0.0,0.0,5.0,0.0,0.0,0.0,5.0
1.9047619047619047,0.0,3.3249821045096635,0.8928571428571428,3.75,3.333333333333333,0.0,1.0714285714285712,1.6666666666666667,1.25,1.6666666666666667,0.9204844655081621,2.5910459747038748,3.3333333333333335,0.0,1.4285714285714288,0.0,3.333333333333333,1.6666666666666667,1.5,2.5,3.333333333333333,0.125,0.0,0.0,0.0,0.0,5.0,5.0,0.0,5.0,0.0,0.0,0.0,0.0,0.0,0.0,0.0,0.0,0.0,5.0,0.0,0.0,0.0,0.0
2.7380952380952377,0.0,1.943450250536865,0.0,2.5,1.6666666666666667,5.0,1.3571428571428572,5.0,2.5,0.0,1.9439178515007896,3.507729371612126,0.5555555555555556,0.0,1.7857142857142856,0.0,3.333333333333333,1.6666666666666667,1.25,1.6666666666666667,3.333333333333333,1.25,1.9444444444444446,0.0,2.058823529411765,0.0,5.0,0.0,5.0,0.0,5.0,0.0,0.0,0.0,0.0,0.0,0.0,0.0,0.0,0.0,5.0,0.0,5.0,0.0
0.9523809523809521,1.0,1.1596277738010021,2.857142857142857,3.75,1.6666666666666667,0.0,1.9999999999999996,3.333333333333333,0.0,3.333333333333333,0.4560294892048446,4.158602690222847,0.0,5.0,0.0,0.0,1.6666666666666667,1.6666666666666667,1.0,1.6666666666666667,1.6666666666666667,0.875,1.9444444444444446,0.3333333333333333,0.0,5.0,0.0,0.0,0.0,5.0,0.0,0.0,0.0,0.0,5.0,0.0,0.0,0.0,0.0,0.0,0.0,0.0,0.0,0.0
1.5476190476190474,1.0,2.763063707945598,2.5000000000000004,2.5,3.333333333333333,5.0,2.9999999999999996,3.333333333333333,0.0,3.333333333333333,0.42153765139547134,0.8309576390283075,0.5555555555555556,0.0,0.35714285714285676,0.0,3.333333333333333,1.6666666666666667,0.25,4.166666666666667,1.6666666666666667,0.25,0.5555555555555556,0.6666666666666666,0.5882352941176471,5.0,0.0,5.0,0.0,0.0,0.0,5.0,0.0,0.0,0.0,5.0,0.0,0.0,0.0,0.0,0.0,0.0,5.0,0.0
0.11904761904761907,1.0,1.385110952040086,0.17857142857142858,1.25,0.0,5.0,1.5714285714285712,1.6666666666666667,0.0,5.0,0.40942601369141657,3.2810680586227665,0.5555555555555556,0.0,0.35714285714285676,0.0,3.333333333333333,0.0,0.125,2.5,5.0,0.125,0.0,0.0,0.0,0.0,5.0,0.0,0.0,0.0,0.0,0.0,0.0,5.0,5.0,0.0,0.0,0.0,0.0,0.0,0.0,0.0,0.0,5.0
1.6666666666666665,0.0,1.9183965640658553,1.25,1.25,3.333333333333333,0.0,4.357142857142858,5.0,1.25,3.333333333333333,1.096893101632438,4.028909857458341,2.7777777777777777,0.0,0.35714285714285676,0.0,3.333333333333333,1.6666666666666667,1.125,2.5,1.6666666666666667,0.625,0.8333333333333334,0.3333333333333333,0.8823529411764706,0.0,5.0,5.0,0.0,0.0,0.0,5.0,0.0,0.0,0.0,0.0,0.0,0.0,0.0,5.0,0.0,0.0,5.0,0.0
3.809523809523809,0.0,0.1539012168933429,0.0,2.5,5.0,0.0,4.642857142857142,3.333333333333333,1.25,3.333333333333333,1.4054765666140072,4.582613932945192,0.0,0.0,0.35714285714285676,0.0,0.0,1.6666666666666667,2.375,2.5,3.333333333333333,2.25,1.9444444444444446,0.0,3.823529411764706,0.0,0.0,0.0,5.0,5.0,0.0,0.0,0.0,0.0,0.0,0.0,0.0,0.0,0.0,0.0,5.0,0.0,5.0,0.0
2.142857142857143,0.0,0.41159627773801,3.035714285714286,3.75,0.0,5.0,3.4285714285714284,3.333333333333333,1.25,5.0,1.7825171142706686,4.244930736799839,1.1111111111111112,0.0,3.2142857142857144,5.0,0.0,0.0,2.25,0.0,3.333333333333333,1.375,2.5,0.0,2.6470588235294117,0.0,0.0,5.0,0.0,5.0,0.0,0.0,0.0,0.0,0.0,0.0,0.0,5.0,0.0,0.0,0.0,0.0,0.0,5.0
3.0952380952380953,0.0,3.5683607730851827,0.7142857142857143,2.5,1.6666666666666667,5.0,4.142857142857142,3.333333333333333,5.0,1.6666666666666667,4.529752501316482,1.336478618751255,3.8888888888888893,0.0,0.0,0.0,3.333333333333333,1.6666666666666667,3.25,4.166666666666667,3.333333333333333,2.75,2.5,1.0,2.9411764705882355,0.0,5.0,0.0,5.0,0.0,5.0,0.0,0.0,0.0,0.0,0.0,5.0,0.0,0.0,0.0,0.0,0.0,5.0,0.0
0.833333333333333,0.0,2.534001431639227,1.25,2.5,5.0,5.0,1.9285714285714284,5.0,1.25,1.6666666666666667,1.0115850447604,2.7271632202369003,0.0,0.0,3.928571428571429,5.0,3.333333333333333,1.6666666666666667,0.5,3.3333333333333335,3.333333333333333,0.375,0.5555555555555556,0.3333333333333333,0.5882352941176471,0.0,5.0,0.0,5.0,5.0,0.0,0.0,0.0,0.0,0.0,0.0,0.0,0.0,0.0,0.0,5.0,0.0,5.0,0.0
1.7857142857142856,0.0,1.2848962061560487,2.1428571428571432,0.0,1.6666666666666667,0.0,1.6428571428571428,3.333333333333333,0.0,5.0,0.6432332806740388,3.040955631399317,1.6666666666666667,0.0,2.5,0.0,0.0,0.0,0.625,3.3333333333333335,3.333333333333333,0.375,0.5555555555555556,0.0,0.5882352941176471,0.0,5.0,5.0,0.0,5.0,0.0,0.0,0.0,0.0,0.0,0.0,0.0,0.0,0.0,5.0,0.0,0.0,0.0,5.0
1.0714285714285712,0.0,3.582677165354331,2.3214285714285716,2.5,0.0,5.0,0.8571428571428572,3.333333333333333,0.0,0.0,0.32280147446024227,2.4659706886167436,0.5555555555555556,5.0,1.0714285714285712,0.0,5.0,3.3333333333333335,1.125,2.5,1.6666666666666667,1.125,1.9444444444444446,2.0,2.3529411764705883,0.0,5.0,5.0,0.0,5.0,0.0,0.0,0.0,0.0,0.0,0.0,0.0,0.0,0.0,5.0,0.0,0.0,5.0,0.0
1.3095238095238093,0.0,2.204724409448819,1.25,0.0,1.6666666666666667,5.0,3.4999999999999996,1.6666666666666667,1.25,5.0,1.0655608214849919,3.1308974101586027,0.5555555555555556,5.0,1.4285714285714288,0.0,3.333333333333333,1.6666666666666667,1.25,1.6666666666666667,1.6666666666666667,1.25,1.9444444444444446,0.3333333333333333,0.5882352941176471,0.0,5.0,5.0,0.0,0.0,0.0,5.0,0.0,0.0,0.0,0.0,0.0,5.0,0.0,0.0,0.0,0.0,5.0,0.0
3.809523809523809,0.0,0.808876163206872,0.0,2.5,3.333333333333333,5.0,3.9999999999999996,1.6666666666666667,0.0,3.333333333333333,0.7058978409689309,0.2672154185906445,1.1111111111111112,0.0,1.4285714285714288,0.0,5.0,1.6666666666666667,0.625,1.6666666666666667,1.6666666666666667,0.375,0.5555555555555556,0.0,0.5882352941176471,0.0,5.0,5.0,0.0,0.0,0.0,5.0,0.0,0.0,0.0,5.0,0.0,0.0,0.0,0.0,0.0,0.0,5.0,0.0
0.833333333333333,0.0,0.5869720830350752,0.0,2.5,5.0,0.0,0.714285714285714,3.333333333333333,0.0,1.6666666666666667,0.28620326487625064,3.3599678779361573,0.5555555555555556,0.0,2.5,0.0,5.0,0.0,0.25,2.5,1.6666666666666667,0.25,0.5555555555555556,0.6666666666666666,0.29411764705882354,0.0,5.0,5.0,0.0,0.0,0.0,5.0,0.0,0.0,0.0,0.0,0.0,0.0,0.0,5.0,0.0,0.0,0.0,5.0
2.0238095238095233,0.0,1.5246957766642806,1.25,3.75,3.333333333333333,5.0,5.0,3.333333333333333,0.0,3.333333333333333,0.8725645076355977,1.0066251756675366,0.5555555555555556,0.0,2.1428571428571423,0.0,1.6666666666666667,0.0,0.75,1.6666666666666667,0.0,0.625,1.1111111111111112,0.3333333333333333,1.1764705882352942,0.0,5.0,0.0,0.0,0.0,0.0,0.0,0.0,5.0,5.0,0.0,0.0,0.0,0.0,0.0,0.0,0.0,0.0,5.0
1.7857142857142856,1.0,0.8876163206871868,0.7142857142857143,2.5,5.0,0.0,0.2857142857142856,3.333333333333333,0.0,3.333333333333333,0.4849921011058452,1.4165830154587433,0.5555555555555556,5.0,0.7142857142857144,0.0,1.6666666666666667,0.0,0.125,1.6666666666666667,3.333333333333333,0.125,0.0,0.0,0.0,0.0,5.0,0.0,5.0,0.0,5.0,0.0,0.0,0.0,0.0,0.0,0.0,0.0,0.0,0.0,0.0,5.0,0.0,5.0
4.642857142857142,0.0,0.38654259126700075,5.0,2.5,0.0,5.0,1.8571428571428572,1.6666666666666667,3.75,5.0,3.451553449183781,4.016864083517366,1.6666666666666667,0.0,0.35714285714285676,0.0,3.333333333333333,1.6666666666666667,4.0,2.5,1.6666666666666667,0.125,0.0,0.0,0.0,0.0,5.0,0.0,5.0,0.0,5.0,0.0,0.0,0.0,0.0,0.0,5.0,0.0,0.0,0.0,0.0,0.0,0.0,0.0
2.4999999999999996,1.0,2.838224767358626,0.7142857142857143,2.5,5.0,5.0,1.8571428571428572,3.333333333333333,1.25,5.0,0.28357030015797785,0.24914675767918087,1.6666666666666667,0.0,1.0714285714285712,0.0,3.333333333333333,1.6666666666666667,2.375,5.0,5.0,0.125,0.0,0.0,0.0,0.0,5.0,0.0,5.0,0.0,0.0,0.0,0.0,5.0,0.0,0.0,0.0,0.0,0.0,0.0,0.0,5.0,5.0,0.0
0.23809523809523814,1.0,2.387258410880458,1.4285714285714286,2.5,5.0,0.0,1.714285714285714,3.333333333333333,0.0,5.0,0.3459715639810426,3.033728167034732,0.5555555555555556,5.0,1.0714285714285712,0.0,1.6666666666666667,0.0,0.25,2.5,3.333333333333333,0.25,0.5555555555555556,0.0,0.5882352941176471,5.0,0.0,0.0,5.0,0.0,5.0,0.0,0.0,0.0,0.0,0.0,0.0,0.0,0.0,0.0,0.0,5.0,0.0,5.0
4.761904761904761,0.0,1.0307802433786686,0.0,3.75,5.0,5.0,0.1428571428571428,0.0,1.25,3.333333333333333,1.2245918904686677,3.003814495081309,1.1111111111111112,5.0,0.7142857142857144,0.0,5.0,1.6666666666666667,1.5,1.6666666666666667,3.333333333333333,0.625,0.8333333333333334,0.3333333333333333,0.5882352941176471,0.0,0.0,5.0,0.0,5.0,0.0,0.0,0.0,0.0,0.0,0.0,0.0,0.0,0.0,0.0,0.0,0.0,0.0,0.0
3.9285714285714284,0.0,4.294917680744453,0.17857142857142858,2.5,5.0,5.0,3.857142857142857,0.0,1.25,1.6666666666666667,1.177725118483412,2.8562537643043564,2.7777777777777777,0.0,2.5,0.0,5.0,1.6666666666666667,1.625,2.5,3.333333333333333,0.5,0.2777777777777778,0.3333333333333333,0.5882352941176471,0.0,5.0,5.0,0.0,0.0,0.0,5.0,0.0,0.0,0.0,0.0,0.0,5.0,0.0,0.0,0.0,0.0,0.0,0.0
1.7857142857142856,0.0,2.934860415175376,0.0,5.0,0.0,0.0,4.642857142857142,5.0,3.75,3.333333333333333,3.995523959978936,4.112427223449107,2.2222222222222223,0.0,2.8571428571428568,0.0,3.333333333333333,1.6666666666666667,1.25,1.6666666666666667,3.333333333333333,0.75,0.2777777777777778,0.0,1.4705882352941178,0.0,5.0,5.0,0.0,0.0,0.0,5.0,0.0,0.0,0.0,0.0,0.0,0.0,5.0,0.0,0.0,0.0,0.0,0.0
2.380952380952381,0.0,0.10021474588403723,0.17857142857142858,1.25,5.0,5.0,0.1428571428571428,3.333333333333333,2.5,1.6666666666666667,1.6698262243285937,3.71913270427625,3.8888888888888893,0.0,1.7857142857142856,0.0,3.333333333333333,0.0,1.25,1.6666666666666667,3.333333333333333,0.125,0.0,0.0,0.0,0.0,5.0,0.0,5.0,0.0,5.0,0.0,0.0,0.0,0.0,0.0,0.0,0.0,0.0,0.0,5.0,0.0,0.0,5.0
2.2619047619047614,0.0,2.2405153901216894,0.0,3.75,0.0,0.0,3.5714285714285707,3.333333333333333,2.5,5.0,3.315955766192733,1.923910861272837,1.1111111111111112,5.0,2.5,0.0,0.0,3.3333333333333335,1.875,1.6666666666666667,3.333333333333333,0.625,0.5555555555555556,0.0,0.5882352941176471,0.0,0.0,5.0,0.0,0.0,0.0,5.0,0.0,0.0,0.0,0.0,0.0,0.0,5.0,0.0,0.0,0.0,0.0,0.0
2.2619047619047614,0.0,1.0952040085898354,3.2142857142857144,1.25,1.6666666666666667,5.0,3.0714285714285716,3.333333333333333,0.0,1.6666666666666667,0.5300157977883095,1.6328046576992572,2.2222222222222223,0.0,3.571428571428571,5.0,0.0,0.0,1.0,0.8333333333333334,3.333333333333333,0.125,0.0,0.0,0.0,0.0,5.0,5.0,0.0,5.0,0.0,0.0,0.0,0.0,0.0,0.0,0.0,0.0,0.0,5.0,0.0,0.0,5.0,0.0
1.7857142857142856,1.0,1.299212598425197,0.17857142857142858,1.25,0.0,0.0,0.6428571428571428,3.333333333333333,0.0,0.0,0.44707740916271715,3.8978116844007227,3.8888888888888893,0.0,3.2142857142857144,5.0,0.0,0.0,1.625,2.5,5.0,1.125,1.9444444444444446,0.3333333333333333,2.058823529411765,0.0,5.0,5.0,0.0,5.0,0.0,0.0,0.0,0.0,0.0,5.0,0.0,0.0,0.0,0.0,0.0,0.0,5.0,0.0
2.4999999999999996,0.0,1.5103793843951325,3.035714285714286,1.25,0.0,5.0,0.1428571428571428,3.333333333333333,1.25,3.333333333333333,0.928120063191153,2.260188717125075,0.0,0.0,0.0,0.0,0.0,0.0,1.125,5.0,3.333333333333333,1.0,1.9444444444444446,0.3333333333333333,2.058823529411765,0.0,5.0,5.0,0.0,5.0,0.0,0.0,0.0,0.0,0.0,0.0,0.0,5.0,0.0,0.0,0.0,0.0,0.0,5.0
0.4761904761904763,1.0,4.531138153185397,0.5357142857142857,0.0,3.333333333333333,5.0,4.928571428571429,1.6666666666666667,0.0,3.333333333333333,0.7596103212216956,1.4123669945794017,2.7777777777777777,0.0,1.7857142857142856,0.0,3.333333333333333,0.0,0.5,2.5,3.333333333333333,0.25,0.5555555555555556,0.3333333333333333,0.5882352941176471,5.0,0.0,5.0,0.0,0.0,0.0,0.0,0.0,5.0,0.0,5.0,0.0,0.0,0.0,0.0,0.0,0.0,0.0,5.0
4.0476190476190474,0.0,4.3772369362920545,1.7857142857142858,3.75,5.0,0.0,3.714285714285714,3.333333333333333,1.25,3.333333333333333,0.563454449710374,3.9604497088937967,4.444444444444445,0.0,3.2142857142857144,5.0,1.6666666666666667,1.6666666666666667,1.125,2.5,3.333333333333333,0.625,0.5555555555555556,0.3333333333333333,1.1764705882352942,0.0,5.0,5.0,0.0,5.0,0.0,0.0,0.0,0.0,0.0,5.0,0.0,0.0,0.0,0.0,0.0,0.0,5.0,0.0
2.619047619047619,0.0,4.97494631352899,3.3928571428571432,3.75,0.0,5.0,2.214285714285714,3.333333333333333,2.5,5.0,2.4520800421274354,4.908251355149568,2.2222222222222223,0.0,3.2142857142857144,5.0,5.0,1.6666666666666667,1.75,5.0,3.333333333333333,1.375,2.7777777777777777,3.6666666666666665,0.29411764705882354,0.0,5.0,5.0,0.0,0.0,0.0,0.0,0.0,5.0,0.0,0.0,0.0,0.0,0.0,0.0,0.0,0.0,5.0,0.0
2.0238095238095233,0.0,3.997852541159628,3.035714285714286,2.5,3.333333333333333,0.0,3.9999999999999996,3.333333333333333,1.25,3.333333333333333,0.9457609268035807,0.8201164424814296,0.5555555555555556,0.0,1.7857142857142856,0.0,1.6666666666666667,0.0,0.625,2.5,3.333333333333333,0.625,0.5555555555555556,0.3333333333333333,0.0,0.0,5.0,0.0,5.0,0.0,0.0,5.0,0.0,0.0,0.0,0.0,0.0,0.0,0.0,0.0,5.0,0.0,5.0,0.0
3.452380952380952,0.0,4.838940586972083,0.17857142857142858,3.75,5.0,0.0,2.4999999999999996,1.6666666666666667,0.0,5.0,0.6016324381253291,2.2170246938365787,0.5555555555555556,5.0,2.5,0.0,0.0,0.0,0.375,2.5,1.6666666666666667,0.375,0.5555555555555556,0.3333333333333333,0.5882352941176471,0.0,5.0,0.0,5.0,5.0,0.0,0.0,0.0,0.0,0.0,0.0,0.0,0.0,0.0,0.0,0.0,5.0,0.0,5.0
4.285714285714285,0.0,0.1431639226914817,4.464285714285714,2.5,5.0,0.0,0.0,5.0,3.75,5.0,4.296735123749341,2.364384661714515,1.1111111111111112,5.0,0.35714285714285676,0.0,3.333333333333333,0.0,2.875,2.5,3.333333333333333,0.625,0.8333333333333334,1.3333333333333333,1.1764705882352942,0.0,0.0,0.0,0.0,0.0,0.0,0.0,0.0,0.0,0.0,0.0,5.0,0.0,0.0,0.0,0.0,0.0,0.0,5.0
1.6666666666666665,1.0,0.9735146743020759,4.285714285714286,3.75,0.0,5.0,4.071428571428571,3.333333333333333,0.0,5.0,0.4702474986835176,3.19654687813692,0.5555555555555556,5.0,4.642857142857142,5.0,3.333333333333333,0.0,0.125,1.6666666666666667,0.0,0.125,0.0,0.0,0.29411764705882354,0.0,5.0,5.0,0.0,5.0,0.0,0.0,0.0,0.0,0.0,5.0,0.0,0.0,0.0,0.0,0.0,0.0,0.0,5.0
1.3095238095238093,0.0,4.989262705798139,0.0,0.0,5.0,5.0,0.7857142857142856,3.333333333333333,1.25,3.333333333333333,0.8715113217482884,4.856253764304356,0.5555555555555556,0.0,0.7142857142857144,0.0,0.0,1.6666666666666667,1.25,0.8333333333333334,3.333333333333333,1.25,1.9444444444444446,0.0,2.6470588235294117,0.0,0.0,5.0,0.0,0.0,0.0,0.0,0.0,5.0,0.0,0.0,0.0,5.0,0.0,0.0,0.0,0.0,5.0,0.0
1.1904761904761902,0.0,1.9255547602004297,0.0,2.5,5.0,5.0,3.857142857142857,3.333333333333333,0.0,0.0,0.28199052132701424,0.5296125276048986,1.1111111111111112,0.0,0.0,0.0,1.6666666666666667,0.0,0.625,1.6666666666666667,1.6666666666666667,0.375,0.5555555555555556,0.3333333333333333,0.5882352941176471,0.0,5.0,5.0,0.0,0.0,0.0,0.0,0.0,5.0,0.0,0.0,0.0,0.0,0.0,5.0,0.0,0.0,0.0,5.0
2.142857142857143,0.0,2.9921259842519685,0.17857142857142858,3.75,3.333333333333333,5.0,3.4999999999999996,3.333333333333333,0.0,3.333333333333333,0.397577672459189,2.0463762296727563,2.2222222222222223,0.0,3.571428571428571,5.0,3.333333333333333,0.0,2.0,5.0,3.333333333333333,1.375,2.2222222222222223,1.0,2.6470588235294117,0.0,5.0,5.0,0.0,0.0,0.0,5.0,0.0,0.0,0.0,5.0,0.0,0.0,0.0,0.0,0.0,0.0,0.0,5.0
1.9047619047619047,0.0,1.9541875447387258,1.7857142857142858,2.5,3.333333333333333,5.0,1.8571428571428572,1.6666666666666667,1.25,1.6666666666666667,0.916535018430753,3.9628588636819915,2.2222222222222223,0.0,0.0,0.0,5.0,3.3333333333333335,1.75,4.166666666666667,5.0,1.25,2.5,0.3333333333333333,2.3529411764705883,5.0,0.0,0.0,0.0,5.0,0.0,0.0,0.0,0.0,5.0,0.0,0.0,0.0,0.0,0.0,0.0,0.0,5.0,0.0
2.4999999999999996,0.0,2.040085898353615,1.0714285714285714,1.25,3.333333333333333,5.0,1.714285714285714,1.6666666666666667,5.0,5.0,4.808583464981569,3.8239309375627384,0.5555555555555556,0.0,1.4285714285714288,0.0,0.0,1.6666666666666667,2.625,1.6666666666666667,3.333333333333333,2.625,2.5,4.333333333333333,0.8823529411764706,5.0,0.0,5.0,0.0,0.0,0.0,5.0,0.0,0.0,0.0,0.0,5.0,0.0,0.0,0.0,0.0,0.0,5.0,0.0
4.523809523809524,1.0,1.2133142448103078,2.3214285714285716,3.75,1.6666666666666667,0.0,2.9999999999999996,3.333333333333333,0.0,1.6666666666666667,1.0410742496050551,0.48504316402328856,5.0,5.0,2.5,0.0,0.0,5.0,0.875,1.6666666666666667,3.333333333333333,0.625,1.1111111111111112,1.3333333333333333,0.8823529411764706,0.0,5.0,5.0,0.0,5.0,0.0,0.0,0.0,0.0,0.0,0.0,0.0,0.0,0.0,5.0,0.0,0.0,5.0,0.0
3.0952380952380953,0.0,3.6327845382963493,0.17857142857142858,0.0,0.0,0.0,2.9999999999999996,5.0,0.0,5.0,0.26382306477093204,3.5912467376028907,0.5555555555555556,0.0,0.7142857142857144,0.0,5.0,1.6666666666666667,1.25,4.166666666666667,3.333333333333333,1.25,1.3888888888888888,2.333333333333333,2.058823529411765,0.0,5.0,5.0,0.0,5.0,0.0,0.0,0.0,0.0,0.0,0.0,0.0,0.0,0.0,5.0,0.0,0.0,5.0,0.0
3.6904761904761902,0.0,1.5211166785969936,1.25,1.25,0.0,0.0,1.5,3.333333333333333,2.5,1.6666666666666667,1.6835176408636123,4.092150170648464,2.2222222222222223,0.0,0.0,0.0,3.333333333333333,1.6666666666666667,3.625,2.5,1.6666666666666667,3.25,2.5,0.3333333333333333,2.058823529411765,0.0,5.0,5.0,0.0,0.0,0.0,0.0,5.0,0.0,0.0,5.0,0.0,0.0,0.0,0.0,0.0,0.0,5.0,0.0
2.857142857142857,1.0,2.9742304939155333,3.2142857142857144,2.5,3.333333333333333,5.0,1.9285714285714284,5.0,0.0,3.333333333333333,0.46076882569773564,3.6683396908251353,3.3333333333333335,5.0,0.35714285714285676,0.0,5.0,0.0,0.875,1.6666666666666667,3.333333333333333,0.25,0.5555555555555556,0.6666666666666666,0.5882352941176471,5.0,0.0,5.0,0.0,0.0,0.0,5.0,0.0,0.0,0.0,0.0,0.0,0.0,0.0,5.0,0.0,0.0,0.0,0.0
1.4285714285714284,0.0,4.391553328561202,5.0,3.75,3.333333333333333,5.0,2.214285714285714,3.333333333333333,1.25,0.0,0.817798841495524,2.228066653282473,4.444444444444445,0.0,2.8571428571428568,0.0,3.333333333333333,5.0,1.0,2.5,3.333333333333333,0.5,0.8333333333333334,0.0,0.8823529411764706,0.0,5.0,0.0,5.0,5.0,0.0,0.0,0.0,0.0,0.0,0.0,0.0,0.0,0.0,0.0,5.0,0.0,0.0,0.0
2.619047619047619,0.0,0.41517537580529706,1.25,0.0,5.0,5.0,1.7857142857142856,1.6666666666666667,2.5,1.6666666666666667,3.3565034228541335,4.634410760891387,1.1111111111111112,0.0,0.0,0.0,3.333333333333333,1.6666666666666667,2.0,4.166666666666667,3.333333333333333,1.125,2.2222222222222223,1.3333333333333333,2.3529411764705883,0.0,0.0,5.0,0.0,0.0,0.0,5.0,0.0,0.0,0.0,0.0,0.0,0.0,5.0,0.0,0.0,0.0,0.0,0.0
3.0952380952380953,0.0,0.9985683607730853,4.107142857142857,2.5,0.0,5.0,1.3571428571428572,0.0,0.0,3.333333333333333,0.7106371774618219,0.002007628990162602,1.1111111111111112,0.0,1.0714285714285712,0.0,3.333333333333333,0.0,1.125,4.166666666666667,3.333333333333333,0.625,0.5555555555555556,0.3333333333333333,1.1764705882352942,0.0,0.0,5.0,0.0,0.0,0.0,5.0,0.0,0.0,0.0,5.0,0.0,0.0,0.0,0.0,0.0,0.0,0.0,5.0
4.0476190476190474,0.0,2.8203292770221906,4.285714285714286,3.75,3.333333333333333,0.0,3.642857142857143,1.6666666666666667,3.75,5.0,3.374670879410216,3.399718931941377,1.6666666666666667,0.0,3.928571428571429,5.0,3.333333333333333,0.0,3.875,2.5,3.333333333333333,1.125,2.2222222222222223,0.0,0.0,5.0,0.0,5.0,0.0,0.0,0.0,5.0,0.0,0.0,0.0,0.0,0.0,5.0,0.0,0.0,0.0,0.0,5.0,0.0
4.285714285714285,0.0,3.110236220472441,0.0,2.5,5.0,0.0,1.714285714285714,3.333333333333333,3.75,5.0,4.296735123749341,0.7143143946998596,3.3333333333333335,0.0,2.8571428571428568,0.0,5.0,0.0,3.625,2.5,1.6666666666666667,2.5,1.9444444444444446,4.0,2.058823529411765,0.0,5.0,5.0,0.0,0.0,0.0,5.0,0.0,0.0,0.0,0.0,0.0,0.0,5.0,0.0,0.0,0.0,0.0,5.0
0.833333333333333,1.0,3.997852541159628,0.5357142857142857,0.0,5.0,5.0,0.1428571428571428,3.333333333333333,0.0,5.0,0.7061611374407581,0.5041156394298334,0.5555555555555556,5.0,1.4285714285714288,0.0,1.6666666666666667,1.6666666666666667,0.875,2.5,5.0,0.875,1.9444444444444446,1.6666666666666665,1.7647058823529411,0.0,5.0,5.0,0.0,0.0,0.0,0.0,0.0,5.0,0.0,5.0,0.0,0.0,0.0,0.0,0.0,0.0,5.0,0.0
2.0238095238095233,0.0,4.01932712956335,0.17857142857142858,3.75,5.0,0.0,2.214285714285714,3.333333333333333,1.25,0.0,1.0753027909426012,0.5354346516763702,1.1111111111111112,0.0,0.0,0.0,0.0,1.6666666666666667,2.0,1.6666666666666667,5.0,0.125,0.0,0.0,0.0,0.0,0.0,5.0,0.0,5.0,0.0,0.0,0.0,0.0,0.0,0.0,0.0,0.0,0.0,0.0,0.0,0.0,0.0,0.0
1.3095238095238093,0.0,1.9863994273443093,4.642857142857142,2.5,1.6666666666666667,0.0,2.5714285714285716,3.333333333333333,1.25,3.333333333333333,0.8757240652975249,4.708893796426421,2.2222222222222223,0.0,0.35714285714285676,0.0,0.0,1.6666666666666667,1.375,2.5,1.6666666666666667,1.0,1.9444444444444446,0.3333333333333333,0.29411764705882354,0.0,5.0,5.0,0.0,0.0,0.0,5.0,0.0,0.0,0.0,0.0,0.0,0.0,0.0,0.0,0.0,0.0,5.0,0.0
0.4761904761904763,0.0,1.546170365068003,2.5000000000000004,2.5,1.6666666666666667,0.0,2.0714285714285716,3.333333333333333,0.0,5.0,0.49025803054239075,4.354748042561734,0.5555555555555556,0.0,1.4285714285714288,0.0,3.333333333333333,0.0,0.125,4.166666666666667,3.333333333333333,0.0,0.0,0.0,0.0,0.0,5.0,5.0,0.0,0.0,0.0,5.0,0.0,0.0,0.0,5.0,0.0,0.0,0.0,0.0,0.0,0.0,0.0,5.0
2.380952380952381,0.0,4.985683607730852,1.6071428571428572,2.5,3.333333333333333,0.0,3.285714285714285,3.333333333333333,1.25,3.333333333333333,2.320958399157451,4.031319012246537,1.6666666666666667,0.0,2.8571428571428568,0.0,3.333333333333333,1.6666666666666667,2.25,3.3333333333333335,3.333333333333333,0.125,0.0,0.0,0.0,0.0,5.0,5.0,0.0,0.0,0.0,5.0,0.0,0.0,0.0,0.0,0.0,0.0,0.0,0.0,0.0,0.0,5.0,0.0
1.7857142857142856,0.0,1.7322834645669292,0.0,2.5,0.0,5.0,1.2857142857142856,5.0,1.25,0.0,0.7972617166929963,3.9594458943987147,0.5555555555555556,0.0,3.928571428571429,5.0,0.0,1.6666666666666667,1.125,4.166666666666667,3.333333333333333,1.125,2.2222222222222223,0.0,2.3529411764705883,0.0,5.0,0.0,5.0,0.0,0.0,5.0,0.0,0.0,0.0,0.0,0.0,0.0,0.0,0.0,5.0,0.0,0.0,0.0
0.833333333333333,1.0,1.778811739441661,4.107142857142857,0.0,3.333333333333333,5.0,3.0714285714285716,0.0,0.0,5.0,0.028699315429173256,1.1937361975506928,0.5555555555555556,5.0,1.0714285714285712,0.0,5.0,0.0,0.125,3.3333333333333335,3.333333333333333,0.125,0.0,0.3333333333333333,0.0,5.0,0.0,0.0,5.0,5.0,0.0,0.0,0.0,0.0,0.0,0.0,0.0,0.0,0.0,0.0,0.0,5.0,0.0,5.0
1.5476190476190474,0.0,1.3528990694345024,1.0714285714285714,1.25,1.6666666666666667,0.0,0.07142857142857117,3.333333333333333,1.25,0.0,0.868088467614534,0.41397309777153185,0.5555555555555556,0.0,0.35714285714285676,0.0,1.6666666666666667,1.6666666666666667,1.625,4.166666666666667,0.0,1.625,2.7777777777777777,1.0,3.5294117647058822,0.0,5.0,5.0,0.0,0.0,0.0,5.0,0.0,0.0,0.0,0.0,0.0,5.0,0.0,0.0,0.0,0.0,5.0,0.0
1.3095238095238093,0.0,3.8439513242662846,0.3571428571428571,1.25,1.6666666666666667,0.0,2.285714285714285,3.333333333333333,1.25,3.333333333333333,1.1985255397577672,0.27966271832965267,0.5555555555555556,0.0,1.0714285714285712,0.0,0.0,1.6666666666666667,0.75,4.166666666666667,1.6666666666666667,0.75,0.0,0.3333333333333333,0.5882352941176471,0.0,5.0,0.0,5.0,0.0,0.0,5.0,0.0,0.0,0.0,0.0,0.0,0.0,0.0,0.0,5.0,0.0,5.0,0.0
1.3095238095238093,0.0,4.659985683607731,3.3928571428571432,2.5,3.333333333333333,0.0,3.857142857142857,3.333333333333333,0.0,5.0,0.3022643496577146,3.234089540252961,0.5555555555555556,0.0,1.4285714285714288,0.0,1.6666666666666667,1.6666666666666667,0.375,4.166666666666667,3.333333333333333,0.375,0.2777777777777778,0.0,0.5882352941176471,5.0,0.0,0.0,5.0,0.0,0.0,0.0,0.0,5.0,0.0,0.0,0.0,0.0,0.0,0.0,0.0,5.0,5.0,0.0
4.285714285714285,0.0,2.956335003579098,3.3928571428571432,3.75,5.0,0.0,0.07142857142857117,3.333333333333333,1.25,3.333333333333333,1.0163243812532912,2.969484039349528,1.6666666666666667,0.0,0.35714285714285676,0.0,5.0,0.0,2.5,3.3333333333333335,1.6666666666666667,0.5,0.8333333333333334,0.0,0.8823529411764706,5.0,0.0,5.0,0.0,5.0,0.0,0.0,0.0,0.0,0.0,0.0,0.0,0.0,0.0,5.0,0.0,0.0,0.0,5.0
4.285714285714285,0.0,0.9806728704366501,3.2142857142857144,3.75,5.0,0.0,4.642857142857142,3.333333333333333,1.25,0.0,1.178515007898894,4.130897410158602,5.0,5.0,0.0,0.0,1.6666666666666667,3.3333333333333335,1.125,3.3333333333333335,3.333333333333333,0.625,0.8333333333333334,0.3333333333333333,1.1764705882352942,0.0,5.0,5.0,0.0,0.0,0.0,5.0,0.0,0.0,0.0,0.0,0.0,5.0,0.0,0.0,0.0,0.0,0.0,0.0
1.5476190476190474,1.0,0.8339298496778813,1.4285714285714286,1.25,3.333333333333333,5.0,1.1428571428571428,1.6666666666666667,0.0,0.0,0.3454449710373881,1.651877133105802,0.0,5.0,3.928571428571429,5.0,0.0,0.0,0.5,0.0,3.333333333333333,0.375,0.5555555555555556,0.3333333333333333,0.5882352941176471,0.0,0.0,5.0,0.0,0.0,0.0,5.0,0.0,0.0,0.0,0.0,0.0,0.0,0.0,5.0,0.0,0.0,0.0,5.0
3.452380952380952,0.0,1.299212598425197,0.0,2.5,0.0,5.0,3.142857142857143,3.333333333333333,0.0,5.0,0.634807793575566,1.6283878739208995,3.8888888888888893,0.0,0.35714285714285676,0.0,3.333333333333333,1.6666666666666667,2.125,1.6666666666666667,1.6666666666666667,0.75,1.3888888888888888,0.3333333333333333,0.5882352941176471,0.0,5.0,5.0,0.0,0.0,0.0,0.0,0.0,5.0,0.0,0.0,0.0,0.0,0.0,5.0,0.0,0.0,5.0,0.0
2.142857142857143,0.0,4.284180386542591,4.642857142857142,2.5,3.333333333333333,5.0,4.571428571428571,3.333333333333333,1.25,3.333333333333333,1.1132174828857293,2.9076490664525196,3.3333333333333335,0.0,0.7142857142857144,0.0,1.6666666666666667,3.3333333333333335,2.125,2.5,1.6666666666666667,0.875,1.9444444444444446,2.333333333333333,2.058823529411765,0.0,5.0,5.0,0.0,0.0,0.0,5.0,0.0,0.0,0.0,0.0,0.0,0.0,0.0,0.0,0.0,0.0,5.0,0.0
2.7380952380952377,0.0,4.226914817465999,0.7142857142857143,5.0,1.6666666666666667,5.0,4.285714285714285,5.0,0.0,3.333333333333333,0.2943654555028962,0.6960449708893797,1.1111111111111112,5.0,0.35714285714285676,0.0,0.0,0.0,0.875,4.166666666666667,1.6666666666666667,0.5,0.5555555555555556,0.0,0.8823529411764706,0.0,5.0,5.0,0.0,0.0,0.0,5.0,0.0,0.0,0.0,0.0,0.0,0.0,0.0,5.0,0.0,0.0,5.0,0.0
1.3095238095238093,1.0,0.0465282748747316,2.1428571428571432,2.5,0.0,0.0,1.5,3.333333333333333,1.25,1.6666666666666667,1.2522380200105316,3.089941778759285,2.7777777777777777,0.0,0.0,0.0,0.0,0.0,0.875,3.3333333333333335,0.0,0.625,0.8333333333333334,0.0,0.0,5.0,0.0,0.0,5.0,0.0,0.0,0.0,0.0,5.0,0.0,0.0,0.0,0.0,0.0,0.0,5.0,0.0,0.0,5.0
0.0,1.0,4.3092340730136005,0.7142857142857143,2.5,1.6666666666666667,5.0,2.785714285714285,3.333333333333333,0.0,1.6666666666666667,0.22880463401790418,1.1975506926320016,0.5555555555555556,5.0,1.0714285714285712,0.0,5.0,0.0,0.0,2.5,3.333333333333333,0.0,0.0,0.0,0.0,5.0,0.0,0.0,5.0,0.0,5.0,0.0,0.0,0.0,0.0,0.0,0.0,0.0,0.0,0.0,0.0,5.0,0.0,5.0
1.6666666666666665,0.0,3.278453829634932,0.17857142857142858,3.75,0.0,0.0,3.142857142857143,5.0,1.25,5.0,1.0652975250131647,1.6990564143746238,3.8888888888888893,0.0,1.7857142857142856,0.0,3.333333333333333,0.0,1.25,0.0,1.6666666666666667,0.875,1.9444444444444446,0.0,2.058823529411765,0.0,5.0,5.0,0.0,0.0,0.0,5.0,0.0,0.0,0.0,0.0,0.0,0.0,0.0,5.0,0.0,0.0,0.0,5.0
2.857142857142857,0.0,1.5390121689334288,0.5357142857142857,1.25,3.333333333333333,5.0,1.9999999999999996,3.333333333333333,5.0,5.0,4.798051606108478,0.5699658703071673,0.5555555555555556,0.0,0.0,0.0,5.0,0.0,2.75,2.5,3.333333333333333,2.75,4.722222222222222,3.6666666666666665,4.411764705882353,0.0,5.0,5.0,0.0,0.0,0.0,0.0,0.0,5.0,0.0,0.0,5.0,0.0,0.0,0.0,0.0,0.0,5.0,0.0
4.761904761904761,0.0,2.0758768790264854,1.6071428571428572,3.75,5.0,5.0,0.5,3.333333333333333,3.75,3.333333333333333,3.3867825171142707,4.4800240915478815,0.0,0.0,0.7142857142857144,0.0,3.333333333333333,0.0,4.75,0.8333333333333334,1.6666666666666667,4.625,2.7777777777777777,0.3333333333333333,2.3529411764705883,0.0,5.0,0.0,5.0,0.0,0.0,5.0,0.0,0.0,0.0,0.0,0.0,0.0,0.0,0.0,5.0,0.0,0.0,5.0
2.2619047619047614,0.0,3.9012168933428777,0.7142857142857143,1.25,5.0,5.0,2.214285714285714,3.333333333333333,1.25,5.0,1.4054765666140072,4.232684199959848,3.8888888888888893,0.0,1.7857142857142856,0.0,3.333333333333333,3.3333333333333335,1.0,1.6666666666666667,1.6666666666666667,0.75,0.5555555555555556,0.0,1.1764705882352942,0.0,5.0,5.0,0.0,0.0,0.0,5.0,0.0,0.0,0.0,0.0,0.0,5.0,0.0,0.0,0.0,0.0,0.0,0.0
2.4999999999999996,0.0,3.0171796707229777,3.7500000000000004,2.5,5.0,0.0,3.714285714285714,3.333333333333333,2.5,0.0,2.5989994734070563,0.6000803051596066,0.5555555555555556,5.0,0.7142857142857144,0.0,3.333333333333333,0.0,2.625,1.6666666666666667,3.333333333333333,2.625,1.6666666666666667,0.6666666666666666,2.3529411764705883,5.0,0.0,5.0,0.0,0.0,0.0,5.0,0.0,0.0,0.0,0.0,0.0,5.0,0.0,0.0,0.0,0.0,0.0,5.0
1.5476190476190474,0.0,2.108088761632069,1.0714285714285714,2.5,5.0,5.0,3.0714285714285716,3.333333333333333,1.25,5.0,1.7214323328067402,1.0136518771331058,2.2222222222222223,0.0,0.35714285714285676,0.0,5.0,5.0,1.625,2.5,3.333333333333333,0.875,1.9444444444444446,0.3333333333333333,2.058823529411765,0.0,5.0,0.0,5.0,0.0,5.0,0.0,0.0,0.0,0.0,0.0,0.0,0.0,0.0,0.0,5.0,0.0,0.0,0.0
3.214285714285714,0.0,4.173228346456693,0.5357142857142857,1.25,3.333333333333333,0.0,0.0,3.333333333333333,1.25,0.0,1.0523959978936281,0.8482232483437062,2.2222222222222223,5.0,0.0,0.0,0.0,1.6666666666666667,1.125,2.5,5.0,0.625,1.1111111111111112,0.0,0.8823529411764706,0.0,5.0,0.0,5.0,5.0,0.0,0.0,0.0,0.0,0.0,0.0,0.0,0.0,0.0,0.0,5.0,0.0,0.0,0.0
0.9523809523809521,0.0,4.484609878310666,4.285714285714286,0.0,3.333333333333333,0.0,2.214285714285714,3.333333333333333,0.0,3.333333333333333,0.5089520800421274,1.369604497088938,0.5555555555555556,0.0,4.2857142857142865,5.0,5.0,1.6666666666666667,1.0,2.5,3.333333333333333,1.0,1.9444444444444446,1.6666666666666665,2.058823529411765,0.0,5.0,0.0,0.0,5.0,0.0,0.0,0.0,0.0,5.0,0.0,0.0,0.0,0.0,0.0,0.0,0.0,5.0,0.0
1.1904761904761902,1.0,4.7673586256263425,0.7142857142857143,3.75,3.333333333333333,5.0,1.4285714285714284,3.333333333333333,0.0,3.333333333333333,0.6403370194839388,1.8239309375627386,0.5555555555555556,5.0,0.7142857142857144,0.0,3.333333333333333,0.0,0.25,2.5,1.6666666666666667,0.25,0.5555555555555556,0.6666666666666666,0.5882352941176471,0.0,5.0,5.0,0.0,0.0,0.0,0.0,0.0,5.0,0.0,5.0,0.0,0.0,0.0,0.0,0.0,0.0,0.0,5.0
2.0238095238095233,0.0,0.33285612025769507,0.0,2.5,0.0,0.0,3.5714285714285707,3.333333333333333,1.25,3.333333333333333,1.0136914165350184,0.9243123870708694,0.5555555555555556,0.0,1.7857142857142856,0.0,5.0,0.0,0.625,2.5,3.333333333333333,0.625,1.1111111111111112,0.0,0.8823529411764706,0.0,5.0,0.0,5.0,0.0,0.0,5.0,0.0,0.0,0.0,0.0,0.0,0.0,0.0,0.0,5.0,0.0,0.0,5.0
1.4285714285714284,0.0,4.645669291338582,0.3571428571428571,2.5,3.333333333333333,5.0,1.6428571428571428,3.333333333333333,0.0,5.0,0.28646656134807796,2.9391688415980726,2.2222222222222223,0.0,1.4285714285714288,0.0,3.333333333333333,1.6666666666666667,1.125,2.5,0.0,0.625,0.8333333333333334,0.3333333333333333,1.1764705882352942,0.0,0.0,5.0,0.0,5.0,0.0,0.0,0.0,0.0,0.0,5.0,0.0,0.0,0.0,0.0,0.0,0.0,5.0,0.0
1.9047619047619047,0.0,3.2247673586256265,0.17857142857142858,1.25,5.0,5.0,4.642857142857142,3.333333333333333,1.25,3.333333333333333,0.7962085308056872,2.758482232483437,1.1111111111111112,0.0,0.0,0.0,5.0,0.0,0.625,2.5,1.6666666666666667,0.375,0.5555555555555556,0.0,0.5882352941176471,5.0,0.0,5.0,0.0,5.0,0.0,0.0,0.0,0.0,0.0,0.0,0.0,5.0,0.0,0.0,0.0,0.0,0.0,5.0
2.976190476190476,0.0,1.1202576950608447,4.285714285714286,2.5,3.333333333333333,5.0,3.4999999999999996,1.6666666666666667,2.5,5.0,2.5774091627172195,0.637221441477615,2.7777777777777777,0.0,0.7142857142857144,0.0,3.333333333333333,1.6666666666666667,2.25,4.166666666666667,3.333333333333333,0.125,0.0,0.0,0.0,0.0,5.0,0.0,5.0,0.0,0.0,5.0,0.0,0.0,0.0,0.0,0.0,0.0,0.0,0.0,5.0,0.0,0.0,0.0
2.0238095238095233,0.0,2.3371510379384395,1.4285714285714286,3.75,3.333333333333333,5.0,4.785714285714285,1.6666666666666667,1.25,1.6666666666666667,1.4562927856766719,3.473198152981329,5.0,0.0,2.8571428571428568,0.0,3.333333333333333,0.0,1.25,4.166666666666667,3.333333333333333,0.125,0.2777777777777778,0.0,0.0,0.0,5.0,5.0,0.0,5.0,0.0,0.0,0.0,0.0,0.0,0.0,0.0,0.0,0.0,0.0,0.0,0.0,0.0,5.0
2.0238095238095233,0.0,4.5060844667143884,2.857142857142857,3.75,3.333333333333333,5.0,4.571428571428571,3.333333333333333,1.25,0.0,2.095050026329647,3.8008432041758686,1.6666666666666667,5.0,1.4285714285714288,0.0,5.0,5.0,1.875,1.6666666666666667,3.333333333333333,0.875,1.9444444444444446,0.3333333333333333,2.058823529411765,0.0,5.0,0.0,5.0,5.0,0.0,0.0,0.0,0.0,0.0,0.0,0.0,0.0,0.0,0.0,5.0,0.0,5.0,0.0
4.285714285714285,0.0,1.5962777380100215,1.25,3.75,3.333333333333333,0.0,0.8571428571428572,3.333333333333333,1.25,3.333333333333333,0.729594523433386,4.2830756876129294,3.8888888888888893,0.0,0.0,0.0,3.333333333333333,0.0,2.375,2.5,3.333333333333333,0.125,0.0,0.0,0.0,0.0,5.0,5.0,0.0,5.0,0.0,0.0,0.0,0.0,0.0,5.0,0.0,0.0,0.0,0.0,0.0,0.0,0.0,5.0
0.23809523809523814,0.0,1.975662133142448,3.5714285714285716,2.5,3.333333333333333,5.0,0.9285714285714284,5.0,0.0,5.0,0.4394418114797261,0.59345512949207,0.5555555555555556,0.0,2.1428571428571423,0.0,5.0,0.0,0.25,1.6666666666666667,3.333333333333333,0.25,0.2777777777777778,0.6666666666666666,0.5882352941176471,0.0,5.0,0.0,5.0,0.0,5.0,0.0,0.0,0.0,0.0,0.0,0.0,0.0,0.0,0.0,0.0,5.0,0.0,5.0
1.7857142857142856,1.0,1.5211166785969936,0.0,3.75,5.0,5.0,2.357142857142857,3.333333333333333,0.0,5.0,0.44154818325434436,0.624974904637623,0.5555555555555556,5.0,0.7142857142857144,0.0,3.333333333333333,0.0,1.25,1.6666666666666667,1.6666666666666667,1.25,2.5,2.333333333333333,2.3529411764705883,0.0,5.0,5.0,0.0,0.0,0.0,0.0,5.0,0.0,0.0,0.0,0.0,0.0,0.0,5.0,0.0,0.0,0.0,5.0
2.7380952380952377,0.0,2.6413743736578383,1.4285714285714286,2.5,0.0,5.0,2.4285714285714284,3.333333333333333,5.0,3.333333333333333,4.847288046340179,0.3294519172856856,1.1111111111111112,0.0,2.1428571428571423,0.0,1.6666666666666667,1.6666666666666667,2.625,1.6666666666666667,5.0,2.25,4.444444444444445,0.0,3.235294117647059,5.0,0.0,5.0,0.0,0.0,0.0,5.0,0.0,0.0,0.0,0.0,0.0,0.0,5.0,0.0,0.0,0.0,0.0,0.0
4.523809523809524,0.0,0.3722261989978526,1.25,3.75,5.0,5.0,4.928571428571429,3.333333333333333,5.0,1.6666666666666667,4.925750394944708,0.3870708693033527,3.3333333333333335,0.0,1.0714285714285712,0.0,0.0,0.0,4.5,3.3333333333333335,3.333333333333333,0.875,0.8333333333333334,2.333333333333333,2.058823529411765,0.0,5.0,0.0,0.0,5.0,0.0,0.0,0.0,0.0,0.0,0.0,5.0,0.0,0.0,0.0,0.0,0.0,0.0,5.0
1.0714285714285712,0.0,4.563350035790981,0.17857142857142858,2.5,5.0,5.0,3.142857142857143,3.333333333333333,1.25,3.333333333333333,0.9133754607688256,0.6320016061031921,0.5555555555555556,5.0,0.0,0.0,0.0,0.0,0.625,2.5,3.333333333333333,0.625,1.1111111111111112,0.0,1.1764705882352942,0.0,5.0,0.0,5.0,5.0,0.0,0.0,0.0,0.0,0.0,0.0,0.0,0.0,0.0,0.0,5.0,0.0,0.0,5.0
3.0952380952380953,0.0,0.3507516105941303,5.0,3.75,5.0,5.0,0.1428571428571428,3.333333333333333,1.25,5.0,0.929963138493944,1.1343103794418792,0.5555555555555556,0.0,5.0,5.0,1.6666666666666667,0.0,2.5,2.5,3.333333333333333,2.5,3.055555555555556,4.333333333333333,5.0,0.0,5.0,5.0,0.0,0.0,0.0,0.0,5.0,0.0,0.0,0.0,0.0,0.0,0.0,5.0,0.0,0.0,0.0,5.0
1.9047619047619047,0.0,4.35934144595562,3.3928571428571432,2.5,3.333333333333333,0.0,4.2142857142857135,5.0,0.0,3.333333333333333,0.41495523959978936,3.924713912868902,0.0,0.0,2.1428571428571423,0.0,5.0,0.0,0.25,4.166666666666667,1.6666666666666667,0.125,0.0,0.0,0.0,0.0,5.0,5.0,0.0,0.0,0.0,0.0,0.0,5.0,0.0,0.0,0.0,0.0,0.0,5.0,0.0,0.0,5.0,0.0
1.9047619047619047,0.0,2.602004294917681,0.3571428571428571,1.25,3.333333333333333,5.0,4.142857142857142,3.333333333333333,0.0,5.0,0.718272775144813,0.029913671953423038,0.0,0.0,2.8571428571428568,0.0,3.333333333333333,1.6666666666666667,0.5,0.8333333333333334,0.0,0.375,0.5555555555555556,0.0,0.5882352941176471,0.0,5.0,0.0,0.0,0.0,0.0,0.0,0.0,0.0,5.0,0.0,0.0,0.0,0.0,0.0,0.0,0.0,5.0,0.0
1.9047619047619047,0.0,4.577666428060129,0.5357142857142857,3.75,3.333333333333333,0.0,2.9999999999999996,3.333333333333333,1.25,3.333333333333333,1.4557661927330172,2.137321822927123,5.0,0.0,1.4285714285714288,0.0,0.0,1.6666666666666667,0.75,2.5,3.333333333333333,0.375,0.5555555555555556,0.3333333333333333,0.5882352941176471,0.0,0.0,0.0,5.0,0.0,5.0,0.0,0.0,0.0,0.0,0.0,0.0,0.0,0.0,0.0,5.0,0.0,5.0,0.0
0.0,0.0,3.6578382247673584,0.0,2.5,5.0,0.0,4.785714285714285,3.333333333333333,0.0,5.0,0.15850447604002105,3.4553302549688816,0.5555555555555556,0.0,1.4285714285714288,0.0,3.333333333333333,0.0,0.0,4.166666666666667,5.0,0.0,0.0,0.0,0.0,0.0,0.0,5.0,0.0,5.0,0.0,0.0,0.0,0.0,0.0,5.0,0.0,0.0,0.0,0.0,0.0,0.0,0.0,5.0
1.7857142857142856,0.0,2.612741589119542,0.7142857142857143,3.75,3.333333333333333,0.0,2.357142857142857,1.6666666666666667,0.0,5.0,0.5007898894154819,2.5460750853242318,0.5555555555555556,0.0,0.7142857142857144,0.0,3.333333333333333,1.6666666666666667,0.25,1.6666666666666667,1.6666666666666667,0.25,0.5555555555555556,0.0,0.5882352941176471,0.0,5.0,5.0,0.0,5.0,0.0,0.0,0.0,0.0,0.0,0.0,0.0,0.0,0.0,5.0,0.0,0.0,5.0,0.0
2.142857142857143,1.0,2.8024337866857554,2.678571428571429,3.75,3.333333333333333,0.0,0.9285714285714284,5.0,0.0,0.0,0.45655608214849924,1.2397109014254166,0.5555555555555556,0.0,1.7857142857142856,0.0,3.333333333333333,0.0,2.25,0.8333333333333334,3.333333333333333,2.125,3.611111111111111,5.0,4.11764705882353,0.0,5.0,5.0,0.0,5.0,0.0,0.0,0.0,0.0,0.0,5.0,0.0,0.0,0.0,0.0,0.0,0.0,0.0,5.0
1.9047619047619047,0.0,0.2863278453829635,0.0,3.75,1.6666666666666667,0.0,2.9999999999999996,5.0,0.0,5.0,0.5979462875197472,2.3001405340293113,1.1111111111111112,0.0,1.7857142857142856,0.0,3.333333333333333,0.0,1.25,1.6666666666666667,3.333333333333333,0.5,0.5555555555555556,0.3333333333333333,0.8823529411764706,0.0,5.0,5.0,0.0,5.0,0.0,0.0,0.0,0.0,0.0,0.0,0.0,0.0,0.0,5.0,0.0,0.0,0.0,5.0
4.404761904761905,0.0,4.327129563350036,0.17857142857142858,2.5,3.333333333333333,0.0,4.785714285714285,3.333333333333333,3.75,5.0,4.120589784096893,4.248945994780165,1.1111111111111112,5.0,0.7142857142857144,0.0,3.333333333333333,0.0,3.75,1.6666666666666667,3.333333333333333,0.625,1.1111111111111112,0.3333333333333333,0.5882352941176471,0.0,5.0,5.0,0.0,5.0,0.0,0.0,0.0,0.0,0.0,0.0,5.0,0.0,0.0,0.0,0.0,0.0,0.0,5.0
0.833333333333333,0.0,2.791696492483894,3.2142857142857144,0.0,5.0,5.0,2.642857142857143,3.333333333333333,0.0,5.0,0.7003686150605581,1.4015257980325238,1.6666666666666667,0.0,0.0,0.0,3.333333333333333,5.0,0.875,5.0,1.6666666666666667,0.375,0.5555555555555556,0.3333333333333333,0.5882352941176471,0.0,5.0,5.0,0.0,0.0,0.0,5.0,0.0,0.0,0.0,5.0,0.0,0.0,0.0,0.0,0.0,0.0,5.0,0.0
1.4285714285714284,0.0,4.6385110952040085,3.7500000000000004,3.75,3.333333333333333,0.0,2.785714285714285,3.333333333333333,2.5,0.0,1.9491837809373351,0.15980726761694436,0.0,0.0,0.0,0.0,3.333333333333333,0.0,1.25,2.5,3.333333333333333,1.125,2.2222222222222223,2.333333333333333,2.3529411764705883,0.0,0.0,0.0,5.0,0.0,0.0,0.0,5.0,0.0,0.0,0.0,0.0,0.0,0.0,0.0,5.0,0.0,5.0,0.0
1.1904761904761902,0.0,4.287759484609879,2.857142857142857,1.25,3.333333333333333,5.0,3.4999999999999996,3.333333333333333,1.25,0.0,0.9344391785150077,2.296928327645051,0.5555555555555556,0.0,0.35714285714285676,0.0,5.0,1.6666666666666667,1.25,1.6666666666666667,3.333333333333333,1.25,0.0,0.3333333333333333,2.3529411764705883,0.0,5.0,5.0,0.0,0.0,0.0,5.0,0.0,0.0,0.0,5.0,0.0,0.0,0.0,0.0,0.0,0.0,0.0,0.0
2.857142857142857,0.0,0.5833929849677881,0.7142857142857143,1.25,5.0,5.0,4.285714285714285,3.333333333333333,5.0,3.333333333333333,4.553449183780937,1.139530214816302,3.3333333333333335,0.0,0.7142857142857144,0.0,1.6666666666666667,0.0,2.625,2.5,5.0,0.125,0.0,0.0,0.0,0.0,5.0,0.0,5.0,0.0,5.0,0.0,0.0,0.0,0.0,0.0,5.0,0.0,0.0,0.0,0.0,0.0,5.0,0.0
3.5714285714285707,1.0,1.875447387258411,0.0,1.25,0.0,5.0,4.857142857142858,1.6666666666666667,2.5,3.333333333333333,1.1511321748288572,3.4531218630797027,5.0,5.0,0.7142857142857144,0.0,5.0,0.0,2.875,1.6666666666666667,3.333333333333333,0.125,0.0,0.0,0.0,0.0,5.0,5.0,0.0,5.0,0.0,0.0,0.0,0.0,0.0,5.0,0.0,0.0,0.0,0.0,0.0,0.0,0.0,5.0
2.7380952380952377,0.0,0.23264137437365784,1.9642857142857142,3.75,1.6666666666666667,5.0,1.1428571428571428,3.333333333333333,0.0,5.0,0.9892048446550814,1.3967074884561335,1.6666666666666667,5.0,0.0,0.0,0.0,1.6666666666666667,0.75,3.3333333333333335,3.333333333333333,0.125,0.0,0.0,0.0,0.0,5.0,5.0,0.0,5.0,0.0,0.0,0.0,0.0,0.0,5.0,0.0,0.0,0.0,0.0,0.0,0.0,5.0,0.0
1.1904761904761902,0.0,2.5733715103793844,0.7142857142857143,3.75,0.0,5.0,4.857142857142858,3.333333333333333,1.25,5.0,1.026592943654555,4.448504316402329,0.5555555555555556,0.0,1.0714285714285712,0.0,1.6666666666666667,0.0,0.5,2.5,3.333333333333333,0.5,0.5555555555555556,0.0,0.5882352941176471,0.0,5.0,0.0,5.0,0.0,0.0,5.0,0.0,0.0,0.0,0.0,0.0,0.0,0.0,0.0,5.0,0.0,0.0,5.0
2.0238095238095233,0.0,2.5053686471009304,1.6071428571428572,2.5,1.6666666666666667,5.0,1.0714285714285712,3.333333333333333,0.0,5.0,0.765666140073723,1.4950813089741017,0.5555555555555556,0.0,3.2142857142857144,5.0,0.0,1.6666666666666667,0.375,3.3333333333333335,1.6666666666666667,0.375,0.5555555555555556,0.3333333333333333,0.5882352941176471,0.0,5.0,5.0,0.0,0.0,0.0,0.0,5.0,0.0,0.0,5.0,0.0,0.0,0.0,0.0,0.0,0.0,0.0,0.0
2.2619047619047614,0.0,4.545454545454546,0.0,2.5,5.0,0.0,0.8571428571428572,3.333333333333333,0.0,5.0,0.2912058978409689,2.7679180887372015,0.5555555555555556,0.0,0.35714285714285676,0.0,1.6666666666666667,0.0,2.125,2.5,3.333333333333333,2.125,3.3333333333333335,1.6666666666666665,2.058823529411765,0.0,5.0,5.0,0.0,5.0,0.0,0.0,0.0,0.0,0.0,0.0,0.0,0.0,0.0,5.0,0.0,0.0,0.0,5.0
2.619047619047619,0.0,1.6213314244810308,0.17857142857142858,2.5,1.6666666666666667,0.0,3.4285714285714284,1.6666666666666667,1.25,3.333333333333333,0.6421800947867298,2.277052800642441,3.3333333333333335,0.0,3.928571428571429,5.0,1.6666666666666667,1.6666666666666667,2.5,2.5,3.333333333333333,0.125,0.0,0.0,0.0,0.0,5.0,5.0,0.0,0.0,0.0,5.0,0.0,0.0,0.0,5.0,0.0,0.0,0.0,0.0,0.0,0.0,5.0,0.0
2.7380952380952377,0.0,0.5189692197566214,1.0714285714285714,0.0,1.6666666666666667,0.0,1.7857142857142856,0.0,5.0,3.333333333333333,4.99315429173249,3.6518771331058018,0.5555555555555556,0.0,3.928571428571429,5.0,1.6666666666666667,3.3333333333333335,2.625,2.5,3.333333333333333,2.625,4.444444444444445,1.6666666666666665,2.9411764705882355,0.0,0.0,5.0,0.0,5.0,0.0,0.0,0.0,0.0,0.0,0.0,0.0,0.0,5.0,0.0,0.0,0.0,0.0,0.0
0.714285714285714,0.0,4.541875447387259,1.6071428571428572,3.75,5.0,0.0,3.357142857142857,3.333333333333333,1.25,3.333333333333333,0.8559768299104791,0.7671150371411364,0.5555555555555556,5.0,0.35714285714285676,0.0,5.0,1.6666666666666667,0.625,1.6666666666666667,5.0,0.625,0.5555555555555556,0.0,0.8823529411764706,0.0,5.0,0.0,5.0,0.0,5.0,0.0,0.0,0.0,0.0,0.0,0.0,0.0,0.0,0.0,5.0,0.0,0.0,0.0
1.4285714285714284,0.0,2.2154617036506803,0.0,1.25,3.333333333333333,0.0,1.9999999999999996,3.333333333333333,1.25,5.0,0.790416008425487,1.7440273037542664,0.5555555555555556,0.0,4.2857142857142865,5.0,5.0,0.0,1.5,1.6666666666666667,3.333333333333333,1.5,2.2222222222222223,1.0,2.058823529411765,5.0,0.0,5.0,0.0,0.0,0.0,5.0,0.0,0.0,0.0,5.0,0.0,0.0,0.0,0.0,0.0,0.0,0.0,5.0
2.142857142857143,0.0,0.22190408017179675,0.17857142857142858,1.25,1.6666666666666667,5.0,2.214285714285714,1.6666666666666667,2.5,3.333333333333333,1.7343338599262768,0.34430837181288904,0.5555555555555556,0.0,0.7142857142857144,0.0,1.6666666666666667,3.3333333333333335,1.25,1.6666666666666667,3.333333333333333,1.25,2.5,3.0,0.0,0.0,5.0,0.0,5.0,0.0,0.0,5.0,0.0,0.0,0.0,0.0,0.0,0.0,0.0,0.0,5.0,0.0,5.0,0.0
4.166666666666666,0.0,4.012168933428776,1.0714285714285714,1.25,5.0,0.0,1.4285714285714284,3.333333333333333,5.0,3.333333333333333,4.633228014744602,3.3218229271230677,1.6666666666666667,0.0,2.5,0.0,1.6666666666666667,1.6666666666666667,3.25,5.0,3.333333333333333,0.875,1.9444444444444446,1.3333333333333333,2.058823529411765,0.0,5.0,5.0,0.0,0.0,0.0,5.0,0.0,0.0,0.0,0.0,5.0,0.0,0.0,0.0,0.0,0.0,0.0,0.0
0.9523809523809521,0.0,2.0794559770937724,0.17857142857142858,0.0,0.0,5.0,0.4285714285714284,1.6666666666666667,0.0,5.0,0.7622432859399684,0.3926922304758081,0.0,0.0,0.35714285714285676,0.0,5.0,0.0,0.625,1.6666666666666667,3.333333333333333,0.5,0.8333333333333334,0.3333333333333333,0.29411764705882354,0.0,5.0,5.0,0.0,0.0,0.0,5.0,0.0,0.0,0.0,0.0,0.0,0.0,0.0,5.0,0.0,0.0,0.0,5.0
1.0714285714285712,0.0,1.7501789549033644,0.17857142857142858,0.0,0.0,5.0,0.714285714285714,3.333333333333333,0.0,1.6666666666666667,0.6474460242232754,2.918691025898414,5.0,0.0,0.35714285714285676,0.0,5.0,1.6666666666666667,0.75,2.5,3.333333333333333,0.25,0.5555555555555556,0.6666666666666666,0.5882352941176471,0.0,5.0,5.0,0.0,0.0,0.0,5.0,0.0,0.0,0.0,5.0,0.0,0.0,0.0,0.0,0.0,0.0,5.0,0.0
4.166666666666666,0.0,2.0007158196134576,1.0714285714285714,1.25,0.0,0.0,3.4285714285714284,1.6666666666666667,2.5,5.0,2.6132174828857293,3.738405942581811,3.8888888888888893,5.0,2.5,0.0,5.0,1.6666666666666667,4.375,2.5,3.333333333333333,0.625,0.5555555555555556,0.0,1.1764705882352942,0.0,5.0,0.0,5.0,0.0,5.0,0.0,0.0,0.0,0.0,0.0,0.0,0.0,0.0,0.0,5.0,0.0,5.0,0.0
4.0476190476190474,0.0,3.192555476020043,1.0714285714285714,3.75,1.6666666666666667,5.0,4.071428571428571,3.333333333333333,2.5,1.6666666666666667,2.4844655081621907,2.655691628187111,3.8888888888888893,0.0,2.8571428571428568,0.0,5.0,0.0,2.25,3.3333333333333335,3.333333333333333,1.0,1.6666666666666667,1.3333333333333333,0.0,0.0,5.0,5.0,0.0,5.0,0.0,0.0,0.0,0.0,0.0,0.0,0.0,0.0,0.0,0.0,0.0,0.0,0.0,5.0
1.3095238095238093,0.0,4.098067287043665,3.3928571428571432,1.25,5.0,5.0,1.0714285714285712,3.333333333333333,1.25,5.0,1.5592417061611372,1.7341899217024694,1.1111111111111112,0.0,1.0714285714285712,0.0,5.0,1.6666666666666667,1.25,1.6666666666666667,3.333333333333333,0.375,0.5555555555555556,0.0,0.5882352941176471,0.0,5.0,0.0,5.0,0.0,5.0,0.0,0.0,0.0,0.0,0.0,0.0,0.0,0.0,0.0,5.0,0.0,0.0,0.0
2.857142857142857,0.0,0.35433070866141736,0.0,3.75,1.6666666666666667,0.0,4.642857142857142,3.333333333333333,0.0,0.0,0.4125855713533439,3.6932342903031516,1.6666666666666667,0.0,1.7857142857142856,0.0,1.6666666666666667,1.6666666666666667,1.0,4.166666666666667,3.333333333333333,0.625,0.5555555555555556,0.3333333333333333,0.5882352941176471,0.0,5.0,5.0,0.0,5.0,0.0,0.0,0.0,0.0,0.0,5.0,0.0,0.0,0.0,0.0,0.0,0.0,0.0,0.0
1.4285714285714284,0.0,1.1130994989262706,1.0714285714285714,0.0,5.0,5.0,1.9285714285714284,3.333333333333333,0.0,1.6666666666666667,0.5197472353870458,3.273238305561132,0.0,0.0,1.0714285714285712,0.0,0.0,0.0,0.5,2.5,3.333333333333333,0.375,0.5555555555555556,0.3333333333333333,0.5882352941176471,0.0,5.0,0.0,5.0,0.0,5.0,0.0,0.0,0.0,0.0,0.0,0.0,0.0,0.0,0.0,0.0,5.0,0.0,5.0
2.0238095238095233,0.0,4.0443808160343595,2.678571428571429,2.5,3.333333333333333,5.0,4.7142857142857135,3.333333333333333,2.5,1.6666666666666667,1.8459715639810426,0.6034932744428829,0.0,0.0,1.4285714285714288,0.0,3.333333333333333,3.3333333333333335,1.5,2.5,1.6666666666666667,1.375,2.5,2.0,2.6470588235294117,0.0,5.0,0.0,5.0,0.0,5.0,0.0,0.0,0.0,0.0,0.0,0.0,0.0,0.0,0.0,5.0,0.0,5.0,0.0
2.0238095238095233,1.0,1.6249105225483178,3.9285714285714293,1.25,1.6666666666666667,5.0,1.4285714285714284,1.6666666666666667,1.25,3.333333333333333,1.2919957872564507,2.690825135514957,1.6666666666666667,5.0,0.7142857142857144,0.0,0.0,0.0,1.0,0.8333333333333334,3.333333333333333,0.125,0.0,0.0,0.29411764705882354,0.0,5.0,5.0,0.0,5.0,0.0,0.0,0.0,0.0,0.0,0.0,0.0,5.0,0.0,0.0,0.0,0.0,5.0,0.0
3.6904761904761902,0.0,3.2211882605583395,3.035714285714286,3.75,5.0,5.0,4.428571428571429,3.333333333333333,1.25,5.0,1.525803054239073,4.356354145753865,0.5555555555555556,5.0,1.4285714285714288,0.0,0.0,3.3333333333333335,0.875,0.0,3.333333333333333,0.875,1.9444444444444446,0.3333333333333333,2.058823529411765,0.0,0.0,5.0,0.0,5.0,0.0,0.0,0.0,0.0,0.0,0.0,0.0,5.0,0.0,0.0,0.0,0.0,0.0,0.0
0.9523809523809521,1.0,3.7365783822476732,1.25,2.5,5.0,5.0,0.5714285714285712,1.6666666666666667,1.25,0.0,1.136650868878357,0.1947400120457739,3.3333333333333335,0.0,2.1428571428571423,0.0,3.333333333333333,0.0,0.75,1.6666666666666667,1.6666666666666667,0.5,0.8333333333333334,0.3333333333333333,0.5882352941176471,0.0,5.0,0.0,5.0,0.0,0.0,0.0,0.0,5.0,0.0,0.0,0.0,0.0,0.0,0.0,5.0,0.0,0.0,5.0
1.6666666666666665,0.0,3.2319255547602004,0.17857142857142858,1.25,5.0,5.0,3.4999999999999996,3.333333333333333,0.0,5.0,0.5421274354923644,1.961453523388878,0.0,0.0,0.7142857142857144,0.0,3.333333333333333,0.0,1.0,1.6666666666666667,1.6666666666666667,0.875,1.9444444444444446,1.0,1.7647058823529411,5.0,0.0,5.0,0.0,5.0,0.0,0.0,0.0,0.0,0.0,5.0,0.0,0.0,0.0,0.0,0.0,0.0,0.0,5.0
1.4285714285714284,0.0,4.330708661417323,3.9285714285714293,2.5,0.0,5.0,4.7142857142857135,0.0,0.0,3.333333333333333,0.4223275408109531,4.058622766512748,0.5555555555555556,0.0,5.0,5.0,3.333333333333333,5.0,1.25,1.6666666666666667,1.6666666666666667,1.25,1.9444444444444446,0.0,2.6470588235294117,5.0,0.0,5.0,0.0,5.0,0.0,0.0,0.0,0.0,0.0,0.0,0.0,0.0,0.0,5.0,0.0,0.0,0.0,0.0
4.166666666666666,0.0,3.4645669291338583,0.3571428571428571,3.75,3.333333333333333,5.0,1.0714285714285712,3.333333333333333,3.75,3.333333333333333,4.364139020537125,3.7988355751857057,1.6666666666666667,5.0,1.7857142857142856,0.0,5.0,5.0,2.625,4.166666666666667,1.6666666666666667,0.625,0.8333333333333334,0.3333333333333333,0.8823529411764706,0.0,5.0,5.0,0.0,0.0,0.0,5.0,0.0,0.0,0.0,0.0,0.0,0.0,5.0,0.0,0.0,0.0,5.0,0.0
1.5476190476190474,0.0,4.871152469577667,3.9285714285714293,2.5,1.6666666666666667,5.0,2.4285714285714284,1.6666666666666667,1.25,5.0,1.20405476566614,2.4721943384862475,0.0,0.0,3.571428571428571,5.0,1.6666666666666667,1.6666666666666667,1.25,1.6666666666666667,3.333333333333333,1.125,0.0,2.333333333333333,2.3529411764705883,0.0,5.0,5.0,0.0,0.0,0.0,5.0,0.0,0.0,0.0,0.0,0.0,0.0,0.0,0.0,0.0,0.0,5.0,0.0
1.0714285714285712,0.0,1.3242662848962061,0.0,0.0,3.333333333333333,5.0,2.142857142857143,1.6666666666666667,1.25,0.0,0.8659820958399156,1.5227865890383459,2.7777777777777777,0.0,2.8571428571428568,0.0,3.333333333333333,1.6666666666666667,0.75,0.8333333333333334,3.333333333333333,0.25,0.5555555555555556,0.6666666666666666,0.0,5.0,0.0,5.0,0.0,0.0,0.0,0.0,0.0,5.0,0.0,0.0,0.0,5.0,0.0,0.0,0.0,0.0,5.0,0.0
3.3333333333333335,1.0,2.0293486041517537,1.4285714285714286,1.25,3.333333333333333,5.0,2.4285714285714284,1.6666666666666667,2.5,5.0,2.2669826224328595,2.309174864485043,0.5555555555555556,0.0,1.7857142857142856,0.0,5.0,0.0,1.125,2.5,3.333333333333333,1.125,2.2222222222222223,1.3333333333333333,2.058823529411765,0.0,5.0,0.0,5.0,0.0,0.0,5.0,0.0,0.0,0.0,0.0,0.0,0.0,0.0,0.0,5.0,0.0,0.0,5.0
3.3333333333333335,0.0,3.2462419470293487,0.17857142857142858,2.5,0.0,5.0,1.5,3.333333333333333,3.75,3.333333333333333,4.437072143233281,0.0389480024091548,3.3333333333333335,0.0,0.7142857142857144,0.0,3.333333333333333,0.0,3.25,1.6666666666666667,0.0,0.375,0.5555555555555556,0.0,0.29411764705882354,0.0,5.0,5.0,0.0,5.0,0.0,0.0,0.0,0.0,0.0,0.0,0.0,0.0,5.0,0.0,0.0,0.0,5.0,0.0
0.0,1.0,0.45812455261274165,0.3571428571428571,2.5,3.333333333333333,5.0,1.714285714285714,3.333333333333333,0.0,3.333333333333333,0.10821484992101105,4.645452720337282,0.5555555555555556,0.0,0.7142857142857144,0.0,3.333333333333333,0.0,0.0,1.6666666666666667,3.333333333333333,0.0,0.0,0.0,0.0,0.0,5.0,5.0,0.0,5.0,0.0,0.0,0.0,0.0,0.0,5.0,0.0,0.0,0.0,0.0,0.0,0.0,0.0,5.0
0.9523809523809521,1.0,2.8095919828203293,0.7142857142857143,1.25,3.333333333333333,0.0,4.142857142857142,1.6666666666666667,0.0,3.333333333333333,0.3572933122696155,3.775145553101787,0.5555555555555556,5.0,1.0714285714285712,0.0,0.0,1.6666666666666667,1.0,1.6666666666666667,3.333333333333333,1.0,1.9444444444444446,0.3333333333333333,2.058823529411765,5.0,0.0,5.0,0.0,0.0,0.0,5.0,0.0,0.0,0.0,0.0,0.0,0.0,0.0,5.0,0.0,0.0,5.0,0.0
0.833333333333333,1.0,1.0057265569076592,1.4285714285714286,1.25,0.0,5.0,2.714285714285714,1.6666666666666667,0.0,0.0,0.8928383359662979,2.627584822324834,1.6666666666666667,0.0,0.35714285714285676,0.0,0.0,0.0,0.75,1.6666666666666667,3.333333333333333,0.375,0.5555555555555556,0.6666666666666666,0.5882352941176471,0.0,5.0,0.0,5.0,5.0,0.0,0.0,0.0,0.0,0.0,0.0,0.0,0.0,0.0,0.0,0.0,5.0,5.0,0.0
3.5714285714285707,0.0,4.005010737294202,1.0714285714285714,2.5,3.333333333333333,5.0,4.7142857142857135,3.333333333333333,1.25,0.0,1.1787783043707214,4.557518570568159,2.2222222222222223,0.0,0.0,0.0,0.0,5.0,1.875,2.5,3.333333333333333,0.25,0.5555555555555556,0.6666666666666666,0.5882352941176471,0.0,5.0,0.0,5.0,0.0,5.0,0.0,0.0,0.0,0.0,0.0,0.0,0.0,0.0,0.0,5.0,0.0,0.0,0.0
3.0952380952380953,0.0,3.163922691481747,1.25,3.75,0.0,5.0,2.285714285714285,5.0,0.0,5.0,0.47630331753554506,0.5922505520979724,1.1111111111111112,5.0,4.642857142857142,5.0,3.333333333333333,1.6666666666666667,1.25,1.6666666666666667,1.6666666666666667,0.375,0.5555555555555556,0.0,0.5882352941176471,0.0,5.0,5.0,0.0,5.0,0.0,0.0,0.0,0.0,0.0,5.0,0.0,0.0,0.0,0.0,0.0,0.0,5.0,0.0
1.5476190476190474,0.0,0.2863278453829635,1.25,5.0,0.0,0.0,4.5,3.333333333333333,3.75,1.6666666666666667,4.058188520273828,1.355751857056816,1.6666666666666667,0.0,0.0,0.0,3.333333333333333,0.0,1.125,2.5,5.0,0.375,0.5555555555555556,0.3333333333333333,0.0,0.0,5.0,5.0,0.0,5.0,0.0,0.0,0.0,0.0,0.0,0.0,0.0,0.0,5.0,0.0,0.0,0.0,0.0,5.0
1.7857142857142856,0.0,3.611309949892627,0.7142857142857143,0.0,1.6666666666666667,5.0,2.214285714285714,3.333333333333333,1.25,5.0,2.3667719852553977,3.4529211001806863,3.3333333333333335,0.0,0.7142857142857144,0.0,0.0,0.0,1.0,1.6666666666666667,5.0,0.625,1.1111111111111112,0.3333333333333333,0.5882352941176471,5.0,0.0,0.0,5.0,5.0,0.0,0.0,0.0,0.0,0.0,0.0,0.0,0.0,0.0,0.0,5.0,0.0,5.0,0.0
1.4285714285714284,0.0,1.9291338582677167,4.285714285714286,1.25,5.0,0.0,3.9285714285714284,3.333333333333333,1.25,3.333333333333333,0.9813059505002633,0.7980325235896406,3.8888888888888893,5.0,0.35714285714285676,0.0,1.6666666666666667,1.6666666666666667,0.5,1.6666666666666667,5.0,0.25,0.5555555555555556,0.6666666666666666,0.5882352941176471,0.0,0.0,0.0,5.0,0.0,0.0,0.0,0.0,5.0,0.0,0.0,0.0,0.0,0.0,0.0,5.0,0.0,5.0,0.0
2.2619047619047614,0.0,1.231209735146743,0.0,3.75,1.6666666666666667,0.0,2.4999999999999996,3.333333333333333,1.25,1.6666666666666667,1.431806213796735,2.731780766914274,3.3333333333333335,0.0,0.35714285714285676,0.0,1.6666666666666667,1.6666666666666667,1.0,1.6666666666666667,1.6666666666666667,0.75,1.3888888888888888,1.3333333333333333,0.8823529411764706,0.0,5.0,5.0,0.0,5.0,0.0,0.0,0.0,0.0,0.0,0.0,0.0,5.0,0.0,0.0,0.0,0.0,5.0,0.0
1.3095238095238093,0.0,2.015032211882606,2.5000000000000004,2.5,3.333333333333333,5.0,2.142857142857143,3.333333333333333,0.0,5.0,0.35044760400210634,4.131499698855651,0.5555555555555556,0.0,2.8571428571428568,0.0,0.0,0.0,0.75,0.8333333333333334,3.333333333333333,0.75,1.3888888888888888,0.3333333333333333,1.4705882352941178,0.0,5.0,5.0,0.0,5.0,0.0,0.0,0.0,0.0,0.0,0.0,0.0,0.0,0.0,5.0,0.0,0.0,0.0,5.0
0.714285714285714,1.0,4.241231209735147,1.0714285714285714,2.5,0.0,0.0,1.7857142857142856,3.333333333333333,0.0,3.333333333333333,0.49420747761979983,2.4240112427223446,0.5555555555555556,5.0,1.7857142857142856,0.0,5.0,1.6666666666666667,0.75,3.3333333333333335,3.333333333333333,0.75,0.8333333333333334,0.3333333333333333,0.5882352941176471,5.0,0.0,5.0,0.0,5.0,0.0,0.0,0.0,0.0,0.0,5.0,0.0,0.0,0.0,0.0,0.0,0.0,5.0,0.0
3.9285714285714284,0.0,1.8969219756621332,3.5714285714285716,3.75,3.333333333333333,5.0,2.9285714285714284,3.333333333333333,1.25,5.0,1.1669299631384937,1.270628387873921,0.0,5.0,3.928571428571429,5.0,5.0,0.0,1.375,1.6666666666666667,0.0,1.25,1.9444444444444446,0.3333333333333333,0.0,0.0,5.0,0.0,5.0,0.0,5.0,0.0,0.0,0.0,0.0,0.0,0.0,0.0,0.0,0.0,5.0,0.0,0.0,5.0
3.214285714285714,0.0,4.849677881173944,1.0714285714285714,2.5,0.0,0.0,3.785714285714285,3.333333333333333,0.0,3.333333333333333,0.9131121642969984,3.6149367596868096,2.2222222222222223,5.0,2.8571428571428568,0.0,3.333333333333333,1.6666666666666667,0.875,1.6666666666666667,1.6666666666666667,0.375,0.5555555555555556,0.0,0.5882352941176471,0.0,5.0,5.0,0.0,0.0,0.0,5.0,0.0,0.0,0.0,0.0,0.0,0.0,0.0,5.0,0.0,0.0,5.0,0.0
3.0952380952380953,1.0,1.8575518969219758,2.5000000000000004,2.5,0.0,0.0,3.0714285714285716,3.333333333333333,2.5,5.0,1.834913112164297,2.4053402931138326,0.5555555555555556,0.0,0.0,0.0,5.0,1.6666666666666667,1.25,1.6666666666666667,3.333333333333333,1.25,1.9444444444444446,0.0,1.4705882352941178,0.0,5.0,5.0,0.0,0.0,0.0,5.0,0.0,0.0,0.0,0.0,0.0,0.0,0.0,0.0,0.0,0.0,5.0,0.0
2.619047619047619,0.0,2.465998568360773,0.17857142857142858,1.25,3.333333333333333,0.0,0.5714285714285712,5.0,1.25,1.6666666666666667,0.8517640863612426,1.5733788395904438,0.5555555555555556,0.0,4.642857142857142,5.0,5.0,1.6666666666666667,1.0,1.6666666666666667,3.333333333333333,1.0,1.9444444444444446,1.0,2.058823529411765,5.0,0.0,5.0,0.0,0.0,0.0,5.0,0.0,0.0,0.0,0.0,0.0,0.0,0.0,0.0,0.0,0.0,5.0,0.0
1.9047619047619047,0.0,4.6349319971367215,0.0,5.0,1.6666666666666667,5.0,0.8571428571428572,3.333333333333333,0.0,5.0,0.44286466561348076,1.1174462959245133,0.5555555555555556,0.0,0.35714285714285676,0.0,5.0,1.6666666666666667,1.25,3.3333333333333335,1.6666666666666667,1.25,2.5,2.6666666666666665,2.3529411764705883,0.0,5.0,5.0,0.0,5.0,0.0,0.0,0.0,0.0,0.0,0.0,0.0,0.0,0.0,5.0,0.0,0.0,5.0,0.0
4.523809523809524,0.0,4.126700071581961,0.0,1.25,0.0,0.0,4.285714285714285,3.333333333333333,0.0,0.0,0.2783043707214324,1.6864083517365993,1.1111111111111112,0.0,3.928571428571429,5.0,5.0,1.6666666666666667,0.625,2.5,5.0,0.375,0.5555555555555556,0.3333333333333333,0.0,0.0,5.0,5.0,0.0,5.0,0.0,0.0,0.0,0.0,0.0,0.0,0.0,0.0,0.0,5.0,0.0,0.0,5.0,0.0
1.7857142857142856,0.0,2.94201861130995,0.17857142857142858,2.5,3.333333333333333,5.0,3.4285714285714284,3.333333333333333,0.0,5.0,0.3915218536071617,0.918691025898414,2.2222222222222223,0.0,0.0,0.0,5.0,0.0,0.875,2.5,3.333333333333333,0.125,0.2777777777777778,0.0,0.0,0.0,5.0,5.0,0.0,0.0,0.0,5.0,0.0,0.0,0.0,5.0,0.0,0.0,0.0,0.0,0.0,0.0,0.0,5.0
4.404761904761905,0.0,0.2684323550465283,1.25,0.0,5.0,5.0,0.5,1.6666666666666667,3.75,1.6666666666666667,3.3091100579252237,4.71752660108412,0.5555555555555556,5.0,1.4285714285714288,0.0,5.0,1.6666666666666667,4.25,2.5,3.333333333333333,4.125,2.5,5.0,0.0,0.0,0.0,5.0,0.0,0.0,0.0,5.0,0.0,0.0,0.0,0.0,0.0,0.0,0.0,0.0,0.0,0.0,0.0,0.0
3.3333333333333335,0.0,1.0880458124552612,0.3571428571428571,0.0,0.0,5.0,1.5714285714285712,3.333333333333333,3.75,3.333333333333333,4.332806740389678,2.7107006625175667,1.6666666666666667,0.0,0.35714285714285676,0.0,5.0,1.6666666666666667,2.875,2.5,3.333333333333333,1.5,2.5,1.3333333333333333,2.6470588235294117,0.0,5.0,0.0,5.0,0.0,5.0,0.0,0.0,0.0,0.0,0.0,5.0,0.0,0.0,0.0,0.0,0.0,5.0,0.0
1.0714285714285712,0.0,0.38654259126700075,0.0,0.0,3.333333333333333,5.0,3.0714285714285716,3.333333333333333,1.25,1.6666666666666667,1.4060031595576619,4.017867898012447,0.0,5.0,0.7142857142857144,0.0,5.0,1.6666666666666667,0.75,0.0,3.333333333333333,0.625,1.1111111111111112,0.3333333333333333,1.1764705882352942,0.0,0.0,0.0,5.0,0.0,5.0,0.0,0.0,0.0,0.0,0.0,0.0,0.0,0.0,0.0,5.0,0.0,5.0,0.0
3.214285714285714,0.0,0.9377236936292055,4.285714285714286,2.5,1.6666666666666667,0.0,3.785714285714285,3.333333333333333,5.0,1.6666666666666667,4.489731437598736,2.19654687813692,1.6666666666666667,0.0,3.928571428571429,5.0,3.333333333333333,0.0,2.75,3.3333333333333335,3.333333333333333,0.0,0.0,0.0,0.0,5.0,0.0,5.0,0.0,0.0,0.0,5.0,0.0,0.0,0.0,0.0,5.0,0.0,0.0,0.0,0.0,0.0,0.0,5.0
4.404761904761905,0.0,3.700787401574803,0.0,3.75,1.6666666666666667,5.0,3.642857142857143,5.0,3.75,5.0,3.6132174828857293,2.071873117847822,1.1111111111111112,0.0,0.7142857142857144,0.0,5.0,3.3333333333333335,3.875,3.3333333333333335,5.0,0.875,1.9444444444444446,0.0,0.0,0.0,5.0,5.0,0.0,0.0,0.0,5.0,0.0,0.0,0.0,0.0,0.0,0.0,5.0,0.0,0.0,0.0,0.0,0.0
1.0714285714285712,0.0,4.255547602004295,1.7857142857142858,2.5,3.333333333333333,0.0,4.857142857142858,5.0,0.0,5.0,0.4015271195365982,0.8899819313390886,4.444444444444445,0.0,1.0714285714285712,0.0,1.6666666666666667,1.6666666666666667,0.625,3.3333333333333335,3.333333333333333,0.125,0.0,0.0,0.0,0.0,5.0,0.0,5.0,0.0,0.0,5.0,0.0,0.0,0.0,0.0,0.0,0.0,0.0,0.0,0.0,5.0,5.0,0.0
1.1904761904761902,0.0,2.3550465282748747,0.17857142857142858,3.75,1.6666666666666667,0.0,3.642857142857143,3.333333333333333,1.25,1.6666666666666667,0.992627698788836,0.3220236900220839,0.5555555555555556,5.0,3.2142857142857144,5.0,0.0,0.0,1.0,1.6666666666666667,3.333333333333333,1.0,1.9444444444444446,2.333333333333333,1.4705882352941178,0.0,5.0,0.0,5.0,0.0,5.0,0.0,0.0,0.0,0.0,0.0,0.0,0.0,0.0,0.0,5.0,0.0,5.0,0.0
2.857142857142857,0.0,1.2884753042233357,2.3214285714285716,1.25,3.333333333333333,0.0,2.714285714285714,1.6666666666666667,1.25,3.333333333333333,1.3783570300157977,1.1503714113631802,3.8888888888888893,0.0,2.1428571428571423,0.0,0.0,0.0,1.25,5.0,3.333333333333333,0.625,1.1111111111111112,0.0,0.8823529411764706,0.0,5.0,0.0,5.0,0.0,0.0,5.0,0.0,0.0,0.0,0.0,0.0,0.0,0.0,0.0,5.0,0.0,0.0,5.0
1.3095238095238093,1.0,3.185397279885469,0.0,2.5,3.333333333333333,5.0,3.9285714285714284,3.333333333333333,0.0,3.333333333333333,0.2761979989468141,3.5460750853242318,0.0,0.0,1.0714285714285712,0.0,5.0,0.0,0.875,0.8333333333333334,1.6666666666666667,0.75,0.5555555555555556,0.3333333333333333,1.4705882352941178,0.0,5.0,5.0,0.0,0.0,0.0,0.0,0.0,5.0,0.0,0.0,0.0,0.0,0.0,5.0,0.0,0.0,0.0,5.0
1.3095238095238093,0.0,3.006442376521117,2.5000000000000004,0.0,1.6666666666666667,0.0,2.785714285714285,0.0,0.0,5.0,0.3051606108478146,4.986749648664927,0.0,5.0,2.5,0.0,0.0,1.6666666666666667,0.75,1.6666666666666667,1.6666666666666667,0.625,1.1111111111111112,0.3333333333333333,0.8823529411764706,0.0,5.0,5.0,0.0,5.0,0.0,0.0,0.0,0.0,0.0,0.0,0.0,0.0,0.0,5.0,0.0,0.0,5.0,0.0
3.452380952380952,0.0,2.1510379384395133,2.3214285714285716,3.75,5.0,5.0,0.8571428571428572,3.333333333333333,1.25,0.0,1.0402843601895733,1.9536237703272434,1.1111111111111112,0.0,0.35714285714285676,0.0,5.0,0.0,2.5,1.6666666666666667,3.333333333333333,0.875,1.9444444444444446,0.3333333333333333,2.058823529411765,0.0,5.0,0.0,5.0,0.0,5.0,0.0,0.0,0.0,0.0,0.0,0.0,0.0,0.0,0.0,5.0,0.0,0.0,5.0
1.6666666666666665,0.0,0.05010737294201861,2.1428571428571432,2.5,3.333333333333333,0.0,3.357142857142857,1.6666666666666667,0.0,1.6666666666666667,0.45655608214849924,1.051395302148163,0.5555555555555556,0.0,3.2142857142857144,5.0,3.333333333333333,1.6666666666666667,0.25,1.6666666666666667,3.333333333333333,0.25,0.5555555555555556,0.6666666666666666,0.5882352941176471,5.0,0.0,5.0,0.0,0.0,0.0,0.0,5.0,0.0,0.0,5.0,0.0,0.0,0.0,0.0,0.0,0.0,5.0,0.0
0.714285714285714,1.0,4.817465998568361,0.0,0.0,0.0,0.0,2.285714285714285,3.333333333333333,0.0,1.6666666666666667,0.5774091627172195,3.9907649066452517,0.5555555555555556,5.0,1.7857142857142856,0.0,1.6666666666666667,0.0,0.75,3.3333333333333335,3.333333333333333,0.625,0.8333333333333334,0.3333333333333333,1.1764705882352942,0.0,5.0,0.0,5.0,0.0,0.0,0.0,0.0,5.0,0.0,0.0,0.0,0.0,0.0,0.0,0.0,5.0,0.0,5.0
1.9047619047619047,0.0,1.0808876163206873,0.17857142857142858,3.75,3.333333333333333,0.0,4.857142857142858,3.333333333333333,1.25,5.0,1.4949973670352816,0.8169042360971692,0.5555555555555556,0.0,0.0,0.0,5.0,0.0,1.75,1.6666666666666667,5.0,1.75,3.055555555555556,1.3333333333333333,3.235294117647059,0.0,5.0,5.0,0.0,0.0,0.0,0.0,0.0,5.0,0.0,0.0,0.0,0.0,0.0,0.0,0.0,0.0,0.0,5.0
2.2619047619047614,0.0,2.4946313528990696,0.0,2.5,1.6666666666666667,0.0,2.0714285714285716,3.333333333333333,2.5,5.0,1.7066877303844126,4.367396105199759,2.2222222222222223,0.0,2.1428571428571423,0.0,5.0,0.0,1.5,2.5,5.0,0.75,1.3888888888888888,0.3333333333333333,0.5882352941176471,0.0,5.0,5.0,0.0,0.0,0.0,0.0,0.0,5.0,0.0,0.0,0.0,5.0,0.0,0.0,0.0,0.0,0.0,5.0
1.6666666666666665,0.0,3.1281317108088764,4.464285714285714,3.75,3.333333333333333,5.0,5.0,3.333333333333333,1.25,5.0,0.9099526066350709,2.002609917687211,0.0,0.0,2.5,0.0,0.0,0.0,0.5,1.6666666666666667,3.333333333333333,0.375,0.5555555555555556,0.6666666666666666,0.5882352941176471,0.0,0.0,0.0,5.0,0.0,5.0,0.0,0.0,0.0,0.0,0.0,0.0,0.0,0.0,0.0,5.0,0.0,5.0,0.0
1.0714285714285712,0.0,3.679312813171081,1.25,3.75,1.6666666666666667,0.0,1.8571428571428572,3.333333333333333,1.25,1.6666666666666667,1.3704581358609793,0.2652077896004818,0.5555555555555556,0.0,2.5,0.0,0.0,1.6666666666666667,1.0,2.5,3.333333333333333,1.0,1.9444444444444446,0.0,2.058823529411765,0.0,5.0,0.0,5.0,0.0,5.0,0.0,0.0,0.0,0.0,0.0,0.0,0.0,0.0,0.0,5.0,0.0,5.0,0.0
2.857142857142857,0.0,0.5977093772369363,0.17857142857142858,2.5,5.0,0.0,1.8571428571428572,1.6666666666666667,0.0,0.0,0.4170616113744076,1.187111021883156,0.0,5.0,0.0,0.0,3.333333333333333,1.6666666666666667,1.25,3.3333333333333335,3.333333333333333,1.125,1.6666666666666667,2.333333333333333,2.3529411764705883,0.0,5.0,5.0,0.0,0.0,0.0,5.0,0.0,0.0,0.0,5.0,0.0,0.0,0.0,0.0,0.0,0.0,0.0,0.0
2.380952380952381,0.0,0.5046528274874732,1.0714285714285714,3.75,5.0,0.0,1.1428571428571428,1.6666666666666667,1.25,5.0,0.7948920484465507,1.1437462356956436,0.0,0.0,3.2142857142857144,5.0,0.0,0.0,1.0,1.6666666666666667,3.333333333333333,0.875,1.9444444444444446,0.0,1.4705882352941178,0.0,5.0,0.0,5.0,0.0,5.0,0.0,0.0,0.0,0.0,0.0,0.0,0.0,0.0,0.0,5.0,0.0,0.0,5.0
3.6904761904761902,0.0,3.539727988546886,0.0,1.25,3.333333333333333,0.0,4.285714285714285,1.6666666666666667,3.75,3.333333333333333,3.41100579252238,3.1551897209395703,3.8888888888888893,5.0,0.35714285714285676,0.0,5.0,0.0,3.125,1.6666666666666667,3.333333333333333,0.875,0.2777777777777778,0.0,2.058823529411765,0.0,5.0,5.0,0.0,0.0,0.0,0.0,0.0,5.0,0.0,0.0,0.0,0.0,0.0,0.0,0.0,0.0,0.0,5.0
1.9047619047619047,0.0,0.40801717967072304,0.0,3.75,1.6666666666666667,5.0,3.214285714285714,5.0,1.25,5.0,2.2948920484465507,2.04456936358161,0.0,0.0,0.0,0.0,5.0,1.6666666666666667,2.0,1.6666666666666667,1.6666666666666667,1.875,0.2777777777777778,0.0,2.6470588235294117,0.0,5.0,0.0,5.0,0.0,5.0,0.0,0.0,0.0,0.0,0.0,0.0,0.0,0.0,0.0,5.0,0.0,0.0,0.0
2.619047619047619,0.0,1.710808876163207,0.7142857142857143,3.75,5.0,5.0,1.2857142857142856,1.6666666666666667,2.5,0.0,2.492364402317009,4.352138124874523,2.7777777777777777,5.0,3.571428571428571,5.0,3.333333333333333,1.6666666666666667,2.5,1.6666666666666667,3.333333333333333,2.25,3.611111111111111,0.3333333333333333,3.5294117647058822,5.0,0.0,0.0,5.0,5.0,0.0,0.0,0.0,0.0,0.0,0.0,0.0,0.0,0.0,0.0,5.0,0.0,5.0,0.0
2.380952380952381,0.0,4.9677881173944165,0.17857142857142858,1.25,5.0,5.0,0.8571428571428572,3.333333333333333,0.0,5.0,0.18246445497630331,2.010038144950813,0.5555555555555556,5.0,4.2857142857142865,5.0,3.333333333333333,1.6666666666666667,0.125,2.5,3.333333333333333,0.125,0.0,0.0,0.0,5.0,0.0,5.0,0.0,5.0,0.0,0.0,0.0,0.0,0.0,5.0,0.0,0.0,0.0,0.0,0.0,0.0,5.0,0.0
1.0714285714285712,0.0,1.220472440944882,0.3571428571428571,2.5,5.0,5.0,1.4285714285714284,3.333333333333333,0.0,5.0,0.18351764086361244,2.906444489058422,0.5555555555555556,0.0,0.0,0.0,3.333333333333333,5.0,0.0,5.0,1.6666666666666667,0.0,0.0,0.0,0.0,0.0,0.0,5.0,0.0,0.0,0.0,5.0,0.0,0.0,0.0,0.0,0.0,0.0,0.0,5.0,0.0,0.0,5.0,0.0
2.380952380952381,0.0,4.384395132426628,0.17857142857142858,1.25,5.0,5.0,0.6428571428571428,1.6666666666666667,1.25,5.0,1.1163770405476565,3.5310178678980124,1.6666666666666667,0.0,2.5,0.0,5.0,1.6666666666666667,1.625,0.0,3.333333333333333,1.0,1.9444444444444446,2.333333333333333,1.4705882352941178,0.0,0.0,0.0,5.0,5.0,0.0,0.0,0.0,0.0,0.0,0.0,0.0,0.0,0.0,0.0,5.0,0.0,5.0,0.0
3.452380952380952,0.0,4.93915533285612,0.7142857142857143,5.0,5.0,5.0,0.8571428571428572,3.333333333333333,5.0,3.333333333333333,4.552659294365455,2.8670949608512344,2.2222222222222223,0.0,0.0,0.0,1.6666666666666667,1.6666666666666667,2.625,1.6666666666666667,3.333333333333333,0.375,0.5555555555555556,0.3333333333333333,0.29411764705882354,0.0,5.0,5.0,0.0,5.0,0.0,0.0,0.0,0.0,0.0,0.0,0.0,0.0,5.0,0.0,0.0,0.0,5.0,0.0
2.380952380952381,0.0,3.514674302075877,5.0,2.5,5.0,5.0,1.714285714285714,3.333333333333333,1.25,5.0,1.3828330700368614,0.4197952218430034,1.6666666666666667,0.0,2.5,0.0,0.0,1.6666666666666667,1.125,2.5,0.0,0.875,1.9444444444444446,0.3333333333333333,2.058823529411765,0.0,5.0,5.0,0.0,0.0,0.0,0.0,0.0,5.0,0.0,0.0,0.0,5.0,0.0,0.0,0.0,0.0,5.0,0.0
1.4285714285714284,0.0,1.2025769506084467,3.035714285714286,2.5,0.0,0.0,3.214285714285714,3.333333333333333,0.0,3.333333333333333,0.42733017377567134,4.379843404938767,0.5555555555555556,0.0,1.0714285714285712,0.0,3.333333333333333,0.0,0.625,3.3333333333333335,1.6666666666666667,0.625,1.1111111111111112,0.0,1.1764705882352942,0.0,5.0,5.0,0.0,5.0,0.0,0.0,0.0,0.0,0.0,0.0,0.0,0.0,0.0,5.0,0.0,0.0,0.0,5.0
1.1904761904761902,0.0,2.4015748031496065,0.8928571428571428,2.5,3.333333333333333,5.0,0.6428571428571428,1.6666666666666667,0.0,3.333333333333333,0.4460242232754081,4.014053402931138,0.5555555555555556,5.0,1.0714285714285712,0.0,5.0,1.6666666666666667,0.375,1.6666666666666667,3.333333333333333,0.375,0.2777777777777778,0.0,0.5882352941176471,5.0,0.0,5.0,0.0,5.0,0.0,0.0,0.0,0.0,0.0,0.0,0.0,0.0,0.0,5.0,0.0,0.0,0.0,0.0
1.0714285714285712,0.0,2.4910522548317826,0.8928571428571428,3.75,0.0,0.0,2.5714285714285716,1.6666666666666667,0.0,3.333333333333333,0.31016324381253296,0.5860269022284683,0.0,0.0,0.35714285714285676,0.0,3.333333333333333,3.3333333333333335,0.75,4.166666666666667,1.6666666666666667,0.625,0.8333333333333334,0.0,0.8823529411764706,0.0,5.0,5.0,0.0,0.0,0.0,5.0,0.0,0.0,0.0,0.0,0.0,0.0,0.0,5.0,0.0,0.0,0.0,0.0
3.3333333333333335,0.0,3.181818181818182,0.0,1.25,5.0,0.0,1.0,3.333333333333333,0.0,0.0,0.6355976829910479,4.188516362176269,3.3333333333333335,0.0,0.35714285714285676,0.0,3.333333333333333,0.0,1.25,2.5,5.0,0.875,1.6666666666666667,1.6666666666666665,2.058823529411765,0.0,5.0,0.0,0.0,5.0,0.0,0.0,0.0,0.0,5.0,0.0,0.0,0.0,0.0,0.0,0.0,0.0,0.0,5.0
2.619047619047619,1.0,4.928418038654259,4.107142857142857,2.5,1.6666666666666667,0.0,5.0,5.0,3.75,1.6666666666666667,3.2082675092153763,3.006825938566553,2.2222222222222223,5.0,1.7857142857142856,0.0,5.0,0.0,2.75,1.6666666666666667,1.6666666666666667,0.125,0.0,0.0,0.0,0.0,0.0,0.0,5.0,5.0,0.0,0.0,0.0,0.0,0.0,0.0,0.0,0.0,0.0,0.0,5.0,0.0,0.0,5.0
4.404761904761905,0.0,0.644237652111668,0.17857142857142858,1.25,5.0,0.0,1.9999999999999996,0.0,5.0,3.333333333333333,4.78620326487625,0.9833366793816503,2.2222222222222223,0.0,1.0714285714285712,0.0,5.0,1.6666666666666667,2.875,4.166666666666667,3.333333333333333,2.375,2.5,3.0,3.235294117647059,0.0,5.0,5.0,0.0,0.0,0.0,5.0,0.0,0.0,0.0,0.0,5.0,0.0,0.0,0.0,0.0,0.0,5.0,0.0
0.9523809523809521,0.0,4.463135289906943,3.9285714285714293,2.5,0.0,0.0,4.285714285714285,3.333333333333333,0.0,5.0,0.49420747761979983,0.18831559927725355,0.5555555555555556,0.0,3.928571428571429,5.0,1.6666666666666667,3.3333333333333335,0.375,2.5,0.0,0.375,0.5555555555555556,0.0,0.5882352941176471,0.0,5.0,5.0,0.0,5.0,0.0,0.0,0.0,0.0,0.0,0.0,0.0,0.0,0.0,5.0,0.0,0.0,0.0,0.0
2.0238095238095233,0.0,1.9112383679312814,0.5357142857142857,3.75,5.0,5.0,1.214285714285714,1.6666666666666667,0.0,5.0,0.3599262769878883,4.907247540654487,0.5555555555555556,0.0,0.7142857142857144,0.0,1.6666666666666667,1.6666666666666667,0.25,1.6666666666666667,5.0,0.25,0.5555555555555556,0.6666666666666666,0.5882352941176471,5.0,0.0,5.0,0.0,0.0,0.0,0.0,5.0,0.0,0.0,5.0,0.0,0.0,0.0,0.0,0.0,0.0,5.0,0.0
2.857142857142857,0.0,1.8611309949892627,0.17857142857142858,3.75,3.333333333333333,0.0,3.642857142857143,3.333333333333333,1.25,5.0,0.8109531332280147,0.7275647460349328,0.5555555555555556,0.0,0.7142857142857144,0.0,1.6666666666666667,3.3333333333333335,1.25,3.3333333333333335,3.333333333333333,1.25,0.5555555555555556,0.6666666666666666,0.5882352941176471,0.0,5.0,5.0,0.0,5.0,0.0,0.0,0.0,0.0,0.0,0.0,0.0,0.0,0.0,0.0,0.0,0.0,5.0,0.0
2.619047619047619,0.0,0.017895490336435227,1.6071428571428572,2.5,1.6666666666666667,0.0,3.857142857142857,1.6666666666666667,1.25,1.6666666666666667,1.5384412848867823,1.9066452519574384,3.8888888888888893,0.0,0.35714285714285676,0.0,1.6666666666666667,1.6666666666666667,0.875,1.6666666666666667,5.0,0.625,0.2777777777777778,0.3333333333333333,0.8823529411764706,0.0,5.0,0.0,5.0,0.0,0.0,0.0,0.0,5.0,0.0,0.0,0.0,0.0,0.0,0.0,5.0,0.0,0.0,0.0
0.11904761904761907,0.0,3.8618468146027203,0.3571428571428571,0.0,1.6666666666666667,0.0,3.4999999999999996,3.333333333333333,0.0,1.6666666666666667,0.12480252764612954,2.8122866894197953,0.5555555555555556,0.0,1.0714285714285712,0.0,5.0,0.0,0.125,2.5,3.333333333333333,0.125,0.0,0.0,0.0,0.0,5.0,5.0,0.0,0.0,0.0,5.0,0.0,0.0,0.0,5.0,0.0,0.0,0.0,0.0,0.0,0.0,0.0,5.0
2.4999999999999996,1.0,1.7537580529706513,0.17857142857142858,2.5,0.0,0.0,1.714285714285714,1.6666666666666667,0.0,0.0,0.6943127962085307,3.0289098574583417,1.1111111111111112,5.0,4.2857142857142865,5.0,1.6666666666666667,0.0,1.375,1.6666666666666667,5.0,0.125,0.0,0.0,0.0,0.0,0.0,5.0,0.0,5.0,0.0,0.0,0.0,0.0,0.0,5.0,0.0,0.0,0.0,0.0,0.0,0.0,0.0,5.0
3.6904761904761902,0.0,4.9677881173944165,1.0714285714285714,3.75,3.333333333333333,5.0,0.3571428571428572,3.333333333333333,2.5,1.6666666666666667,2.4899947340705633,3.7851836980525997,1.6666666666666667,0.0,1.0714285714285712,0.0,1.6666666666666667,3.3333333333333335,3.625,2.5,3.333333333333333,1.0,1.9444444444444446,0.0,2.058823529411765,0.0,5.0,5.0,0.0,5.0,0.0,0.0,0.0,0.0,0.0,0.0,0.0,0.0,0.0,0.0,0.0,0.0,0.0,0.0
0.23809523809523814,0.0,3.0672870436649964,0.0,2.5,5.0,0.0,3.785714285714285,1.6666666666666667,0.0,1.6666666666666667,0.481042654028436,1.9399718931941379,0.5555555555555556,0.0,0.7142857142857144,0.0,5.0,0.0,0.125,0.0,5.0,0.125,0.0,0.0,0.0,0.0,5.0,5.0,0.0,5.0,0.0,0.0,0.0,0.0,0.0,0.0,0.0,0.0,0.0,5.0,0.0,0.0,0.0,5.0
1.6666666666666665,0.0,2.8775948460987832,1.0714285714285714,2.5,5.0,5.0,4.357142857142858,1.6666666666666667,1.25,3.333333333333333,1.1782517114270668,2.9895603292511543,0.5555555555555556,0.0,1.0714285714285712,0.0,3.333333333333333,1.6666666666666667,1.625,2.5,1.6666666666666667,1.625,2.2222222222222223,1.3333333333333333,2.3529411764705883,0.0,5.0,0.0,5.0,5.0,0.0,0.0,0.0,0.0,0.0,0.0,0.0,0.0,0.0,0.0,5.0,0.0,5.0,0.0
2.142857142857143,0.0,1.9076592698639945,1.6071428571428572,3.75,1.6666666666666667,5.0,0.1428571428571428,3.333333333333333,2.5,5.0,2.3620326487625065,2.6548885765910457,0.5555555555555556,0.0,1.0714285714285712,0.0,5.0,0.0,1.25,2.5,1.6666666666666667,1.25,0.8333333333333334,3.0,2.058823529411765,0.0,0.0,0.0,5.0,0.0,0.0,5.0,0.0,0.0,0.0,0.0,0.0,0.0,0.0,0.0,5.0,0.0,0.0,5.0
2.976190476190476,0.0,1.0450966356478169,4.464285714285714,1.25,3.333333333333333,5.0,4.428571428571429,3.333333333333333,3.75,5.0,4.199578725645076,3.493274442882955,0.5555555555555556,5.0,0.35714285714285676,0.0,5.0,3.3333333333333335,3.125,2.5,5.0,3.125,3.3333333333333335,1.3333333333333333,3.5294117647058822,5.0,0.0,0.0,5.0,5.0,0.0,0.0,0.0,0.0,0.0,0.0,5.0,0.0,0.0,0.0,0.0,0.0,5.0,0.0
0.9523809523809521,0.0,1.6929133858267718,0.0,1.25,0.0,0.0,2.9285714285714284,0.0,0.0,5.0,0.883359662980516,0.6412366994579402,1.6666666666666667,0.0,1.0714285714285712,0.0,0.0,1.6666666666666667,0.625,1.6666666666666667,3.333333333333333,0.25,0.5555555555555556,0.6666666666666666,0.0,5.0,0.0,5.0,0.0,5.0,0.0,0.0,0.0,0.0,0.0,5.0,0.0,0.0,0.0,0.0,0.0,0.0,0.0,0.0
1.0714285714285712,1.0,4.717251252684323,0.17857142857142858,0.0,3.333333333333333,5.0,3.9285714285714284,3.333333333333333,0.0,0.0,0.5350184307530279,2.861272836779763,0.0,0.0,0.0,0.0,1.6666666666666667,1.6666666666666667,0.625,2.5,3.333333333333333,0.5,0.8333333333333334,0.0,0.5882352941176471,0.0,5.0,0.0,5.0,0.0,5.0,0.0,0.0,0.0,0.0,0.0,0.0,0.0,0.0,0.0,0.0,5.0,0.0,0.0
2.857142857142857,0.0,4.910522548317824,0.7142857142857143,1.25,1.6666666666666667,5.0,4.785714285714285,3.333333333333333,0.0,3.333333333333333,0.2854133754607688,1.438666934350532,2.2222222222222223,0.0,2.1428571428571423,0.0,5.0,1.6666666666666667,1.0,3.3333333333333335,3.333333333333333,0.25,0.5555555555555556,0.6666666666666666,0.0,5.0,0.0,5.0,0.0,0.0,0.0,0.0,5.0,0.0,0.0,5.0,0.0,0.0,0.0,0.0,0.0,0.0,5.0,0.0
1.9047619047619047,0.0,4.380816034359341,0.3571428571428571,2.5,5.0,5.0,3.642857142857143,0.0,1.25,0.0,0.9873617693522905,2.769925717727364,1.6666666666666667,0.0,2.5,0.0,5.0,0.0,1.875,1.6666666666666667,3.333333333333333,1.625,2.5,1.0,3.5294117647058822,0.0,5.0,0.0,5.0,0.0,0.0,0.0,5.0,0.0,0.0,0.0,0.0,0.0,0.0,0.0,5.0,0.0,0.0,5.0
4.404761904761905,1.0,0.5905511811023623,2.1428571428571432,3.75,0.0,5.0,3.9285714285714284,5.0,3.75,3.333333333333333,3.3401790416008423,1.4420799036338086,3.3333333333333335,5.0,2.1428571428571423,0.0,3.333333333333333,0.0,3.0,1.6666666666666667,1.6666666666666667,2.375,1.9444444444444446,1.0,2.3529411764705883,0.0,5.0,0.0,5.0,0.0,5.0,0.0,0.0,0.0,0.0,0.0,0.0,0.0,0.0,0.0,5.0,0.0,0.0,5.0
2.857142857142857,0.0,4.162491052254832,0.3571428571428571,2.5,3.333333333333333,0.0,4.642857142857142,5.0,1.25,5.0,1.1116377040547656,4.342903031519775,1.1111111111111112,5.0,0.7142857142857144,0.0,1.6666666666666667,1.6666666666666667,2.125,0.8333333333333334,1.6666666666666667,0.625,0.8333333333333334,0.3333333333333333,0.8823529411764706,0.0,5.0,5.0,0.0,5.0,0.0,0.0,0.0,0.0,0.0,5.0,0.0,0.0,0.0,0.0,0.0,0.0,5.0,0.0
1.7857142857142856,0.0,3.106657122405154,1.0714285714285714,2.5,5.0,0.0,0.0,3.333333333333333,1.25,1.6666666666666667,0.8670352817272247,2.270026099176872,0.0,0.0,2.1428571428571423,0.0,3.333333333333333,1.6666666666666667,0.5,2.5,3.333333333333333,0.375,0.5555555555555556,0.0,0.5882352941176471,5.0,0.0,0.0,5.0,5.0,0.0,0.0,0.0,0.0,0.0,0.0,0.0,0.0,0.0,0.0,5.0,0.0,5.0,0.0
1.4285714285714284,0.0,4.495347172512527,4.107142857142857,0.0,5.0,5.0,2.642857142857143,3.333333333333333,0.0,3.333333333333333,0.4433912585571353,2.256775747841799,0.5555555555555556,0.0,3.928571428571429,5.0,1.6666666666666667,1.6666666666666667,0.125,1.6666666666666667,3.333333333333333,0.125,0.0,0.0,0.0,0.0,5.0,5.0,0.0,5.0,0.0,0.0,0.0,0.0,0.0,5.0,0.0,0.0,0.0,0.0,0.0,0.0,0.0,0.0
2.0238095238095233,0.0,3.1496062992125986,0.0,3.75,5.0,5.0,1.9999999999999996,1.6666666666666667,0.0,3.333333333333333,0.3288572933122696,2.8600682593856654,3.3333333333333335,0.0,0.35714285714285676,0.0,1.6666666666666667,1.6666666666666667,1.25,1.6666666666666667,3.333333333333333,1.0,0.0,0.3333333333333333,2.058823529411765,0.0,5.0,5.0,0.0,0.0,0.0,5.0,0.0,0.0,0.0,5.0,0.0,0.0,0.0,0.0,0.0,0.0,5.0,0.0
2.857142857142857,0.0,1.9506084466714388,0.5357142857142857,3.75,1.6666666666666667,5.0,1.0714285714285712,3.333333333333333,1.25,0.0,1.0916271721958926,0.03192130094358564,3.8888888888888893,0.0,0.7142857142857144,0.0,5.0,0.0,1.125,2.5,5.0,0.75,1.1111111111111112,0.3333333333333333,1.4705882352941178,0.0,5.0,0.0,5.0,0.0,5.0,0.0,0.0,0.0,0.0,0.0,0.0,0.0,0.0,0.0,5.0,0.0,0.0,5.0
2.619047619047619,0.0,4.892627057981389,1.4285714285714286,3.75,5.0,5.0,0.3571428571428572,3.333333333333333,0.0,1.6666666666666667,0.6866771985255398,4.611323027504517,4.444444444444445,5.0,1.0714285714285712,0.0,5.0,1.6666666666666667,0.375,1.6666666666666667,3.333333333333333,0.125,0.2777777777777778,0.0,0.0,5.0,0.0,5.0,0.0,0.0,0.0,5.0,0.0,0.0,0.0,0.0,0.0,0.0,0.0,5.0,0.0,0.0,0.0,0.0
1.9047619047619047,0.0,0.7229778095919828,0.17857142857142858,2.5,5.0,5.0,2.142857142857143,3.333333333333333,1.25,5.0,1.386255924170616,3.3310580204778155,0.5555555555555556,0.0,3.928571428571429,5.0,3.333333333333333,0.0,0.75,4.166666666666667,3.333333333333333,0.75,1.3888888888888888,0.3333333333333333,1.1764705882352942,0.0,5.0,0.0,5.0,0.0,0.0,0.0,5.0,0.0,0.0,0.0,0.0,0.0,0.0,0.0,5.0,0.0,0.0,5.0
3.809523809523809,0.0,3.5683607730851827,5.0,3.75,1.6666666666666667,5.0,4.142857142857142,1.6666666666666667,3.75,3.333333333333333,4.222485518694049,1.4495081308974103,0.0,0.0,1.4285714285714288,0.0,1.6666666666666667,1.6666666666666667,3.5,1.6666666666666667,3.333333333333333,3.375,2.7777777777777777,5.0,2.058823529411765,0.0,5.0,5.0,0.0,5.0,0.0,0.0,0.0,0.0,0.0,0.0,5.0,0.0,0.0,0.0,0.0,0.0,5.0,0.0
3.214285714285714,0.0,4.345025053686471,5.0,2.5,3.333333333333333,5.0,3.785714285714285,3.333333333333333,0.0,5.0,0.6432332806740388,1.5374422806665329,2.7777777777777777,0.0,0.7142857142857144,0.0,1.6666666666666667,0.0,1.125,1.6666666666666667,1.6666666666666667,0.75,1.3888888888888888,0.0,0.8823529411764706,0.0,5.0,5.0,0.0,0.0,0.0,5.0,0.0,0.0,0.0,0.0,0.0,0.0,0.0,5.0,0.0,0.0,0.0,5.0
0.3571428571428572,1.0,0.19327129563350032,1.9642857142857142,2.5,3.333333333333333,0.0,4.285714285714285,5.0,0.0,1.6666666666666667,0.44944707740916273,4.683396908251355,0.5555555555555556,0.0,1.4285714285714288,0.0,5.0,0.0,0.125,0.0,3.333333333333333,0.125,0.0,0.0,0.0,0.0,5.0,0.0,5.0,5.0,0.0,0.0,0.0,0.0,0.0,0.0,0.0,0.0,0.0,0.0,0.0,5.0,0.0,5.0
2.2619047619047614,0.0,3.274874731567645,0.0,1.25,3.333333333333333,0.0,3.785714285714285,1.6666666666666667,0.0,0.0,0.7664560294892047,3.3332664123669944,1.1111111111111112,0.0,1.0714285714285712,0.0,0.0,1.6666666666666667,2.125,1.6666666666666667,1.6666666666666667,0.375,0.2777777777777778,0.0,0.5882352941176471,0.0,5.0,5.0,0.0,0.0,0.0,5.0,0.0,0.0,0.0,0.0,0.0,0.0,0.0,5.0,0.0,0.0,5.0,0.0
1.7857142857142856,0.0,1.4531138153185397,1.6071428571428572,2.5,1.6666666666666667,5.0,1.1428571428571428,1.6666666666666667,1.25,5.0,0.9670879410215902,0.44629592451315,1.6666666666666667,0.0,1.0714285714285712,0.0,3.333333333333333,0.0,1.125,5.0,1.6666666666666667,0.875,1.9444444444444446,0.0,0.29411764705882354,5.0,0.0,0.0,5.0,0.0,5.0,0.0,0.0,0.0,0.0,0.0,0.0,0.0,0.0,0.0,5.0,0.0,0.0,5.0
3.452380952380952,0.0,0.3579098067287044,0.17857142857142858,1.25,3.333333333333333,0.0,0.2142857142857144,3.333333333333333,3.75,5.0,4.14507635597683,2.185906444489058,0.5555555555555556,5.0,0.0,0.0,3.333333333333333,1.6666666666666667,3.25,2.5,1.6666666666666667,3.25,3.8888888888888893,1.0,0.0,0.0,5.0,5.0,0.0,0.0,0.0,0.0,5.0,0.0,0.0,0.0,5.0,0.0,0.0,0.0,0.0,0.0,5.0,0.0
1.4285714285714284,1.0,1.2383679312813172,1.9642857142857142,3.75,1.6666666666666667,5.0,3.142857142857143,1.6666666666666667,0.0,0.0,0.26961558715113215,2.484641638225256,0.5555555555555556,0.0,2.5,0.0,3.333333333333333,1.6666666666666667,0.125,1.6666666666666667,5.0,0.125,0.0,0.0,0.0,5.0,0.0,0.0,5.0,5.0,0.0,0.0,0.0,0.0,0.0,0.0,0.0,0.0,0.0,0.0,0.0,5.0,5.0,0.0
1.0714285714285712,0.0,1.811023622047244,0.0,1.25,3.333333333333333,0.0,2.714285714285714,3.333333333333333,2.5,0.0,1.6858873091100577,0.785986749648665,0.5555555555555556,0.0,0.0,0.0,5.0,0.0,1.125,2.5,3.333333333333333,1.125,1.9444444444444446,0.0,2.058823529411765,0.0,5.0,5.0,0.0,5.0,0.0,0.0,0.0,0.0,0.0,0.0,0.0,5.0,0.0,0.0,0.0,0.0,5.0,0.0
3.809523809523809,0.0,2.788117394416607,0.17857142857142858,3.75,0.0,5.0,4.857142857142858,3.333333333333333,3.75,0.0,4.453659820958399,0.49186910258984146,0.5555555555555556,0.0,0.0,0.0,5.0,1.6666666666666667,3.875,2.5,3.333333333333333,3.875,1.6666666666666667,4.666666666666666,2.058823529411765,0.0,0.0,5.0,0.0,5.0,0.0,0.0,0.0,0.0,0.0,0.0,5.0,0.0,0.0,0.0,0.0,0.0,0.0,0.0
1.3095238095238093,1.0,2.5161059413027917,0.0,1.25,1.6666666666666667,0.0,0.4285714285714284,1.6666666666666667,0.0,0.0,0.34491837809373355,0.922505520979723,0.5555555555555556,5.0,0.0,0.0,5.0,1.6666666666666667,0.125,0.8333333333333334,3.333333333333333,0.125,0.0,0.0,0.0,0.0,5.0,5.0,0.0,5.0,0.0,0.0,0.0,0.0,0.0,5.0,0.0,0.0,0.0,0.0,0.0,0.0,5.0,0.0
2.142857142857143,0.0,0.8124552612741589,2.678571428571429,3.75,3.333333333333333,0.0,4.857142857142858,1.6666666666666667,1.25,0.0,1.221169036334913,2.288697048785384,2.2222222222222223,0.0,0.7142857142857144,0.0,0.0,3.3333333333333335,1.375,2.5,1.6666666666666667,0.375,0.5555555555555556,0.0,0.5882352941176471,0.0,5.0,0.0,5.0,0.0,5.0,0.0,0.0,0.0,0.0,0.0,0.0,0.0,0.0,0.0,5.0,0.0,5.0,0.0
3.214285714285714,0.0,4.427344309234073,1.0714285714285714,2.5,1.6666666666666667,5.0,2.0714285714285716,3.333333333333333,2.5,0.0,2.2946287519747237,3.351335073278458,1.1111111111111112,0.0,2.1428571428571423,0.0,3.333333333333333,1.6666666666666667,3.125,1.6666666666666667,3.333333333333333,0.125,0.0,0.0,0.0,0.0,5.0,5.0,0.0,5.0,0.0,0.0,0.0,0.0,0.0,0.0,0.0,0.0,0.0,5.0,0.0,0.0,0.0,0.0
3.809523809523809,1.0,1.64638511095204,1.25,1.25,1.6666666666666667,5.0,1.4285714285714284,3.333333333333333,1.25,3.333333333333333,1.5236966824644549,4.287893997189319,1.6666666666666667,5.0,1.0714285714285712,0.0,0.0,1.6666666666666667,2.25,3.3333333333333335,3.333333333333333,0.5,0.8333333333333334,0.3333333333333333,0.8823529411764706,5.0,0.0,0.0,5.0,0.0,0.0,0.0,0.0,5.0,0.0,0.0,0.0,0.0,0.0,0.0,5.0,0.0,5.0,0.0
1.7857142857142856,0.0,2.5948460987831066,0.0,3.75,3.333333333333333,0.0,3.857142857142857,5.0,1.25,1.6666666666666667,1.1793048973143758,3.627183296526802,0.5555555555555556,5.0,0.7142857142857144,0.0,0.0,1.6666666666666667,0.75,1.6666666666666667,3.333333333333333,0.75,1.3888888888888888,0.3333333333333333,0.5882352941176471,5.0,0.0,5.0,0.0,0.0,0.0,0.0,5.0,0.0,0.0,0.0,0.0,0.0,0.0,0.0,0.0,0.0,5.0,0.0
3.3333333333333335,0.0,0.17179670722977813,0.17857142857142858,3.75,5.0,5.0,2.142857142857143,3.333333333333333,1.25,5.0,1.6771985255397577,3.0795021080104394,1.1111111111111112,0.0,0.0,0.0,3.333333333333333,1.6666666666666667,1.5,2.5,1.6666666666666667,0.75,0.8333333333333334,0.3333333333333333,1.1764705882352942,0.0,5.0,5.0,0.0,0.0,0.0,0.0,0.0,5.0,0.0,0.0,0.0,5.0,0.0,0.0,0.0,0.0,0.0,0.0
4.285714285714285,0.0,1.055833929849678,3.2142857142857144,3.75,3.333333333333333,5.0,4.142857142857142,3.333333333333333,2.5,1.6666666666666667,2.5581885202738284,0.9305360369403735,1.1111111111111112,0.0,1.4285714285714288,0.0,3.333333333333333,1.6666666666666667,2.0,0.8333333333333334,5.0,1.125,1.9444444444444446,2.333333333333333,0.29411764705882354,0.0,5.0,0.0,0.0,0.0,0.0,5.0,0.0,0.0,5.0,0.0,0.0,0.0,0.0,0.0,0.0,0.0,5.0,0.0
3.452380952380952,0.0,0.5261274158911955,0.17857142857142858,1.25,3.333333333333333,0.0,0.3571428571428572,3.333333333333333,1.25,5.0,0.9289099526066349,3.149769122666131,0.0,5.0,3.928571428571429,5.0,0.0,1.6666666666666667,1.0,1.6666666666666667,3.333333333333333,0.875,1.6666666666666667,2.333333333333333,2.058823529411765,0.0,5.0,0.0,5.0,0.0,5.0,0.0,0.0,0.0,0.0,0.0,0.0,0.0,0.0,0.0,5.0,0.0,5.0,0.0
1.7857142857142856,0.0,3.9871152469577664,1.25,3.75,3.333333333333333,5.0,0.6428571428571428,3.333333333333333,1.25,3.333333333333333,1.6047919957872563,3.681389279261192,0.0,0.0,0.35714285714285676,0.0,5.0,0.0,0.75,2.5,3.333333333333333,0.625,0.0,0.3333333333333333,0.5882352941176471,0.0,5.0,0.0,5.0,0.0,5.0,0.0,0.0,0.0,0.0,0.0,0.0,0.0,0.0,0.0,5.0,0.0,0.0,0.0
2.0238095238095233,0.0,1.807444523979957,1.4285714285714286,2.5,5.0,0.0,2.5714285714285716,1.6666666666666667,2.5,3.333333333333333,2.547656661400737,4.288897811684401,0.5555555555555556,5.0,3.2142857142857144,5.0,1.6666666666666667,1.6666666666666667,2.125,1.6666666666666667,3.333333333333333,2.125,3.8888888888888893,1.6666666666666665,4.411764705882353,0.0,5.0,5.0,0.0,5.0,0.0,0.0,0.0,0.0,0.0,0.0,0.0,5.0,0.0,0.0,0.0,0.0,5.0,0.0
2.4999999999999996,0.0,1.2061560486757337,1.4285714285714286,2.5,3.333333333333333,5.0,2.857142857142857,3.333333333333333,1.25,1.6666666666666667,1.520010531858873,1.3402931138325638,5.0,0.0,1.4285714285714288,0.0,3.333333333333333,0.0,1.125,1.6666666666666667,1.6666666666666667,0.625,1.1111111111111112,0.0,0.8823529411764706,0.0,0.0,5.0,0.0,5.0,0.0,0.0,0.0,0.0,0.0,5.0,0.0,0.0,0.0,0.0,0.0,0.0,0.0,5.0
2.380952380952381,0.0,2.0973514674302076,3.9285714285714293,3.75,5.0,5.0,3.714285714285714,3.333333333333333,1.25,5.0,1.2469720905739863,3.373820517968279,5.0,0.0,1.0714285714285712,0.0,1.6666666666666667,1.6666666666666667,1.25,1.6666666666666667,3.333333333333333,0.25,0.5555555555555556,0.3333333333333333,0.5882352941176471,0.0,5.0,5.0,0.0,5.0,0.0,0.0,0.0,0.0,0.0,0.0,0.0,0.0,0.0,0.0,0.0,0.0,0.0,0.0
4.285714285714285,0.0,3.5075161059413027,0.17857142857142858,3.75,3.333333333333333,0.0,0.7857142857142856,1.6666666666666667,2.5,3.333333333333333,2.5479199578725646,1.2644047380044168,3.3333333333333335,0.0,0.0,0.0,1.6666666666666667,1.6666666666666667,1.625,3.3333333333333335,3.333333333333333,1.125,1.1111111111111112,2.333333333333333,0.0,0.0,5.0,0.0,5.0,5.0,0.0,0.0,0.0,0.0,0.0,0.0,0.0,0.0,0.0,0.0,5.0,0.0,5.0,0.0
2.2619047619047614,0.0,4.3056549749463136,1.6071428571428572,3.75,3.333333333333333,5.0,1.3571428571428572,3.333333333333333,1.25,1.6666666666666667,0.8393891521853607,3.8203172053804453,1.1111111111111112,5.0,0.35714285714285676,0.0,5.0,0.0,2.25,1.6666666666666667,1.6666666666666667,0.125,0.0,0.0,0.29411764705882354,0.0,5.0,5.0,0.0,5.0,0.0,0.0,0.0,0.0,0.0,0.0,0.0,5.0,0.0,0.0,0.0,0.0,0.0,5.0
0.23809523809523814,0.0,2.5161059413027917,0.3571428571428571,2.5,0.0,5.0,4.071428571428571,1.6666666666666667,0.0,3.333333333333333,0.5329120589784098,2.154988958040554,0.5555555555555556,0.0,0.35714285714285676,0.0,0.0,0.0,0.25,1.6666666666666667,1.6666666666666667,0.25,0.5555555555555556,0.3333333333333333,0.5882352941176471,0.0,5.0,5.0,0.0,5.0,0.0,0.0,0.0,0.0,0.0,5.0,0.0,0.0,0.0,0.0,0.0,0.0,0.0,5.0
2.619047619047619,0.0,2.211882605583393,2.678571428571429,3.75,0.0,5.0,1.5,1.6666666666666667,1.25,3.333333333333333,1.0755660874144286,1.9853443083718132,3.3333333333333335,0.0,1.0714285714285712,0.0,5.0,0.0,1.25,5.0,3.333333333333333,0.125,0.0,0.0,0.0,5.0,0.0,5.0,0.0,0.0,0.0,5.0,0.0,0.0,0.0,5.0,0.0,0.0,0.0,0.0,0.0,0.0,0.0,5.0
3.9285714285714284,0.0,0.4831782390837509,1.4285714285714286,2.5,5.0,5.0,3.785714285714285,3.333333333333333,5.0,1.6666666666666667,4.959978936282254,3.4334470989761092,2.2222222222222223,5.0,4.642857142857142,5.0,0.0,1.6666666666666667,3.875,4.166666666666667,1.6666666666666667,3.625,2.7777777777777777,3.6666666666666665,2.9411764705882355,5.0,0.0,0.0,5.0,5.0,0.0,0.0,0.0,0.0,0.0,0.0,5.0,0.0,0.0,0.0,0.0,0.0,0.0,0.0
1.9047619047619047,1.0,1.9899785254115963,1.0714285714285714,2.5,0.0,5.0,2.5714285714285716,0.0,1.25,3.333333333333333,1.3335966298051605,4.174462959245131,0.5555555555555556,5.0,4.642857142857142,5.0,5.0,0.0,1.125,2.5,3.333333333333333,1.125,1.9444444444444446,0.0,1.7647058823529411,5.0,0.0,5.0,0.0,5.0,0.0,0.0,0.0,0.0,0.0,5.0,0.0,0.0,0.0,0.0,0.0,0.0,0.0,5.0
1.9047619047619047,0.0,1.070150322118826,0.0,2.5,5.0,0.0,3.9999999999999996,1.6666666666666667,0.0,1.6666666666666667,0.6016324381253291,0.3240313190122465,2.7777777777777777,0.0,2.1428571428571423,0.0,0.0,1.6666666666666667,0.875,1.6666666666666667,1.6666666666666667,0.625,1.1111111111111112,0.0,0.5882352941176471,0.0,5.0,5.0,0.0,5.0,0.0,0.0,0.0,0.0,0.0,5.0,0.0,0.0,0.0,0.0,0.0,0.0,5.0,0.0
2.857142857142857,0.0,0.7766642806012884,4.107142857142857,2.5,5.0,5.0,1.8571428571428572,3.333333333333333,2.5,0.0,1.6843075302790942,0.9749046376229673,0.5555555555555556,5.0,3.571428571428571,5.0,5.0,1.6666666666666667,1.25,4.166666666666667,1.6666666666666667,1.25,2.5,1.6666666666666665,2.3529411764705883,0.0,5.0,5.0,0.0,0.0,0.0,5.0,0.0,0.0,0.0,0.0,0.0,5.0,0.0,0.0,0.0,0.0,5.0,0.0
1.4285714285714284,0.0,3.1782390837508947,1.0714285714285714,2.5,3.333333333333333,5.0,2.4285714285714284,3.333333333333333,0.0,3.333333333333333,0.06977356503422855,1.0154587432242523,0.5555555555555556,0.0,0.7142857142857144,0.0,1.6666666666666667,3.3333333333333335,0.125,1.6666666666666667,1.6666666666666667,0.125,0.0,0.0,0.0,0.0,0.0,5.0,0.0,0.0,0.0,0.0,0.0,5.0,0.0,0.0,0.0,0.0,0.0,5.0,0.0,0.0,0.0,0.0
3.809523809523809,0.0,4.8317823908375095,1.7857142857142858,2.5,3.333333333333333,0.0,1.6428571428571428,3.333333333333333,5.0,1.6666666666666667,4.980779357556608,3.00321220638426,1.6666666666666667,0.0,1.4285714285714288,0.0,1.6666666666666667,0.0,2.625,4.166666666666667,3.333333333333333,0.625,1.1111111111111112,1.3333333333333333,1.1764705882352942,0.0,5.0,5.0,0.0,5.0,0.0,0.0,0.0,0.0,0.0,0.0,5.0,0.0,0.0,0.0,0.0,0.0,0.0,5.0
1.5476190476190474,0.0,3.5075161059413027,0.0,3.75,3.333333333333333,5.0,4.071428571428571,3.333333333333333,0.0,1.6666666666666667,0.3928383359662981,3.348925918490263,0.5555555555555556,0.0,2.1428571428571423,0.0,1.6666666666666667,0.0,0.125,3.3333333333333335,3.333333333333333,0.125,0.2777777777777778,0.3333333333333333,0.0,0.0,5.0,5.0,0.0,0.0,0.0,5.0,0.0,0.0,0.0,0.0,0.0,0.0,0.0,5.0,0.0,0.0,0.0,5.0
2.7380952380952377,0.0,3.9298496778811742,3.7500000000000004,2.5,5.0,0.0,3.214285714285714,3.333333333333333,1.25,5.0,1.173775671406003,2.3808472194338486,1.6666666666666667,5.0,1.0714285714285712,0.0,0.0,3.3333333333333335,1.5,3.3333333333333335,1.6666666666666667,0.75,0.5555555555555556,1.0,0.8823529411764706,5.0,0.0,5.0,0.0,5.0,0.0,0.0,0.0,0.0,0.0,0.0,0.0,0.0,0.0,5.0,0.0,0.0,0.0,0.0
2.7380952380952377,0.0,2.702219040801718,1.6071428571428572,2.5,5.0,5.0,4.357142857142858,1.6666666666666667,3.75,0.0,4.258030542390732,2.1670347319815297,2.2222222222222223,0.0,0.7142857142857144,0.0,1.6666666666666667,1.6666666666666667,2.625,1.6666666666666667,1.6666666666666667,0.875,1.6666666666666667,2.333333333333333,2.058823529411765,5.0,0.0,5.0,0.0,5.0,0.0,0.0,0.0,0.0,0.0,0.0,5.0,0.0,0.0,0.0,0.0,0.0,0.0,0.0
4.0476190476190474,0.0,3.4037222619899787,0.0,1.25,5.0,5.0,2.857142857142857,3.333333333333333,3.75,5.0,4.236440231700895,2.355952619955832,1.1111111111111112,0.0,1.4285714285714288,0.0,1.6666666666666667,1.6666666666666667,3.25,1.6666666666666667,1.6666666666666667,1.125,2.2222222222222223,2.333333333333333,2.3529411764705883,0.0,5.0,5.0,0.0,5.0,0.0,0.0,0.0,0.0,0.0,0.0,5.0,0.0,0.0,0.0,0.0,0.0,5.0,0.0
2.619047619047619,0.0,1.5068002863278454,0.17857142857142858,2.5,3.333333333333333,5.0,4.857142857142858,3.333333333333333,1.25,5.0,0.9615587151132174,4.087733386870107,0.5555555555555556,0.0,0.7142857142857144,0.0,3.333333333333333,0.0,1.125,3.3333333333333335,3.333333333333333,1.125,2.2222222222222223,2.6666666666666665,2.3529411764705883,0.0,5.0,5.0,0.0,5.0,0.0,0.0,0.0,0.0,0.0,0.0,0.0,0.0,0.0,5.0,0.0,0.0,0.0,5.0
3.6904761904761902,0.0,1.9112383679312814,1.6071428571428572,3.75,3.333333333333333,0.0,0.3571428571428572,3.333333333333333,5.0,0.0,4.648762506582411,4.7179281268821525,5.0,5.0,0.0,0.0,5.0,0.0,2.75,3.3333333333333335,3.333333333333333,0.375,0.5555555555555556,0.3333333333333333,0.5882352941176471,5.0,0.0,5.0,0.0,5.0,0.0,0.0,0.0,0.0,0.0,0.0,0.0,0.0,5.0,0.0,0.0,0.0,0.0,5.0
1.0714285714285712,0.0,0.3686471009305655,1.6071428571428572,2.5,5.0,0.0,4.857142857142858,1.6666666666666667,1.25,5.0,1.253291205897841,1.0050190724754067,0.5555555555555556,5.0,0.0,0.0,5.0,0.0,0.75,2.5,3.333333333333333,0.75,0.5555555555555556,1.3333333333333333,1.1764705882352942,0.0,5.0,0.0,5.0,0.0,5.0,0.0,0.0,0.0,0.0,0.0,0.0,0.0,0.0,0.0,5.0,0.0,5.0,0.0
2.380952380952381,0.0,0.9627773801002149,0.17857142857142858,2.5,5.0,5.0,1.0714285714285712,3.333333333333333,0.0,5.0,0.7727751448130593,0.4440875326239711,2.7777777777777777,5.0,0.0,0.0,3.333333333333333,0.0,0.75,2.5,3.333333333333333,0.375,0.5555555555555556,0.3333333333333333,0.5882352941176471,0.0,5.0,5.0,0.0,5.0,0.0,0.0,0.0,0.0,0.0,0.0,0.0,0.0,0.0,5.0,0.0,0.0,0.0,5.0
3.9285714285714284,0.0,1.5712240515390121,0.17857142857142858,2.5,1.6666666666666667,5.0,1.5714285714285712,3.333333333333333,2.5,1.6666666666666667,2.5242232754081093,2.670347319815298,1.1111111111111112,0.0,0.0,0.0,1.6666666666666667,0.0,1.75,4.166666666666667,3.333333333333333,0.5,0.5555555555555556,1.0,0.5882352941176471,5.0,0.0,0.0,5.0,0.0,5.0,0.0,0.0,0.0,0.0,0.0,0.0,0.0,0.0,0.0,5.0,0.0,5.0,0.0
2.619047619047619,0.0,2.841803865425913,0.17857142857142858,2.5,3.333333333333333,5.0,2.714285714285714,3.333333333333333,0.0,3.333333333333333,0.35176408636124273,1.194740012045774,1.1111111111111112,0.0,1.0714285714285712,0.0,3.333333333333333,1.6666666666666667,1.0,2.5,5.0,0.375,0.2777777777777778,0.3333333333333333,0.5882352941176471,0.0,5.0,5.0,0.0,0.0,0.0,5.0,0.0,0.0,0.0,0.0,0.0,0.0,0.0,5.0,0.0,0.0,0.0,0.0
1.3095238095238093,0.0,4.64924838940587,0.8928571428571428,0.0,1.6666666666666667,0.0,1.714285714285714,3.333333333333333,0.0,5.0,0.5587151132174828,4.868098775346316,0.5555555555555556,0.0,0.7142857142857144,0.0,0.0,1.6666666666666667,1.25,4.166666666666667,3.333333333333333,1.25,2.2222222222222223,0.0,2.3529411764705883,0.0,5.0,5.0,0.0,0.0,0.0,5.0,0.0,0.0,0.0,5.0,0.0,0.0,0.0,0.0,0.0,0.0,5.0,0.0
2.619047619047619,0.0,1.9899785254115963,1.6071428571428572,3.75,0.0,5.0,2.642857142857143,1.6666666666666667,2.5,1.6666666666666667,2.289626119010005,3.725757879943786,1.1111111111111112,0.0,0.35714285714285676,0.0,1.6666666666666667,1.6666666666666667,1.375,1.6666666666666667,1.6666666666666667,0.125,0.0,0.0,0.0,0.0,5.0,0.0,5.0,0.0,5.0,0.0,0.0,0.0,0.0,0.0,0.0,0.0,0.0,0.0,5.0,0.0,0.0,0.0
1.4285714285714284,0.0,0.7695060844667143,0.17857142857142858,2.5,3.333333333333333,0.0,0.9285714285714284,0.0,1.25,5.0,1.3380726698262242,4.557117044770126,1.1111111111111112,0.0,3.2142857142857144,5.0,3.333333333333333,0.0,1.375,1.6666666666666667,3.333333333333333,0.625,1.1111111111111112,0.0,0.5882352941176471,0.0,5.0,5.0,0.0,5.0,0.0,0.0,0.0,0.0,0.0,0.0,0.0,5.0,0.0,0.0,0.0,0.0,0.0,5.0
1.3095238095238093,0.0,0.4652827487473157,3.2142857142857144,2.5,5.0,5.0,0.2857142857142856,3.333333333333333,1.25,5.0,0.8565034228541337,4.125878337683196,2.2222222222222223,0.0,0.35714285714285676,0.0,1.6666666666666667,3.3333333333333335,1.0,1.6666666666666667,5.0,0.375,0.5555555555555556,0.3333333333333333,0.5882352941176471,0.0,5.0,5.0,0.0,0.0,0.0,0.0,0.0,5.0,0.0,0.0,0.0,5.0,0.0,0.0,0.0,0.0,0.0,0.0
2.0238095238095233,0.0,2.0042949176807445,0.0,5.0,3.333333333333333,5.0,4.571428571428571,3.333333333333333,2.5,1.6666666666666667,1.6550816219062663,1.8761292913069665,0.5555555555555556,0.0,0.7142857142857144,0.0,0.0,3.3333333333333335,1.25,2.5,3.333333333333333,1.25,2.2222222222222223,0.0,1.7647058823529411,0.0,5.0,0.0,5.0,0.0,5.0,0.0,0.0,0.0,0.0,0.0,0.0,0.0,0.0,0.0,5.0,0.0,5.0,0.0
3.214285714285714,0.0,4.051539012168933,1.7857142857142858,1.25,5.0,0.0,4.285714285714285,3.333333333333333,3.75,5.0,4.381516587677725,0.6645251957438265,1.6666666666666667,0.0,0.7142857142857144,0.0,1.6666666666666667,1.6666666666666667,3.25,3.3333333333333335,5.0,1.125,0.8333333333333334,0.3333333333333333,0.29411764705882354,0.0,5.0,0.0,5.0,5.0,0.0,0.0,0.0,0.0,0.0,0.0,5.0,0.0,0.0,0.0,0.0,0.0,5.0,0.0
2.976190476190476,0.0,3.5075161059413027,4.642857142857142,2.5,3.333333333333333,0.0,3.785714285714285,3.333333333333333,2.5,0.0,2.5832016850974195,1.8954025296125276,4.444444444444445,0.0,0.0,0.0,3.333333333333333,1.6666666666666667,2.25,0.8333333333333334,3.333333333333333,1.0,1.9444444444444446,0.0,0.29411764705882354,5.0,0.0,5.0,0.0,5.0,0.0,0.0,0.0,0.0,0.0,0.0,0.0,5.0,0.0,0.0,0.0,0.0,5.0,0.0
3.452380952380952,0.0,0.9198282032927703,0.17857142857142858,3.75,0.0,0.0,3.714285714285714,3.333333333333333,3.75,3.333333333333333,4.254870984728805,4.940574181891186,1.6666666666666667,0.0,2.8571428571428568,0.0,1.6666666666666667,3.3333333333333335,3.25,1.6666666666666667,5.0,2.5,4.722222222222222,1.6666666666666665,1.7647058823529411,0.0,5.0,5.0,0.0,0.0,0.0,5.0,0.0,0.0,0.0,0.0,0.0,0.0,5.0,0.0,0.0,0.0,5.0,0.0
3.9285714285714284,0.0,4.663564781675018,1.7857142857142858,1.25,5.0,0.0,3.714285714285714,1.6666666666666667,3.75,1.6666666666666667,3.194576092680358,4.486046978518369,1.6666666666666667,0.0,1.7857142857142856,0.0,1.6666666666666667,0.0,3.625,0.8333333333333334,1.6666666666666667,0.625,0.5555555555555556,0.0,0.8823529411764706,0.0,5.0,5.0,0.0,0.0,0.0,0.0,0.0,5.0,0.0,0.0,0.0,5.0,0.0,0.0,0.0,0.0,0.0,5.0
3.3333333333333335,0.0,1.6607015032211883,1.0714285714285714,1.25,5.0,5.0,3.214285714285714,3.333333333333333,2.5,3.333333333333333,2.5897840968931014,4.4396707488456135,3.3333333333333335,0.0,0.7142857142857144,0.0,1.6666666666666667,1.6666666666666667,1.625,2.5,3.333333333333333,1.0,1.9444444444444446,0.0,2.058823529411765,0.0,5.0,5.0,0.0,0.0,0.0,5.0,0.0,0.0,0.0,0.0,0.0,5.0,0.0,0.0,0.0,0.0,0.0,0.0
3.0952380952380953,1.0,4.559770937723694,0.0,1.25,1.6666666666666667,5.0,4.357142857142858,1.6666666666666667,2.5,0.0,2.4942074776198,0.046576992571772724,5.0,0.0,1.0714285714285712,0.0,5.0,1.6666666666666667,3.0,0.8333333333333334,3.333333333333333,2.5,1.6666666666666667,1.0,1.7647058823529411,0.0,5.0,0.0,0.0,0.0,0.0,5.0,0.0,0.0,5.0,0.0,0.0,0.0,0.0,0.0,0.0,0.0,5.0,0.0
1.3095238095238093,0.0,2.11882605583393,0.0,2.5,5.0,0.0,4.071428571428571,1.6666666666666667,3.75,5.0,3.9797261716692995,0.266813892792612,1.6666666666666667,0.0,1.0714285714285712,0.0,1.6666666666666667,3.3333333333333335,1.125,1.6666666666666667,1.6666666666666667,0.875,1.9444444444444446,0.3333333333333333,2.058823529411765,0.0,5.0,5.0,0.0,5.0,0.0,0.0,0.0,0.0,0.0,0.0,0.0,0.0,5.0,0.0,0.0,0.0,0.0,0.0
3.3333333333333335,0.0,1.5175375805297064,0.0,1.25,1.6666666666666667,0.0,4.428571428571429,3.333333333333333,2.5,0.0,2.486571879936809,0.008632804657699278,0.5555555555555556,0.0,5.0,5.0,3.333333333333333,5.0,3.0,1.6666666666666667,3.333333333333333,3.0,3.611111111111111,5.0,2.058823529411765,0.0,5.0,0.0,5.0,0.0,5.0,0.0,0.0,0.0,0.0,0.0,0.0,0.0,0.0,0.0,5.0,0.0,0.0,0.0
1.3095238095238093,1.0,0.8554044380816035,0.0,2.5,1.6666666666666667,0.0,1.2857142857142856,1.6666666666666667,0.0,3.333333333333333,0.471563981042654,4.301947400120458,3.3333333333333335,5.0,2.8571428571428568,0.0,3.333333333333333,5.0,0.625,2.5,3.333333333333333,0.375,0.5555555555555556,0.0,0.5882352941176471,0.0,5.0,0.0,5.0,0.0,0.0,5.0,0.0,0.0,0.0,0.0,0.0,0.0,0.0,0.0,0.0,5.0,0.0,0.0
2.619047619047619,0.0,2.3514674302075877,0.17857142857142858,1.25,5.0,0.0,1.1428571428571428,3.333333333333333,1.25,1.6666666666666667,1.239073196419168,4.1074081509737,3.8888888888888893,0.0,0.35714285714285676,0.0,3.333333333333333,3.3333333333333335,1.0,4.166666666666667,3.333333333333333,0.625,1.1111111111111112,0.3333333333333333,0.8823529411764706,0.0,5.0,0.0,5.0,0.0,5.0,0.0,0.0,0.0,0.0,0.0,0.0,0.0,0.0,0.0,5.0,0.0,0.0,0.0
1.4285714285714284,1.0,0.8303507516105941,4.464285714285714,3.75,3.333333333333333,0.0,1.5714285714285712,1.6666666666666667,1.25,0.0,1.497367035281727,4.190523991166432,2.7777777777777777,0.0,1.4285714285714288,0.0,3.333333333333333,0.0,1.125,4.166666666666667,1.6666666666666667,0.75,0.8333333333333334,0.0,0.29411764705882354,5.0,0.0,0.0,5.0,0.0,5.0,0.0,0.0,0.0,0.0,0.0,0.0,0.0,0.0,0.0,5.0,0.0,0.0,5.0
2.857142857142857,0.0,2.9706513958482463,0.0,1.25,5.0,0.0,0.9285714285714284,1.6666666666666667,1.25,5.0,1.330437072143233,0.39289299337482436,5.0,5.0,0.7142857142857144,0.0,5.0,1.6666666666666667,1.0,3.3333333333333335,3.333333333333333,0.5,0.8333333333333334,0.0,0.5882352941176471,0.0,5.0,5.0,0.0,5.0,0.0,0.0,0.0,0.0,0.0,0.0,0.0,5.0,0.0,0.0,0.0,0.0,5.0,0.0
2.7380952380952377,0.0,1.4566929133858268,0.17857142857142858,3.75,0.0,0.0,2.285714285714285,1.6666666666666667,1.25,3.333333333333333,1.527646129541864,0.003613732182292717,1.1111111111111112,5.0,2.1428571428571423,0.0,0.0,0.0,1.25,2.5,3.333333333333333,1.0,1.9444444444444446,0.0,2.058823529411765,0.0,0.0,5.0,0.0,0.0,0.0,0.0,5.0,0.0,0.0,0.0,0.0,0.0,0.0,0.0,0.0,0.0,0.0,5.0
2.857142857142857,0.0,1.4065855404438081,0.17857142857142858,0.0,3.333333333333333,5.0,0.5,3.333333333333333,3.75,3.333333333333333,4.437072143233281,4.916281871110219,0.0,5.0,0.7142857142857144,0.0,5.0,0.0,2.625,2.5,1.6666666666666667,2.5,2.2222222222222223,0.6666666666666666,2.9411764705882355,0.0,0.0,5.0,0.0,5.0,0.0,0.0,0.0,0.0,0.0,0.0,5.0,0.0,0.0,0.0,0.0,0.0,5.0,0.0
0.833333333333333,0.0,1.8611309949892627,2.1428571428571432,0.0,1.6666666666666667,5.0,0.714285714285714,3.333333333333333,0.0,3.333333333333333,0.28620326487625064,4.874924713912868,0.5555555555555556,0.0,0.0,0.0,3.333333333333333,0.0,0.875,0.8333333333333334,3.333333333333333,0.875,1.1111111111111112,0.0,1.7647058823529411,0.0,5.0,0.0,5.0,0.0,0.0,5.0,0.0,0.0,0.0,0.0,0.0,0.0,0.0,0.0,0.0,5.0,5.0,0.0
1.5476190476190474,1.0,4.520400858983536,2.1428571428571432,3.75,1.6666666666666667,5.0,1.1428571428571428,3.333333333333333,1.25,0.0,0.8488678251711426,1.8907849829351535,1.1111111111111112,0.0,2.1428571428571423,0.0,3.333333333333333,0.0,1.125,1.6666666666666667,0.0,0.375,0.2777777777777778,0.3333333333333333,0.5882352941176471,0.0,5.0,0.0,5.0,0.0,0.0,5.0,0.0,0.0,0.0,0.0,0.0,0.0,0.0,0.0,5.0,0.0,0.0,0.0
2.7380952380952377,0.0,1.3636363636363638,0.8928571428571428,2.5,5.0,5.0,4.642857142857142,1.6666666666666667,1.25,1.6666666666666667,1.3225381779884149,1.6093153985143547,3.3333333333333335,5.0,1.4285714285714288,0.0,5.0,0.0,1.0,2.5,3.333333333333333,0.625,1.1111111111111112,0.3333333333333333,0.5882352941176471,0.0,5.0,5.0,0.0,0.0,0.0,5.0,0.0,0.0,0.0,0.0,0.0,5.0,0.0,0.0,0.0,0.0,0.0,5.0
2.142857142857143,0.0,1.1703650680028632,0.17857142857142858,3.75,3.333333333333333,0.0,1.6428571428571428,3.333333333333333,1.25,1.6666666666666667,1.1587677725118481,0.045974703874723966,5.0,5.0,0.0,0.0,5.0,0.0,2.25,1.6666666666666667,3.333333333333333,2.0,3.8888888888888893,1.6666666666666665,3.5294117647058822,0.0,5.0,5.0,0.0,5.0,0.0,0.0,0.0,0.0,0.0,0.0,0.0,5.0,0.0,0.0,0.0,0.0,0.0,5.0
2.380952380952381,0.0,1.3206871868289192,1.9642857142857142,2.5,0.0,5.0,1.0714285714285712,1.6666666666666667,1.25,0.0,1.389942074776198,0.43967074884561336,1.1111111111111112,0.0,1.4285714285714288,0.0,3.333333333333333,1.6666666666666667,1.625,2.5,1.6666666666666667,0.5,0.8333333333333334,0.3333333333333333,0.5882352941176471,5.0,0.0,5.0,0.0,5.0,0.0,0.0,0.0,0.0,0.0,0.0,0.0,0.0,0.0,0.0,0.0,0.0,0.0,0.0
2.0238095238095233,0.0,4.137437365783822,0.0,3.75,5.0,0.0,0.714285714285714,5.0,0.0,3.333333333333333,0.3941548183254345,2.249949809275246,1.6666666666666667,0.0,0.7142857142857144,0.0,3.333333333333333,0.0,0.875,0.0,3.333333333333333,0.25,0.5555555555555556,0.6666666666666666,0.5882352941176471,0.0,5.0,5.0,0.0,5.0,0.0,0.0,0.0,0.0,0.0,0.0,0.0,0.0,0.0,5.0,0.0,0.0,0.0,5.0
3.214285714285714,0.0,3.3929849677881174,1.4285714285714286,3.75,1.6666666666666667,0.0,2.4999999999999996,1.6666666666666667,1.25,3.333333333333333,1.20695102685624,3.1873117847821724,0.5555555555555556,0.0,0.7142857142857144,0.0,5.0,1.6666666666666667,1.875,1.6666666666666667,3.333333333333333,1.875,2.7777777777777777,1.3333333333333333,3.5294117647058822,0.0,0.0,0.0,5.0,5.0,0.0,0.0,0.0,0.0,0.0,0.0,0.0,0.0,0.0,0.0,5.0,0.0,5.0,0.0
3.452380952380952,0.0,0.41159627773801,0.3571428571428571,2.5,5.0,0.0,1.3571428571428572,3.333333333333333,3.75,3.333333333333333,3.3599262769878884,1.6324031319012249,5.0,5.0,0.35714285714285676,0.0,5.0,3.3333333333333335,3.5,1.6666666666666667,1.6666666666666667,2.75,0.5555555555555556,3.6666666666666665,3.823529411764706,5.0,0.0,0.0,5.0,0.0,0.0,5.0,0.0,0.0,0.0,0.0,0.0,0.0,0.0,0.0,5.0,0.0,0.0,0.0
4.523809523809524,0.0,2.204724409448819,0.5357142857142857,3.75,5.0,0.0,4.428571428571429,3.333333333333333,5.0,0.0,4.9852553975776726,3.3087733386870104,2.2222222222222223,0.0,0.7142857142857144,0.0,5.0,1.6666666666666667,3.5,1.6666666666666667,3.333333333333333,0.625,0.5555555555555556,1.3333333333333333,0.5882352941176471,0.0,5.0,5.0,0.0,0.0,0.0,0.0,0.0,5.0,0.0,0.0,5.0,0.0,0.0,0.0,0.0,0.0,0.0,0.0
4.880952380952381,0.0,4.717251252684323,0.17857142857142858,3.75,3.333333333333333,0.0,0.1428571428571428,1.6666666666666667,5.0,5.0,4.695892575039494,3.980726761694439,5.0,0.0,3.571428571428571,5.0,5.0,1.6666666666666667,3.75,2.5,3.333333333333333,0.375,0.5555555555555556,0.6666666666666666,0.5882352941176471,0.0,0.0,0.0,0.0,0.0,0.0,0.0,0.0,0.0,0.0,0.0,5.0,0.0,0.0,0.0,0.0,0.0,5.0,0.0
1.1904761904761902,1.0,1.975662133142448,0.0,1.25,0.0,0.0,2.642857142857143,0.0,0.0,1.6666666666666667,0.317798841495524,0.35695643445091346,3.8888888888888893,5.0,0.7142857142857144,0.0,5.0,0.0,1.25,3.3333333333333335,3.333333333333333,0.875,1.9444444444444446,1.0,2.058823529411765,0.0,5.0,5.0,0.0,5.0,0.0,0.0,0.0,0.0,0.0,0.0,0.0,0.0,0.0,5.0,0.0,0.0,0.0,5.0
3.809523809523809,1.0,3.0672870436649964,0.0,3.75,5.0,5.0,3.642857142857143,3.333333333333333,1.25,3.333333333333333,0.9791995787256449,3.04296326038948,1.6666666666666667,5.0,1.0714285714285712,0.0,5.0,0.0,0.625,3.3333333333333335,3.333333333333333,0.0,0.0,0.0,0.0,5.0,0.0,0.0,5.0,0.0,0.0,0.0,5.0,0.0,0.0,0.0,0.0,0.0,0.0,0.0,5.0,0.0,0.0,5.0
1.4285714285714284,0.0,3.020758768790265,0.17857142857142858,2.5,3.333333333333333,0.0,1.5714285714285712,1.6666666666666667,1.25,5.0,1.5450236966824642,3.641838988154989,2.7777777777777777,5.0,4.642857142857142,5.0,1.6666666666666667,0.0,1.5,3.3333333333333335,1.6666666666666667,0.0,0.0,0.0,0.0,0.0,5.0,5.0,0.0,0.0,0.0,5.0,0.0,0.0,0.0,0.0,0.0,5.0,0.0,0.0,0.0,0.0,0.0,5.0
1.4285714285714284,0.0,0.082319255547602,1.4285714285714286,1.25,5.0,5.0,3.785714285714285,1.6666666666666667,0.0,3.333333333333333,0.3151658767772512,2.815298132905039,0.5555555555555556,0.0,0.7142857142857144,0.0,0.0,0.0,1.25,4.166666666666667,3.333333333333333,1.25,0.0,0.3333333333333333,2.3529411764705883,0.0,5.0,5.0,0.0,0.0,0.0,5.0,0.0,0.0,0.0,5.0,0.0,0.0,0.0,0.0,0.0,0.0,0.0,5.0
0.3571428571428572,0.0,2.838224767358626,1.4285714285714286,1.25,0.0,5.0,0.6428571428571428,3.333333333333333,0.0,5.0,0.42153765139547134,0.15197751455531022,0.5555555555555556,0.0,4.642857142857142,5.0,3.333333333333333,0.0,0.375,2.5,1.6666666666666667,0.375,0.5555555555555556,0.6666666666666666,0.5882352941176471,0.0,0.0,0.0,5.0,0.0,0.0,5.0,0.0,0.0,0.0,0.0,0.0,0.0,0.0,0.0,0.0,5.0,0.0,5.0
2.0238095238095233,1.0,1.8611309949892627,2.3214285714285716,3.75,3.333333333333333,5.0,0.6428571428571428,1.6666666666666667,0.0,1.6666666666666667,0.7198525539757767,1.6020879341497694,0.5555555555555556,5.0,4.642857142857142,5.0,5.0,1.6666666666666667,0.625,1.6666666666666667,0.0,0.5,0.5555555555555556,0.0,0.5882352941176471,0.0,5.0,5.0,0.0,0.0,0.0,0.0,5.0,0.0,0.0,5.0,0.0,0.0,0.0,0.0,0.0,0.0,0.0,0.0
2.619047619047619,0.0,3.82605583392985,1.6071428571428572,3.75,5.0,0.0,1.1428571428571428,5.0,0.0,3.333333333333333,0.31700895208004215,4.095763902830757,1.6666666666666667,5.0,0.7142857142857144,0.0,3.333333333333333,1.6666666666666667,1.25,2.5,3.333333333333333,0.875,1.9444444444444446,0.3333333333333333,2.058823529411765,0.0,5.0,5.0,0.0,5.0,0.0,0.0,0.0,0.0,0.0,5.0,0.0,0.0,0.0,0.0,0.0,0.0,5.0,0.0
4.523809523809524,0.0,2.612741589119542,1.4285714285714286,2.5,3.333333333333333,5.0,3.642857142857143,3.333333333333333,3.75,5.0,2.657714586624539,3.6791808873720138,3.8888888888888893,0.0,0.0,0.0,3.333333333333333,0.0,3.75,0.8333333333333334,1.6666666666666667,1.25,1.9444444444444446,0.3333333333333333,0.29411764705882354,0.0,5.0,5.0,0.0,0.0,0.0,5.0,0.0,0.0,0.0,0.0,0.0,0.0,0.0,0.0,0.0,0.0,5.0,0.0
3.3333333333333335,0.0,4.824624194702935,2.5000000000000004,1.25,5.0,5.0,1.5714285714285712,3.333333333333333,5.0,1.6666666666666667,4.758293838862559,1.757679180887372,2.7777777777777777,0.0,0.0,0.0,0.0,1.6666666666666667,3.125,1.6666666666666667,3.333333333333333,0.5,0.5555555555555556,0.0,0.8823529411764706,0.0,5.0,5.0,0.0,5.0,0.0,0.0,0.0,0.0,0.0,0.0,0.0,0.0,5.0,0.0,0.0,0.0,5.0,0.0
2.619047619047619,0.0,2.8740157480314963,3.2142857142857144,1.25,3.333333333333333,5.0,4.928571428571429,3.333333333333333,1.25,5.0,0.4560294892048446,2.896807869905641,4.444444444444445,5.0,1.4285714285714288,0.0,3.333333333333333,1.6666666666666667,1.875,1.6666666666666667,5.0,0.875,0.5555555555555556,1.0,2.058823529411765,0.0,5.0,5.0,0.0,0.0,0.0,5.0,0.0,0.0,0.0,5.0,0.0,0.0,0.0,0.0,0.0,0.0,5.0,0.0
3.3333333333333335,0.0,3.0171796707229777,0.7142857142857143,1.25,1.6666666666666667,5.0,3.5714285714285707,3.333333333333333,1.25,1.6666666666666667,1.0563454449710372,1.672555711704477,4.444444444444445,5.0,3.928571428571429,5.0,5.0,1.6666666666666667,2.0,1.6666666666666667,3.333333333333333,0.5,0.5555555555555556,0.0,0.5882352941176471,0.0,5.0,0.0,0.0,0.0,0.0,5.0,0.0,0.0,5.0,0.0,0.0,0.0,0.0,0.0,0.0,0.0,0.0,0.0
2.0238095238095233,0.0,2.4123120973514673,0.0,3.75,3.333333333333333,5.0,0.1428571428571428,1.6666666666666667,1.25,0.0,0.8696682464454975,4.200361373218229,0.0,0.0,1.0714285714285712,0.0,1.6666666666666667,0.0,2.0,1.6666666666666667,3.333333333333333,1.875,3.611111111111111,0.6666666666666666,2.3529411764705883,0.0,5.0,0.0,5.0,0.0,5.0,0.0,0.0,0.0,0.0,0.0,0.0,0.0,0.0,0.0,5.0,0.0,0.0,5.0
2.619047619047619,0.0,1.7573371510379383,1.4285714285714286,3.75,1.6666666666666667,0.0,4.142857142857142,3.333333333333333,2.5,3.333333333333333,3.2885729331226963,2.3465167637020676,5.0,0.0,2.1428571428571423,0.0,3.333333333333333,0.0,2.5,2.5,1.6666666666666667,2.25,1.9444444444444446,0.6666666666666666,3.823529411764706,5.0,0.0,5.0,0.0,0.0,0.0,5.0,0.0,0.0,0.0,0.0,0.0,0.0,5.0,0.0,0.0,0.0,0.0,5.0
2.142857142857143,0.0,1.1632068718682893,1.25,2.5,0.0,0.0,2.357142857142857,5.0,2.5,0.0,2.8183254344391786,3.662116040955631,5.0,0.0,1.0714285714285712,0.0,0.0,1.6666666666666667,1.25,1.6666666666666667,3.333333333333333,1.0,1.9444444444444446,0.0,1.4705882352941178,0.0,0.0,5.0,0.0,5.0,0.0,0.0,0.0,0.0,0.0,0.0,0.0,0.0,5.0,0.0,0.0,0.0,5.0,0.0
2.976190476190476,0.0,2.9634931997136724,0.8928571428571428,2.5,0.0,0.0,3.0714285714285716,1.6666666666666667,1.25,3.333333333333333,0.8088467614533965,3.595462758482232,0.5555555555555556,5.0,1.0714285714285712,0.0,0.0,0.0,2.5,2.5,0.0,2.5,1.9444444444444446,0.3333333333333333,2.3529411764705883,0.0,5.0,5.0,0.0,0.0,0.0,5.0,0.0,0.0,0.0,0.0,0.0,0.0,0.0,5.0,0.0,0.0,0.0,5.0
1.5476190476190474,0.0,1.224051539012169,0.7142857142857143,2.5,5.0,0.0,3.857142857142857,3.333333333333333,0.0,1.6666666666666667,0.468667719852554,0.36438466171451517,0.5555555555555556,0.0,0.0,0.0,3.333333333333333,1.6666666666666667,0.25,4.166666666666667,1.6666666666666667,0.25,0.5555555555555556,0.6666666666666666,0.5882352941176471,5.0,0.0,0.0,5.0,0.0,5.0,0.0,0.0,0.0,0.0,0.0,0.0,0.0,0.0,0.0,0.0,5.0,0.0,0.0
2.142857142857143,0.0,3.360773085182534,2.1428571428571432,2.5,3.333333333333333,5.0,0.4285714285714284,3.333333333333333,0.0,1.6666666666666667,0.29857819905213273,4.704477012648063,2.2222222222222223,0.0,0.7142857142857144,0.0,1.6666666666666667,1.6666666666666667,1.0,1.6666666666666667,3.333333333333333,0.625,0.5555555555555556,0.0,1.1764705882352942,0.0,5.0,0.0,0.0,0.0,0.0,0.0,0.0,0.0,5.0,0.0,0.0,0.0,0.0,0.0,0.0,0.0,5.0,0.0
2.142857142857143,0.0,0.9341445955619185,0.0,2.5,3.333333333333333,0.0,3.357142857142857,0.0,2.5,0.0,2.433649289099526,0.4298333667938165,1.1111111111111112,5.0,3.571428571428571,5.0,3.333333333333333,1.6666666666666667,2.125,1.6666666666666667,3.333333333333333,0.875,1.9444444444444446,2.333333333333333,2.058823529411765,0.0,5.0,5.0,0.0,0.0,0.0,0.0,0.0,5.0,0.0,0.0,0.0,5.0,0.0,0.0,0.0,0.0,0.0,0.0
3.214285714285714,0.0,3.049391553328561,0.17857142857142858,1.25,1.6666666666666667,5.0,1.1428571428571428,0.0,1.25,3.333333333333333,1.4805160610847814,2.066653282473399,0.0,0.0,0.7142857142857144,0.0,0.0,0.0,1.125,2.5,3.333333333333333,1.0,1.9444444444444446,1.0,0.29411764705882354,0.0,5.0,0.0,5.0,0.0,0.0,0.0,0.0,5.0,0.0,0.0,0.0,0.0,0.0,0.0,0.0,5.0,0.0,5.0
1.0714285714285712,0.0,4.824624194702935,0.3571428571428571,2.5,3.333333333333333,5.0,3.4999999999999996,1.6666666666666667,0.0,3.333333333333333,0.4099526066350711,4.664123669945794,0.5555555555555556,5.0,1.4285714285714288,0.0,5.0,1.6666666666666667,0.125,1.6666666666666667,1.6666666666666667,0.125,0.2777777777777778,0.0,0.29411764705882354,0.0,0.0,5.0,0.0,0.0,0.0,5.0,0.0,0.0,0.0,0.0,0.0,0.0,0.0,5.0,0.0,0.0,0.0,0.0
3.9285714285714284,0.0,2.0830350751610593,0.8928571428571428,2.5,0.0,5.0,1.5,3.333333333333333,5.0,3.333333333333333,4.878357030015797,0.8769323429030316,3.8888888888888893,0.0,0.7142857142857144,0.0,3.333333333333333,0.0,2.875,4.166666666666667,3.333333333333333,2.5,5.0,5.0,4.411764705882353,0.0,5.0,5.0,0.0,5.0,0.0,0.0,0.0,0.0,0.0,0.0,0.0,0.0,5.0,0.0,0.0,0.0,0.0,5.0
4.166666666666666,0.0,0.07874015748031499,0.17857142857142858,2.5,3.333333333333333,0.0,0.5714285714285712,1.6666666666666667,2.5,1.6666666666666667,1.71563981042654,4.304958843605702,1.1111111111111112,0.0,0.35714285714285676,0.0,0.0,1.6666666666666667,3.75,1.6666666666666667,3.333333333333333,1.875,1.9444444444444446,2.0,3.5294117647058822,5.0,0.0,0.0,5.0,0.0,5.0,0.0,0.0,0.0,0.0,0.0,0.0,0.0,0.0,0.0,5.0,0.0,5.0,0.0
1.5476190476190474,1.0,1.546170365068003,3.3928571428571432,2.5,0.0,5.0,2.5714285714285716,3.333333333333333,2.5,3.333333333333333,2.320958399157451,4.178678980124473,1.6666666666666667,0.0,0.35714285714285676,0.0,0.0,0.0,1.5,1.6666666666666667,3.333333333333333,0.125,0.0,0.0,0.0,5.0,0.0,5.0,0.0,5.0,0.0,0.0,0.0,0.0,0.0,0.0,0.0,0.0,0.0,0.0,0.0,0.0,5.0,0.0
2.0238095238095233,0.0,4.4416607015032215,4.642857142857142,0.0,3.333333333333333,0.0,1.6428571428571428,1.6666666666666667,0.0,0.0,0.4081095313322802,3.1636217626982535,0.5555555555555556,0.0,0.0,0.0,5.0,0.0,0.75,2.5,1.6666666666666667,0.75,1.3888888888888888,0.3333333333333333,0.29411764705882354,0.0,5.0,5.0,0.0,0.0,0.0,5.0,0.0,0.0,0.0,0.0,0.0,0.0,0.0,5.0,0.0,0.0,0.0,5.0
1.0714285714285712,0.0,4.563350035790981,1.7857142857142858,0.0,1.6666666666666667,5.0,4.357142857142858,3.333333333333333,0.0,0.0,0.2869931542917325,1.121260791005822,0.0,0.0,1.0714285714285712,0.0,1.6666666666666667,0.0,0.75,2.5,5.0,0.625,0.0,0.3333333333333333,1.1764705882352942,0.0,5.0,5.0,0.0,5.0,0.0,0.0,0.0,0.0,0.0,5.0,0.0,0.0,0.0,0.0,0.0,0.0,5.0,0.0
1.0714285714285712,0.0,4.892627057981389,0.0,1.25,5.0,5.0,3.714285714285714,3.333333333333333,0.0,1.6666666666666667,0.7390731964191679,3.169443886769725,0.5555555555555556,0.0,0.0,0.0,1.6666666666666667,1.6666666666666667,0.625,1.6666666666666667,3.333333333333333,0.625,0.5555555555555556,0.0,1.1764705882352942,0.0,5.0,5.0,0.0,0.0,0.0,5.0,0.0,0.0,0.0,5.0,0.0,0.0,0.0,0.0,0.0,0.0,0.0,0.0
1.9047619047619047,0.0,1.3171080887616322,0.17857142857142858,3.75,5.0,5.0,3.857142857142857,1.6666666666666667,1.25,0.0,1.302790942601369,4.3350732784581405,3.3333333333333335,0.0,0.7142857142857144,0.0,1.6666666666666667,1.6666666666666667,1.625,2.5,3.333333333333333,1.375,2.5,1.6666666666666665,2.6470588235294117,0.0,5.0,5.0,0.0,5.0,0.0,0.0,0.0,0.0,0.0,0.0,0.0,5.0,0.0,0.0,0.0,0.0,5.0,0.0
0.714285714285714,0.0,4.477451682176092,0.3571428571428571,1.25,0.0,0.0,0.2142857142857144,3.333333333333333,1.25,3.333333333333333,1.0505529225908372,3.096767717325838,0.0,0.0,3.571428571428571,5.0,0.0,1.6666666666666667,0.5,1.6666666666666667,1.6666666666666667,0.375,0.5555555555555556,0.0,0.5882352941176471,0.0,5.0,0.0,5.0,0.0,0.0,0.0,5.0,0.0,0.0,0.0,0.0,0.0,0.0,0.0,5.0,0.0,5.0,0.0
2.380952380952381,0.0,2.115246957766643,1.0714285714285714,2.5,5.0,5.0,1.9285714285714284,5.0,0.0,3.333333333333333,0.42153765139547134,2.7412166231680386,0.5555555555555556,0.0,0.0,0.0,5.0,5.0,0.5,1.6666666666666667,3.333333333333333,0.5,0.5555555555555556,0.0,0.8823529411764706,5.0,0.0,5.0,0.0,5.0,0.0,0.0,0.0,0.0,0.0,0.0,0.0,0.0,0.0,5.0,0.0,0.0,0.0,0.0
2.7380952380952377,0.0,0.5511811023622047,1.6071428571428572,1.25,3.333333333333333,5.0,0.714285714285714,0.0,1.25,1.6666666666666667,1.353870458135861,4.01124272234491,0.5555555555555556,0.0,0.7142857142857144,0.0,0.0,0.0,2.375,3.3333333333333335,3.333333333333333,2.375,0.5555555555555556,3.6666666666666665,2.6470588235294117,0.0,0.0,0.0,5.0,0.0,0.0,5.0,0.0,0.0,0.0,0.0,0.0,0.0,0.0,0.0,5.0,0.0,0.0,5.0
3.3333333333333335,0.0,1.381531853972799,0.17857142857142858,2.5,3.333333333333333,0.0,3.214285714285714,0.0,3.75,1.6666666666666667,4.176671932596103,2.5864284280265006,1.6666666666666667,5.0,0.35714285714285676,0.0,1.6666666666666667,1.6666666666666667,3.5,1.6666666666666667,1.6666666666666667,0.875,1.9444444444444446,2.333333333333333,2.058823529411765,0.0,5.0,0.0,5.0,0.0,0.0,0.0,0.0,5.0,0.0,0.0,5.0,0.0,0.0,0.0,0.0,0.0,5.0,0.0
1.4285714285714284,0.0,3.5075161059413027,1.9642857142857142,2.5,1.6666666666666667,0.0,3.785714285714285,3.333333333333333,1.25,3.333333333333333,1.466034755134281,3.506123268419996,0.0,0.0,0.0,0.0,1.6666666666666667,0.0,0.75,5.0,3.333333333333333,0.625,1.1111111111111112,1.3333333333333333,1.1764705882352942,0.0,5.0,0.0,5.0,0.0,0.0,0.0,0.0,5.0,0.0,0.0,0.0,0.0,0.0,0.0,5.0,0.0,0.0,5.0
3.3333333333333335,0.0,1.1739441660701504,0.0,3.75,5.0,5.0,0.714285714285714,3.333333333333333,5.0,5.0,4.902053712480252,3.884962858863682,5.0,0.0,2.1428571428571423,0.0,5.0,3.3333333333333335,2.875,0.0,3.333333333333333,0.25,0.5555555555555556,0.6666666666666666,0.5882352941176471,0.0,5.0,5.0,0.0,0.0,0.0,5.0,0.0,0.0,0.0,0.0,0.0,0.0,5.0,0.0,0.0,0.0,0.0,0.0
1.0714285714285712,0.0,3.124552612741589,1.0714285714285714,2.5,5.0,0.0,1.7857142857142856,1.6666666666666667,1.25,0.0,1.527646129541864,4.2770528006424415,4.444444444444445,0.0,2.8571428571428568,0.0,0.0,0.0,1.125,1.6666666666666667,0.0,0.875,1.6666666666666667,0.0,2.058823529411765,0.0,5.0,5.0,0.0,0.0,0.0,5.0,0.0,0.0,0.0,0.0,0.0,0.0,0.0,0.0,0.0,0.0,0.0,5.0
1.6666666666666665,0.0,4.345025053686471,0.17857142857142858,1.25,5.0,0.0,0.5714285714285712,3.333333333333333,1.25,3.333333333333333,1.0502896261190098,0.04898614735996787,2.2222222222222223,5.0,1.0714285714285712,0.0,5.0,0.0,1.25,1.6666666666666667,3.333333333333333,1.0,1.9444444444444446,0.0,2.058823529411765,5.0,0.0,5.0,0.0,5.0,0.0,0.0,0.0,0.0,0.0,0.0,0.0,0.0,0.0,5.0,0.0,0.0,0.0,5.0
2.7380952380952377,0.0,2.841803865425913,0.8928571428571428,2.5,5.0,0.0,3.214285714285714,3.333333333333333,2.5,5.0,3.3127962085308056,2.525597269624573,1.6666666666666667,5.0,2.5,0.0,3.333333333333333,0.0,2.0,2.5,3.333333333333333,0.125,0.0,0.0,0.0,0.0,5.0,0.0,5.0,5.0,0.0,0.0,0.0,0.0,0.0,0.0,5.0,0.0,0.0,0.0,0.0,0.0,0.0,5.0
0.3571428571428572,1.0,2.3407301360057264,0.0,0.0,0.0,0.0,4.928571428571429,1.6666666666666667,0.0,1.6666666666666667,0.3067403896787783,1.4165830154587433,0.5555555555555556,5.0,0.0,0.0,3.333333333333333,0.0,0.375,2.5,3.333333333333333,0.375,0.5555555555555556,0.3333333333333333,0.5882352941176471,5.0,0.0,0.0,5.0,0.0,0.0,0.0,0.0,5.0,0.0,0.0,0.0,0.0,0.0,0.0,0.0,5.0,0.0,5.0
1.9047619047619047,0.0,1.639226914817466,0.0,3.75,5.0,5.0,4.357142857142858,3.333333333333333,0.0,0.0,0.5231700895208005,3.6518771331058018,2.7777777777777777,0.0,1.0714285714285712,0.0,3.333333333333333,3.3333333333333335,1.25,1.6666666666666667,3.333333333333333,0.5,0.8333333333333334,0.3333333333333333,0.8823529411764706,5.0,0.0,5.0,0.0,0.0,0.0,0.0,5.0,0.0,0.0,0.0,0.0,0.0,0.0,5.0,0.0,0.0,0.0,0.0
2.142857142857143,0.0,1.6607015032211883,3.035714285714286,3.75,3.333333333333333,5.0,3.642857142857143,5.0,0.0,5.0,0.7053712480252765,1.0094358562537644,2.2222222222222223,0.0,2.5,0.0,5.0,3.3333333333333335,0.5,1.6666666666666667,3.333333333333333,0.125,0.0,0.0,0.0,5.0,0.0,5.0,0.0,5.0,0.0,0.0,0.0,0.0,0.0,5.0,0.0,0.0,0.0,0.0,0.0,0.0,5.0,0.0
1.9047619047619047,0.0,0.7193987115246958,0.17857142857142858,3.75,3.333333333333333,0.0,3.214285714285714,3.333333333333333,0.0,3.333333333333333,0.3217482885729331,1.8510339289299338,3.3333333333333335,0.0,2.5,0.0,5.0,1.6666666666666667,0.75,2.5,3.333333333333333,0.5,0.8333333333333334,0.3333333333333333,0.5882352941176471,5.0,0.0,0.0,5.0,0.0,5.0,0.0,0.0,0.0,0.0,0.0,0.0,0.0,0.0,0.0,0.0,5.0,5.0,0.0
0.9523809523809521,1.0,4.49176807444524,4.285714285714286,2.5,0.0,5.0,1.2857142857142856,0.0,0.0,3.333333333333333,0.33807266982622436,1.6992571772736398,0.5555555555555556,0.0,0.35714285714285676,0.0,3.333333333333333,0.0,0.125,1.6666666666666667,1.6666666666666667,0.125,0.0,0.0,0.29411764705882354,0.0,5.0,5.0,0.0,5.0,0.0,0.0,0.0,0.0,0.0,5.0,0.0,0.0,0.0,0.0,0.0,0.0,0.0,5.0
3.5714285714285707,0.0,3.103078024337867,0.17857142857142858,1.25,5.0,5.0,3.285714285714285,5.0,0.0,1.6666666666666667,0.4081095313322802,2.9162818711102187,2.7777777777777777,0.0,0.0,0.0,3.333333333333333,0.0,0.875,3.3333333333333335,1.6666666666666667,0.125,0.0,0.0,0.0,0.0,5.0,5.0,0.0,0.0,0.0,0.0,0.0,5.0,0.0,5.0,0.0,0.0,0.0,0.0,0.0,0.0,0.0,5.0
4.166666666666666,0.0,3.514674302075877,2.1428571428571432,1.25,5.0,0.0,1.9285714285714284,5.0,1.25,0.0,0.9060031595576619,4.84962858863682,0.5555555555555556,0.0,0.0,0.0,3.333333333333333,3.3333333333333335,0.625,2.5,3.333333333333333,0.5,0.5555555555555556,0.3333333333333333,0.8823529411764706,0.0,5.0,5.0,0.0,0.0,0.0,5.0,0.0,0.0,0.0,0.0,0.0,5.0,0.0,0.0,0.0,0.0,0.0,0.0
2.4999999999999996,0.0,4.996420901932713,3.5714285714285716,3.75,0.0,5.0,1.0,1.6666666666666667,1.25,5.0,1.3457082675092151,0.2957237502509536,1.6666666666666667,5.0,0.35714285714285676,0.0,5.0,3.3333333333333335,1.0,1.6666666666666667,5.0,0.625,1.1111111111111112,0.3333333333333333,1.1764705882352942,0.0,5.0,0.0,5.0,5.0,0.0,0.0,0.0,0.0,0.0,0.0,0.0,0.0,0.0,0.0,5.0,0.0,5.0,0.0
1.5476190476190474,0.0,0.8017179670722978,1.25,1.25,0.0,5.0,0.07142857142857117,3.333333333333333,2.5,5.0,2.5760926803580833,1.2632001606103194,0.5555555555555556,0.0,2.5,0.0,0.0,1.6666666666666667,1.625,4.166666666666667,3.333333333333333,1.625,1.9444444444444446,3.0,2.6470588235294117,0.0,5.0,0.0,5.0,5.0,0.0,0.0,0.0,0.0,0.0,0.0,0.0,0.0,0.0,0.0,5.0,0.0,0.0,0.0
1.0714285714285712,0.0,2.4731567644953474,0.17857142857142858,0.0,5.0,5.0,0.9285714285714284,0.0,1.25,5.0,1.0695102685624012,3.6735595261995586,1.6666666666666667,0.0,3.2142857142857144,5.0,1.6666666666666667,0.0,1.0,2.5,3.333333333333333,0.75,0.5555555555555556,0.0,0.0,5.0,0.0,0.0,5.0,5.0,0.0,0.0,0.0,0.0,0.0,0.0,0.0,0.0,0.0,0.0,5.0,0.0,0.0,5.0
3.214285714285714,0.0,2.9634931997136724,1.4285714285714286,2.5,5.0,5.0,3.142857142857143,3.333333333333333,2.5,0.0,2.5676671932596102,3.4420799036338083,2.2222222222222223,5.0,0.35714285714285676,0.0,3.333333333333333,1.6666666666666667,2.25,1.6666666666666667,3.333333333333333,0.625,1.1111111111111112,0.0,0.5882352941176471,0.0,5.0,0.0,5.0,0.0,5.0,0.0,0.0,0.0,0.0,0.0,0.0,0.0,0.0,0.0,5.0,0.0,0.0,0.0
1.6666666666666665,0.0,4.327129563350036,1.0714285714285714,2.5,1.6666666666666667,5.0,5.0,5.0,0.0,1.6666666666666667,0.4699842022116903,4.8118851636217626,0.5555555555555556,0.0,3.2142857142857144,5.0,3.333333333333333,0.0,0.625,2.5,0.0,0.625,0.2777777777777778,0.0,0.8823529411764706,5.0,0.0,5.0,0.0,5.0,0.0,0.0,0.0,0.0,0.0,5.0,0.0,0.0,0.0,0.0,0.0,0.0,5.0,0.0
4.523809523809524,0.0,4.645669291338582,1.0714285714285714,2.5,5.0,5.0,1.3571428571428572,0.0,2.5,5.0,1.6458662453923116,3.935755872314796,2.2222222222222223,0.0,0.0,0.0,0.0,0.0,4.625,2.5,1.6666666666666667,0.75,1.1111111111111112,0.0,0.5882352941176471,0.0,5.0,5.0,0.0,5.0,0.0,0.0,0.0,0.0,0.0,0.0,0.0,5.0,0.0,0.0,0.0,0.0,0.0,5.0
3.9285714285714284,0.0,3.818897637795276,1.0714285714285714,3.75,1.6666666666666667,5.0,0.2857142857142856,1.6666666666666667,1.25,3.333333333333333,1.3488678251711426,2.3868701064043365,1.1111111111111112,0.0,2.1428571428571423,0.0,3.333333333333333,0.0,1.25,1.6666666666666667,3.333333333333333,0.125,0.0,0.0,0.0,0.0,5.0,5.0,0.0,0.0,0.0,5.0,0.0,0.0,0.0,0.0,0.0,5.0,0.0,0.0,0.0,0.0,5.0,0.0
3.809523809523809,0.0,2.108088761632069,0.17857142857142858,2.5,3.333333333333333,5.0,2.4285714285714284,3.333333333333333,3.75,3.333333333333333,4.378620326487625,0.9610519975908454,2.7777777777777777,0.0,1.7857142857142856,0.0,5.0,0.0,3.75,2.5,3.333333333333333,0.5,0.8333333333333334,0.0,0.8823529411764706,0.0,5.0,5.0,0.0,0.0,0.0,5.0,0.0,0.0,0.0,0.0,0.0,0.0,5.0,0.0,0.0,0.0,5.0,0.0
1.1904761904761902,0.0,3.035075161059413,0.3571428571428571,2.5,5.0,0.0,4.5,3.333333333333333,2.5,1.6666666666666667,1.7498683517640863,1.1935354346516764,0.0,0.0,2.1428571428571423,0.0,1.6666666666666667,5.0,1.25,2.5,1.6666666666666667,1.125,1.9444444444444446,0.3333333333333333,2.058823529411765,0.0,5.0,5.0,0.0,0.0,0.0,5.0,0.0,0.0,0.0,0.0,0.0,5.0,0.0,0.0,0.0,0.0,0.0,0.0
1.7857142857142856,1.0,2.5948460987831066,5.0,3.75,0.0,0.0,1.714285714285714,1.6666666666666667,1.25,3.333333333333333,0.921274354923644,0.20778960048183098,0.5555555555555556,0.0,3.928571428571429,5.0,1.6666666666666667,0.0,1.75,3.3333333333333335,3.333333333333333,1.625,1.9444444444444446,1.0,2.3529411764705883,5.0,0.0,5.0,0.0,0.0,0.0,5.0,0.0,0.0,0.0,0.0,0.0,0.0,0.0,5.0,0.0,0.0,0.0,5.0
1.3095238095238093,1.0,2.8775948460987832,1.6071428571428572,2.5,5.0,0.0,4.428571428571429,1.6666666666666667,0.0,0.0,0.36729857819905215,1.884159807267617,3.3333333333333335,5.0,3.2142857142857144,5.0,3.333333333333333,0.0,0.375,4.166666666666667,3.333333333333333,0.0,0.0,0.0,0.0,0.0,5.0,5.0,0.0,5.0,0.0,0.0,0.0,0.0,0.0,0.0,0.0,0.0,0.0,5.0,0.0,0.0,0.0,5.0
2.7380952380952377,0.0,1.5998568360773087,1.0714285714285714,1.25,5.0,0.0,0.8571428571428572,3.333333333333333,1.25,3.333333333333333,1.0516061084781463,4.271632202369002,3.3333333333333335,0.0,1.0714285714285712,0.0,1.6666666666666667,0.0,1.0,5.0,3.333333333333333,0.25,0.5555555555555556,0.6666666666666666,0.29411764705882354,0.0,5.0,5.0,0.0,0.0,0.0,5.0,0.0,0.0,0.0,0.0,0.0,5.0,0.0,0.0,0.0,0.0,0.0,5.0
4.0476190476190474,1.0,2.222619899785254,1.25,3.75,3.333333333333333,5.0,3.9285714285714284,1.6666666666666667,1.25,1.6666666666666667,1.0352817272248551,3.1425416583015457,1.1111111111111112,0.0,1.4285714285714288,0.0,0.0,0.0,1.375,2.5,1.6666666666666667,1.0,0.5555555555555556,2.333333333333333,2.058823529411765,0.0,5.0,5.0,0.0,0.0,0.0,5.0,0.0,0.0,0.0,0.0,0.0,0.0,0.0,5.0,0.0,0.0,5.0,0.0
0.4761904761904763,1.0,4.130279169649248,0.3571428571428571,3.75,3.333333333333333,5.0,1.2857142857142856,1.6666666666666667,0.0,5.0,0.4855186940494997,0.42742421200562136,0.0,5.0,0.0,0.0,1.6666666666666667,1.6666666666666667,0.125,4.166666666666667,3.333333333333333,0.0,0.0,0.0,0.0,5.0,0.0,5.0,0.0,5.0,0.0,0.0,0.0,0.0,0.0,0.0,0.0,0.0,0.0,5.0,0.0,0.0,5.0,0.0
1.1904761904761902,0.0,3.8546886184681464,3.2142857142857144,3.75,5.0,5.0,3.4285714285714284,1.6666666666666667,0.0,0.0,0.5758293838862558,2.0788998193133907,0.5555555555555556,0.0,0.35714285714285676,0.0,3.333333333333333,5.0,0.75,1.6666666666666667,3.333333333333333,0.75,1.3888888888888888,1.0,0.8823529411764706,0.0,5.0,5.0,0.0,0.0,0.0,5.0,0.0,0.0,0.0,5.0,0.0,0.0,0.0,0.0,0.0,0.0,5.0,0.0
1.0714285714285712,0.0,3.6256263421617754,0.3571428571428571,3.75,0.0,5.0,1.714285714285714,1.6666666666666667,0.0,5.0,0.2727751448130595,2.625978719132704,0.0,0.0,0.7142857142857144,0.0,5.0,0.0,0.625,0.0,3.333333333333333,0.5,0.5555555555555556,0.3333333333333333,0.29411764705882354,0.0,5.0,5.0,0.0,0.0,0.0,5.0,0.0,0.0,0.0,0.0,0.0,0.0,0.0,5.0,0.0,0.0,0.0,5.0
3.452380952380952,0.0,4.319971367215461,0.5357142857142857,0.0,1.6666666666666667,5.0,4.928571428571429,3.333333333333333,1.25,3.333333333333333,0.5179041600842549,4.749447902027705,1.6666666666666667,0.0,2.8571428571428568,0.0,0.0,0.0,0.625,2.5,3.333333333333333,0.0,0.0,0.0,0.0,5.0,0.0,0.0,5.0,0.0,0.0,5.0,0.0,0.0,0.0,0.0,0.0,0.0,0.0,0.0,0.0,5.0,0.0,5.0
3.0952380952380953,0.0,1.385110952040086,3.9285714285714293,2.5,1.6666666666666667,5.0,2.642857142857143,3.333333333333333,1.25,1.6666666666666667,0.2719852553975776,4.6073077695241915,2.2222222222222223,0.0,0.35714285714285676,0.0,3.333333333333333,1.6666666666666667,2.125,2.5,5.0,0.375,0.5555555555555556,0.3333333333333333,0.5882352941176471,0.0,0.0,5.0,0.0,0.0,0.0,5.0,0.0,0.0,0.0,5.0,0.0,0.0,0.0,0.0,0.0,0.0,5.0,0.0
1.7857142857142856,0.0,2.9670722977809594,2.3214285714285716,2.5,5.0,0.0,2.9999999999999996,3.333333333333333,0.0,1.6666666666666667,0.4599789362822538,0.5177675165629392,0.5555555555555556,0.0,0.7142857142857144,0.0,5.0,1.6666666666666667,1.0,4.166666666666667,3.333333333333333,1.0,1.9444444444444446,0.3333333333333333,1.7647058823529411,0.0,5.0,5.0,0.0,0.0,0.0,5.0,0.0,0.0,0.0,0.0,0.0,0.0,0.0,5.0,0.0,0.0,5.0,0.0
2.0238095238095233,0.0,2.5662133142448105,0.17857142857142858,2.5,3.333333333333333,5.0,1.0,1.6666666666666667,2.5,1.6666666666666667,2.439441811479726,3.5121461553904836,1.1111111111111112,0.0,2.5,0.0,1.6666666666666667,1.6666666666666667,1.875,1.6666666666666667,5.0,0.875,1.9444444444444446,2.0,1.1764705882352942,0.0,5.0,5.0,0.0,5.0,0.0,0.0,0.0,0.0,0.0,0.0,0.0,5.0,0.0,0.0,0.0,0.0,0.0,0.0
3.214285714285714,0.0,0.32569792412312104,0.8928571428571428,3.75,5.0,5.0,1.5714285714285712,3.333333333333333,2.5,0.0,3.2216956292785675,2.604497088937964,2.2222222222222223,5.0,1.0714285714285712,0.0,1.6666666666666667,0.0,2.125,2.5,5.0,0.0,0.0,0.0,0.0,0.0,5.0,5.0,0.0,0.0,0.0,0.0,5.0,0.0,0.0,0.0,0.0,0.0,5.0,0.0,0.0,0.0,5.0,0.0
2.0238095238095233,0.0,1.7215461703650679,4.285714285714286,3.75,3.333333333333333,0.0,1.9285714285714284,3.333333333333333,2.5,3.333333333333333,2.469457609268036,0.979923710098374,0.5555555555555556,5.0,0.0,0.0,3.333333333333333,1.6666666666666667,2.0,2.5,1.6666666666666667,2.0,2.7777777777777777,3.333333333333333,0.29411764705882354,0.0,5.0,5.0,0.0,0.0,0.0,5.0,0.0,0.0,0.0,0.0,0.0,0.0,0.0,0.0,0.0,0.0,0.0,0.0
1.9047619047619047,0.0,4.481030780243379,0.7142857142857143,2.5,3.333333333333333,0.0,1.0714285714285712,1.6666666666666667,2.5,0.0,2.796735123749342,0.7068861674362579,1.1111111111111112,0.0,0.35714285714285676,0.0,5.0,0.0,1.75,5.0,3.333333333333333,1.375,2.7777777777777777,1.6666666666666665,2.3529411764705883,0.0,5.0,5.0,0.0,0.0,0.0,5.0,0.0,0.0,0.0,0.0,5.0,0.0,0.0,0.0,0.0,0.0,0.0,5.0
0.714285714285714,0.0,4.917680744452398,0.5357142857142857,0.0,5.0,0.0,0.8571428571428572,3.333333333333333,1.25,3.333333333333333,0.8301737756714058,2.6334069463963057,0.5555555555555556,5.0,0.35714285714285676,0.0,3.333333333333333,3.3333333333333335,0.625,2.5,3.333333333333333,0.625,1.1111111111111112,0.0,0.8823529411764706,0.0,5.0,0.0,5.0,0.0,0.0,5.0,0.0,0.0,0.0,0.0,0.0,0.0,0.0,0.0,5.0,0.0,5.0,0.0
0.9523809523809521,1.0,3.035075161059413,0.5357142857142857,3.75,5.0,5.0,1.2857142857142856,1.6666666666666667,1.25,5.0,1.2688256977356502,1.27604898614736,0.5555555555555556,5.0,0.35714285714285676,0.0,1.6666666666666667,0.0,1.0,0.0,3.333333333333333,1.0,1.9444444444444446,2.333333333333333,1.1764705882352942,0.0,5.0,0.0,5.0,0.0,5.0,0.0,0.0,0.0,0.0,0.0,0.0,0.0,0.0,0.0,5.0,0.0,0.0,5.0
1.6666666666666665,0.0,1.4209019327129564,0.17857142857142858,0.0,3.333333333333333,5.0,0.4285714285714284,3.333333333333333,1.25,1.6666666666666667,0.8080568720379147,3.6946396305962654,0.0,5.0,0.7142857142857144,0.0,0.0,5.0,0.5,2.5,1.6666666666666667,0.375,0.5555555555555556,0.3333333333333333,0.5882352941176471,0.0,5.0,0.0,5.0,0.0,5.0,0.0,0.0,0.0,0.0,0.0,0.0,0.0,0.0,0.0,5.0,0.0,5.0,0.0
2.976190476190476,0.0,4.191123836793128,0.17857142857142858,1.25,5.0,0.0,2.9999999999999996,5.0,0.0,3.333333333333333,0.430753027909426,3.9809275245934552,0.5555555555555556,0.0,0.35714285714285676,0.0,5.0,3.3333333333333335,0.75,2.5,1.6666666666666667,0.625,0.8333333333333334,0.3333333333333333,1.1764705882352942,0.0,5.0,5.0,0.0,0.0,0.0,5.0,0.0,0.0,0.0,0.0,0.0,0.0,0.0,5.0,0.0,0.0,0.0,0.0
1.9047619047619047,0.0,4.452397995705082,3.2142857142857144,1.25,1.6666666666666667,5.0,4.5,3.333333333333333,0.0,5.0,0.4349657714586624,1.3378839590443687,0.0,0.0,0.0,0.0,3.333333333333333,1.6666666666666667,0.375,1.6666666666666667,3.333333333333333,0.25,0.5555555555555556,0.3333333333333333,0.5882352941176471,0.0,5.0,5.0,0.0,0.0,0.0,5.0,0.0,0.0,0.0,5.0,0.0,0.0,0.0,0.0,0.0,0.0,0.0,0.0
2.2619047619047614,0.0,0.07874015748031499,0.3571428571428571,2.5,5.0,0.0,0.3571428571428572,3.333333333333333,1.25,1.6666666666666667,0.8156924697209056,2.359767115037141,1.6666666666666667,0.0,1.4285714285714288,0.0,0.0,0.0,1.0,2.5,1.6666666666666667,0.5,0.8333333333333334,0.0,0.29411764705882354,0.0,5.0,5.0,0.0,0.0,0.0,0.0,5.0,0.0,0.0,0.0,0.0,0.0,0.0,0.0,0.0,0.0,0.0,5.0
1.6666666666666665,0.0,2.7093772369362923,0.5357142857142857,2.5,3.333333333333333,0.0,4.857142857142858,1.6666666666666667,1.25,3.333333333333333,1.356766719325961,3.418992170246938,0.5555555555555556,0.0,0.35714285714285676,0.0,3.333333333333333,1.6666666666666667,1.75,2.5,3.333333333333333,1.75,3.611111111111111,2.0,2.3529411764705883,0.0,5.0,5.0,0.0,5.0,0.0,0.0,0.0,0.0,0.0,0.0,0.0,5.0,0.0,0.0,0.0,0.0,5.0,0.0
1.5476190476190474,0.0,0.01431639226914816,0.17857142857142858,2.5,0.0,5.0,2.285714285714285,1.6666666666666667,1.25,0.0,1.4220642443391256,3.1575988757277655,1.6666666666666667,0.0,0.35714285714285676,0.0,5.0,0.0,1.125,0.8333333333333334,3.333333333333333,0.25,0.5555555555555556,0.3333333333333333,0.0,0.0,5.0,0.0,0.0,0.0,0.0,0.0,0.0,0.0,5.0,0.0,0.0,0.0,0.0,0.0,0.0,0.0,5.0,0.0
0.833333333333333,0.0,2.050823192555476,0.7142857142857143,1.25,1.6666666666666667,5.0,3.9285714285714284,5.0,1.25,0.0,0.787519747235387,3.2704276249749045,0.5555555555555556,0.0,0.35714285714285676,0.0,5.0,3.3333333333333335,0.75,1.6666666666666667,3.333333333333333,0.75,0.8333333333333334,0.3333333333333333,1.4705882352941178,0.0,0.0,5.0,0.0,5.0,0.0,0.0,0.0,0.0,0.0,0.0,0.0,0.0,0.0,0.0,0.0,0.0,0.0,0.0
1.4285714285714284,0.0,4.409448818897638,0.5357142857142857,1.25,3.333333333333333,0.0,2.357142857142857,1.6666666666666667,1.25,1.6666666666666667,1.1058451816745654,3.546677374021281,0.5555555555555556,5.0,0.35714285714285676,0.0,1.6666666666666667,5.0,1.375,3.3333333333333335,1.6666666666666667,1.375,2.2222222222222223,0.6666666666666666,2.058823529411765,0.0,5.0,0.0,5.0,0.0,0.0,5.0,0.0,0.0,0.0,0.0,0.0,0.0,0.0,0.0,5.0,0.0,0.0,0.0
1.1904761904761902,1.0,3.2462419470293487,0.0,2.5,0.0,5.0,1.0714285714285712,1.6666666666666667,0.0,1.6666666666666667,0.41785150078988936,1.0170648464163823,0.5555555555555556,0.0,1.4285714285714288,0.0,0.0,3.3333333333333335,0.125,1.6666666666666667,3.333333333333333,0.125,0.0,0.0,0.0,5.0,0.0,5.0,0.0,0.0,0.0,5.0,0.0,0.0,0.0,5.0,0.0,0.0,0.0,0.0,0.0,0.0,0.0,0.0
2.0238095238095233,0.0,2.040085898353615,4.285714285714286,2.5,5.0,5.0,3.4285714285714284,1.6666666666666667,2.5,1.6666666666666667,2.6050552922590837,1.4123669945794017,1.6666666666666667,0.0,1.7857142857142856,0.0,0.0,0.0,2.0,1.6666666666666667,3.333333333333333,1.625,2.7777777777777777,1.3333333333333333,2.3529411764705883,0.0,5.0,5.0,0.0,0.0,0.0,0.0,0.0,5.0,0.0,0.0,0.0,5.0,0.0,0.0,0.0,0.0,5.0,0.0
1.7857142857142856,0.0,1.975662133142448,0.7142857142857143,2.5,5.0,5.0,0.2857142857142856,1.6666666666666667,2.5,5.0,1.6087414428646654,3.8385866291909254,2.2222222222222223,0.0,1.4285714285714288,0.0,3.333333333333333,1.6666666666666667,1.125,1.6666666666666667,3.333333333333333,0.375,0.5555555555555556,0.3333333333333333,0.5882352941176471,0.0,5.0,5.0,0.0,5.0,0.0,0.0,0.0,0.0,0.0,0.0,0.0,0.0,0.0,0.0,0.0,0.0,0.0,0.0
1.4285714285714284,0.0,1.6750178954903365,0.7142857142857143,2.5,5.0,0.0,0.0,1.6666666666666667,1.25,3.333333333333333,1.3451816745655607,0.6699457940172657,0.5555555555555556,0.0,0.7142857142857144,0.0,3.333333333333333,5.0,1.25,1.6666666666666667,3.333333333333333,1.25,2.5,0.3333333333333333,0.5882352941176471,0.0,5.0,0.0,5.0,0.0,5.0,0.0,0.0,0.0,0.0,0.0,0.0,0.0,0.0,0.0,5.0,0.0,0.0,0.0
0.714285714285714,0.0,3.543307086614173,1.4285714285714286,2.5,3.333333333333333,5.0,2.142857142857143,1.6666666666666667,0.0,1.6666666666666667,0.4436545550289626,4.910058221240715,0.5555555555555556,0.0,0.0,0.0,3.333333333333333,5.0,0.125,3.3333333333333335,3.333333333333333,0.125,0.0,0.0,0.0,0.0,0.0,5.0,0.0,5.0,0.0,0.0,0.0,0.0,0.0,5.0,0.0,0.0,0.0,0.0,0.0,0.0,0.0,0.0
3.214285714285714,0.0,2.5161059413027917,0.5357142857142857,1.25,3.333333333333333,5.0,1.9285714285714284,3.333333333333333,1.25,1.6666666666666667,0.90521327014218,4.22987351937362,0.5555555555555556,0.0,0.35714285714285676,0.0,1.6666666666666667,0.0,1.125,4.166666666666667,1.6666666666666667,1.125,1.9444444444444446,0.0,2.3529411764705883,0.0,0.0,5.0,0.0,5.0,0.0,0.0,0.0,0.0,0.0,5.0,0.0,0.0,0.0,0.0,0.0,0.0,5.0,0.0
0.833333333333333,0.0,3.0672870436649964,4.821428571428571,2.5,0.0,5.0,0.7857142857142856,1.6666666666666667,1.25,3.333333333333333,2.0089520800421274,4.56554908652881,1.1111111111111112,0.0,2.5,0.0,5.0,0.0,0.75,2.5,3.333333333333333,0.25,0.5555555555555556,0.6666666666666666,0.5882352941176471,0.0,5.0,0.0,5.0,5.0,0.0,0.0,0.0,0.0,0.0,0.0,0.0,0.0,0.0,0.0,5.0,0.0,5.0,0.0
2.0238095238095233,0.0,3.9799570508231925,0.0,2.5,1.6666666666666667,5.0,0.0,1.6666666666666667,0.0,3.333333333333333,0.48709847288046343,4.855249949809275,0.5555555555555556,0.0,2.5,0.0,0.0,0.0,0.75,2.5,3.333333333333333,0.75,1.1111111111111112,0.0,1.1764705882352942,0.0,5.0,5.0,0.0,0.0,0.0,5.0,0.0,0.0,0.0,0.0,0.0,0.0,0.0,5.0,0.0,0.0,0.0,5.0
3.5714285714285707,0.0,4.892627057981389,3.3928571428571432,3.75,5.0,5.0,1.5,3.333333333333333,0.0,3.333333333333333,0.3291205897840969,0.692431238707087,2.2222222222222223,0.0,2.1428571428571423,0.0,0.0,3.3333333333333335,1.625,1.6666666666666667,1.6666666666666667,0.0,0.0,0.0,0.0,0.0,5.0,5.0,0.0,0.0,0.0,5.0,0.0,0.0,0.0,0.0,0.0,0.0,0.0,5.0,0.0,0.0,5.0,0.0
4.166666666666666,0.0,4.223335719398712,0.7142857142857143,2.5,3.333333333333333,0.0,1.9999999999999996,3.333333333333333,5.0,3.333333333333333,4.7617166929963135,1.7347922103995181,2.2222222222222223,0.0,0.0,0.0,5.0,1.6666666666666667,3.25,2.5,1.6666666666666667,1.75,3.611111111111111,1.3333333333333333,2.3529411764705883,0.0,5.0,5.0,0.0,0.0,0.0,0.0,5.0,0.0,0.0,0.0,5.0,0.0,0.0,0.0,0.0,0.0,0.0,0.0
1.5476190476190474,0.0,0.1861130994989263,1.0714285714285714,3.75,1.6666666666666667,5.0,0.7857142857142856,1.6666666666666667,0.0,3.333333333333333,0.34755134281200634,1.9359566352138124,1.6666666666666667,0.0,1.4285714285714288,0.0,1.6666666666666667,0.0,1.625,1.6666666666666667,5.0,0.875,1.9444444444444446,1.6666666666666665,0.5882352941176471,0.0,5.0,0.0,5.0,5.0,0.0,0.0,0.0,0.0,0.0,0.0,0.0,0.0,0.0,0.0,0.0,5.0,5.0,0.0
4.761904761904761,0.0,2.6700071581961344,3.9285714285714293,3.75,0.0,5.0,4.142857142857142,3.333333333333333,0.0,3.333333333333333,0.35887309110057924,4.81469584420799,0.5555555555555556,0.0,0.35714285714285676,0.0,5.0,3.3333333333333335,0.25,2.5,3.333333333333333,0.25,0.5555555555555556,0.6666666666666666,0.5882352941176471,0.0,5.0,5.0,0.0,5.0,0.0,0.0,0.0,0.0,0.0,0.0,0.0,0.0,0.0,5.0,0.0,0.0,0.0,0.0
1.5476190476190474,1.0,2.1510379384395133,0.17857142857142858,2.5,3.333333333333333,0.0,4.285714285714285,1.6666666666666667,0.0,5.0,0.4676145339652448,1.9650672555711706,3.8888888888888893,0.0,1.0714285714285712,0.0,3.333333333333333,0.0,0.375,2.5,5.0,0.125,0.0,0.0,0.0,5.0,0.0,0.0,5.0,5.0,0.0,0.0,0.0,0.0,0.0,0.0,0.0,0.0,0.0,0.0,0.0,5.0,0.0,5.0
2.4999999999999996,0.0,2.866857551896922,0.17857142857142858,5.0,0.0,5.0,0.7857142857142856,5.0,2.5,3.333333333333333,1.8091100579252235,0.09355551094157805,0.0,0.0,2.5,0.0,5.0,0.0,1.125,2.5,3.333333333333333,1.0,1.9444444444444446,0.0,2.058823529411765,0.0,5.0,0.0,5.0,5.0,0.0,0.0,0.0,0.0,0.0,0.0,0.0,0.0,0.0,0.0,5.0,0.0,0.0,5.0
3.9285714285714284,0.0,4.892627057981389,1.25,3.75,1.6666666666666667,5.0,3.642857142857143,1.6666666666666667,2.5,1.6666666666666667,3.022906793048973,2.7388074683798433,2.7777777777777777,0.0,1.7857142857142856,0.0,5.0,3.3333333333333335,2.0,4.166666666666667,0.0,1.25,2.5,1.3333333333333333,2.058823529411765,0.0,5.0,5.0,0.0,5.0,0.0,0.0,0.0,0.0,0.0,0.0,0.0,0.0,5.0,0.0,0.0,0.0,5.0,0.0
2.7380952380952377,0.0,3.278453829634932,0.0,2.5,3.333333333333333,0.0,2.5714285714285716,3.333333333333333,1.25,0.0,0.8146392838335965,0.4422806665328248,0.0,0.0,2.1428571428571423,0.0,5.0,1.6666666666666667,1.25,1.6666666666666667,3.333333333333333,1.125,0.8333333333333334,0.3333333333333333,2.058823529411765,5.0,0.0,0.0,5.0,0.0,5.0,0.0,0.0,0.0,0.0,0.0,0.0,0.0,0.0,0.0,5.0,0.0,0.0,0.0
1.3095238095238093,0.0,1.388690050107373,1.6071428571428572,2.5,5.0,0.0,2.214285714285714,3.333333333333333,0.0,1.6666666666666667,0.6008425487098472,3.1812888978116844,0.0,0.0,1.0714285714285712,0.0,5.0,3.3333333333333335,1.0,1.6666666666666667,1.6666666666666667,0.875,1.3888888888888888,0.3333333333333333,0.29411764705882354,5.0,0.0,5.0,0.0,5.0,0.0,0.0,0.0,0.0,0.0,0.0,0.0,0.0,0.0,5.0,0.0,0.0,0.0,0.0
4.761904761904761,1.0,2.4302075876879026,0.17857142857142858,0.0,5.0,5.0,1.9285714285714284,1.6666666666666667,0.0,5.0,0.3609794628751975,2.2666131298935954,5.0,5.0,1.0714285714285712,0.0,5.0,1.6666666666666667,0.375,2.5,1.6666666666666667,0.125,0.0,0.0,0.0,5.0,0.0,5.0,0.0,5.0,0.0,0.0,0.0,0.0,0.0,5.0,0.0,0.0,0.0,0.0,0.0,0.0,0.0,0.0
3.6904761904761902,0.0,0.6335003579098067,1.25,0.0,3.333333333333333,5.0,2.214285714285714,1.6666666666666667,1.25,1.6666666666666667,1.0850447604002105,4.58000401525798,0.5555555555555556,0.0,4.2857142857142865,5.0,5.0,1.6666666666666667,1.25,2.5,3.333333333333333,1.25,1.9444444444444446,0.3333333333333333,2.058823529411765,5.0,0.0,5.0,0.0,5.0,0.0,0.0,0.0,0.0,0.0,0.0,0.0,0.0,0.0,5.0,0.0,0.0,5.0,0.0
3.9285714285714284,0.0,2.616320687186829,0.0,2.5,3.333333333333333,5.0,4.7142857142857135,3.333333333333333,0.0,5.0,0.45129015271195366,4.243525396506725,0.5555555555555556,0.0,0.0,0.0,1.6666666666666667,0.0,0.125,0.0,1.6666666666666667,0.125,0.0,0.0,0.0,0.0,5.0,5.0,0.0,5.0,0.0,0.0,0.0,0.0,0.0,0.0,0.0,0.0,0.0,5.0,0.0,0.0,5.0,0.0
0.714285714285714,0.0,2.5805297065139587,2.857142857142857,1.25,5.0,5.0,4.571428571428571,1.6666666666666667,0.0,1.6666666666666667,0.2943654555028962,1.4065448705079302,0.5555555555555556,0.0,3.571428571428571,5.0,5.0,1.6666666666666667,0.125,1.6666666666666667,3.333333333333333,0.125,0.0,0.0,0.0,0.0,5.0,5.0,0.0,0.0,0.0,0.0,5.0,0.0,0.0,5.0,0.0,0.0,0.0,0.0,0.0,0.0,5.0,0.0
2.4999999999999996,1.0,0.9234073013600572,3.9285714285714293,2.5,3.333333333333333,5.0,4.5,3.333333333333333,0.0,0.0,0.7622432859399684,4.027303754266211,0.0,0.0,0.7142857142857144,0.0,0.0,0.0,0.75,1.6666666666666667,3.333333333333333,0.625,0.5555555555555556,0.0,0.8823529411764706,0.0,5.0,5.0,0.0,0.0,0.0,5.0,0.0,0.0,0.0,0.0,0.0,0.0,0.0,5.0,0.0,0.0,0.0,5.0
4.0476190476190474,0.0,4.3700787401574805,0.17857142857142858,2.5,3.333333333333333,0.0,4.2142857142857135,1.6666666666666667,0.0,5.0,0.5800421274354923,0.2421200562136117,3.8888888888888893,0.0,1.4285714285714288,0.0,1.6666666666666667,0.0,0.75,2.5,1.6666666666666667,0.25,0.5555555555555556,0.6666666666666666,0.5882352941176471,0.0,5.0,5.0,0.0,5.0,0.0,0.0,0.0,0.0,0.0,5.0,0.0,0.0,0.0,0.0,0.0,0.0,0.0,5.0
2.0238095238095233,0.0,3.274874731567645,0.8928571428571428,3.75,1.6666666666666667,5.0,3.714285714285714,0.0,1.25,5.0,1.4842022116903633,3.467978317606906,0.5555555555555556,0.0,0.7142857142857144,0.0,1.6666666666666667,0.0,2.125,2.5,3.333333333333333,2.125,3.055555555555556,3.6666666666666665,2.3529411764705883,0.0,5.0,5.0,0.0,5.0,0.0,0.0,0.0,0.0,0.0,0.0,0.0,0.0,0.0,5.0,0.0,0.0,0.0,5.0
3.214285714285714,1.0,4.821045096635648,0.17857142857142858,2.5,0.0,0.0,4.571428571428571,0.0,5.0,1.6666666666666667,4.690626645602949,0.08010439670748842,1.1111111111111112,5.0,1.7857142857142856,0.0,0.0,0.0,3.25,1.6666666666666667,3.333333333333333,3.0,2.7777777777777777,0.3333333333333333,3.235294117647059,0.0,5.0,0.0,5.0,0.0,5.0,0.0,0.0,0.0,0.0,0.0,5.0,0.0,0.0,0.0,0.0,0.0,0.0,5.0
1.4285714285714284,0.0,0.18253400143163923,1.25,1.25,1.6666666666666667,0.0,3.0714285714285716,5.0,2.5,0.0,2.740126382306477,3.15358361774744,0.0,5.0,0.35714285714285676,0.0,3.333333333333333,5.0,1.125,3.3333333333333335,1.6666666666666667,1.0,1.9444444444444446,0.3333333333333333,2.058823529411765,0.0,5.0,5.0,0.0,5.0,0.0,0.0,0.0,0.0,0.0,0.0,0.0,0.0,5.0,0.0,0.0,0.0,5.0,0.0
0.9523809523809521,1.0,0.5833929849677881,5.0,1.25,1.6666666666666667,5.0,3.4999999999999996,0.0,1.25,0.0,1.0426540284360188,3.9588436057016665,4.444444444444445,0.0,2.5,0.0,5.0,0.0,0.875,5.0,3.333333333333333,0.25,0.5555555555555556,0.6666666666666666,0.5882352941176471,0.0,0.0,0.0,5.0,0.0,0.0,5.0,0.0,0.0,0.0,0.0,0.0,0.0,0.0,0.0,5.0,0.0,0.0,5.0
1.9047619047619047,0.0,1.8861846814602719,4.642857142857142,1.25,5.0,0.0,4.642857142857142,3.333333333333333,0.0,1.6666666666666667,0.3428120063191153,0.726159405741819,1.1111111111111112,0.0,1.4285714285714288,0.0,5.0,0.0,1.125,2.5,3.333333333333333,0.375,0.5555555555555556,0.3333333333333333,0.5882352941176471,0.0,5.0,5.0,0.0,0.0,0.0,5.0,0.0,0.0,0.0,0.0,0.0,0.0,0.0,5.0,0.0,0.0,0.0,5.0
3.9285714285714284,0.0,3.09949892627058,0.8928571428571428,1.25,1.6666666666666667,0.0,0.714285714285714,1.6666666666666667,0.0,3.333333333333333,0.4815692469720905,0.43425015057217425,0.0,0.0,1.0714285714285712,0.0,1.6666666666666667,0.0,1.0,5.0,1.6666666666666667,0.875,0.0,2.333333333333333,2.058823529411765,5.0,0.0,5.0,0.0,0.0,0.0,5.0,0.0,0.0,0.0,5.0,0.0,0.0,0.0,0.0,0.0,0.0,0.0,5.0
2.380952380952381,0.0,0.7874015748031495,1.0714285714285714,1.25,0.0,0.0,1.0,5.0,1.25,0.0,1.2101105845181672,3.4324432844810278,0.5555555555555556,5.0,4.642857142857142,5.0,3.333333333333333,1.6666666666666667,1.0,2.5,3.333333333333333,1.0,0.0,2.333333333333333,2.058823529411765,0.0,5.0,0.0,5.0,0.0,0.0,5.0,0.0,0.0,0.0,0.0,0.0,0.0,0.0,0.0,5.0,0.0,0.0,0.0
3.0952380952380953,0.0,2.0007158196134576,1.4285714285714286,1.25,1.6666666666666667,5.0,2.214285714285714,3.333333333333333,0.0,0.0,0.4081095313322802,1.0869303352740414,0.5555555555555556,5.0,0.7142857142857144,0.0,5.0,0.0,1.0,0.0,3.333333333333333,1.0,1.9444444444444446,2.333333333333333,0.29411764705882354,0.0,5.0,5.0,0.0,5.0,0.0,0.0,0.0,0.0,0.0,0.0,0.0,0.0,0.0,5.0,0.0,0.0,5.0,0.0
2.857142857142857,0.0,1.5390121689334288,5.0,1.25,0.0,0.0,4.428571428571429,3.333333333333333,1.25,3.333333333333333,0.9339125855713533,2.1758682995382452,1.1111111111111112,0.0,0.0,0.0,1.6666666666666667,1.6666666666666667,2.375,2.5,3.333333333333333,0.625,1.1111111111111112,0.0,0.5882352941176471,5.0,0.0,5.0,0.0,5.0,0.0,0.0,0.0,0.0,0.0,0.0,0.0,0.0,0.0,5.0,0.0,0.0,0.0,0.0
2.380952380952381,0.0,2.5948460987831066,0.0,3.75,1.6666666666666667,0.0,0.2142857142857144,5.0,1.25,5.0,1.7419694576092677,3.47098976109215,0.0,0.0,0.7142857142857144,0.0,3.333333333333333,0.0,1.25,3.3333333333333335,1.6666666666666667,1.125,1.9444444444444446,0.3333333333333333,2.3529411764705883,0.0,5.0,5.0,0.0,5.0,0.0,0.0,0.0,0.0,0.0,0.0,0.0,0.0,0.0,0.0,0.0,0.0,0.0,5.0
2.619047619047619,1.0,0.7050823192555475,4.285714285714286,3.75,5.0,5.0,1.9285714285714284,1.6666666666666667,2.5,1.6666666666666667,2.1287519747235386,3.0397510540052197,1.1111111111111112,5.0,0.35714285714285676,0.0,3.333333333333333,0.0,1.125,1.6666666666666667,3.333333333333333,0.625,1.1111111111111112,0.3333333333333333,0.0,0.0,5.0,0.0,5.0,0.0,5.0,0.0,0.0,0.0,0.0,0.0,0.0,0.0,0.0,0.0,5.0,0.0,0.0,5.0
1.9047619047619047,0.0,3.761632068718683,0.0,1.25,0.0,5.0,4.571428571428571,3.333333333333333,1.25,1.6666666666666667,0.8730911005792521,3.140333266412367,0.5555555555555556,0.0,1.4285714285714288,0.0,3.333333333333333,0.0,0.625,1.6666666666666667,3.333333333333333,0.625,0.5555555555555556,0.3333333333333333,0.8823529411764706,0.0,5.0,5.0,0.0,0.0,0.0,5.0,0.0,0.0,0.0,0.0,0.0,5.0,0.0,0.0,0.0,0.0,5.0,0.0
1.3095238095238093,1.0,2.841803865425913,3.035714285714286,0.0,3.333333333333333,5.0,3.9999999999999996,1.6666666666666667,0.0,5.0,0.36334913112164297,2.5832162216422403,0.5555555555555556,5.0,0.7142857142857144,0.0,3.333333333333333,0.0,0.5,2.5,1.6666666666666667,0.5,0.8333333333333334,0.0,0.29411764705882354,0.0,5.0,5.0,0.0,0.0,0.0,5.0,0.0,0.0,0.0,0.0,0.0,0.0,0.0,5.0,0.0,0.0,0.0,5.0
1.0714285714285712,0.0,3.811739441660702,0.5357142857142857,1.25,0.0,5.0,3.285714285714285,3.333333333333333,0.0,3.333333333333333,0.3970510795155345,0.22364986950411564,0.5555555555555556,0.0,0.0,0.0,1.6666666666666667,5.0,0.625,1.6666666666666667,3.333333333333333,0.625,0.8333333333333334,0.0,0.8823529411764706,0.0,5.0,5.0,0.0,5.0,0.0,0.0,0.0,0.0,0.0,0.0,0.0,0.0,0.0,5.0,0.0,0.0,0.0,0.0
4.285714285714285,0.0,3.9906943450250534,0.17857142857142858,3.75,0.0,0.0,2.142857142857143,3.333333333333333,2.5,3.333333333333333,3.30173775671406,4.398112828749247,5.0,0.0,0.35714285714285676,0.0,0.0,1.6666666666666667,2.0,4.166666666666667,0.0,0.5,0.8333333333333334,0.0,0.8823529411764706,0.0,5.0,5.0,0.0,0.0,0.0,0.0,0.0,5.0,0.0,0.0,0.0,0.0,5.0,0.0,0.0,0.0,5.0,0.0
3.5714285714285707,0.0,4.151753758052971,0.0,3.75,0.0,5.0,0.3571428571428572,5.0,3.75,5.0,4.180094786729858,2.8227263601686405,1.1111111111111112,0.0,3.928571428571429,5.0,3.333333333333333,0.0,3.375,2.5,1.6666666666666667,0.625,1.1111111111111112,0.6666666666666666,0.29411764705882354,0.0,0.0,5.0,0.0,0.0,0.0,5.0,0.0,0.0,0.0,0.0,5.0,0.0,0.0,0.0,0.0,0.0,0.0,5.0
3.0952380952380953,0.0,4.885468861846815,3.3928571428571432,2.5,5.0,5.0,1.3571428571428572,3.333333333333333,0.0,1.6666666666666667,0.634807793575566,3.827343906846015,0.5555555555555556,0.0,0.7142857142857144,0.0,3.333333333333333,0.0,0.75,2.5,1.6666666666666667,0.625,0.5555555555555556,0.3333333333333333,0.8823529411764706,0.0,5.0,5.0,0.0,5.0,0.0,0.0,0.0,0.0,0.0,0.0,0.0,0.0,0.0,5.0,0.0,0.0,0.0,5.0
4.166666666666666,0.0,0.48675733715103797,0.0,0.0,5.0,0.0,0.2857142857142856,3.333333333333333,1.25,0.0,1.9410215903106895,1.0867295723750252,3.8888888888888893,0.0,3.2142857142857144,5.0,5.0,0.0,2.25,1.6666666666666667,5.0,1.75,1.9444444444444446,2.6666666666666665,2.9411764705882355,0.0,5.0,0.0,5.0,0.0,0.0,5.0,0.0,0.0,0.0,0.0,0.0,0.0,0.0,0.0,5.0,0.0,0.0,5.0
1.1904761904761902,1.0,4.523979957050823,4.107142857142857,1.25,1.6666666666666667,5.0,2.9999999999999996,1.6666666666666667,2.5,0.0,2.0308056872037916,2.0600281068058623,0.5555555555555556,0.0,0.35714285714285676,0.0,0.0,0.0,1.25,1.6666666666666667,1.6666666666666667,1.25,1.9444444444444446,0.3333333333333333,2.6470588235294117,0.0,0.0,5.0,0.0,0.0,0.0,0.0,0.0,5.0,0.0,0.0,0.0,0.0,0.0,0.0,0.0,0.0,0.0,5.0
2.380952380952381,0.0,0.2362204724409449,0.0,2.5,3.333333333333333,0.0,3.642857142857143,3.333333333333333,2.5,3.333333333333333,1.8041074249605054,2.6707488456133306,2.2222222222222223,5.0,1.0714285714285712,0.0,5.0,0.0,1.25,3.3333333333333335,5.0,0.125,0.0,0.0,0.0,0.0,5.0,5.0,0.0,5.0,0.0,0.0,0.0,0.0,0.0,0.0,0.0,5.0,0.0,0.0,0.0,0.0,0.0,5.0
1.1904761904761902,1.0,4.949892627057982,1.9642857142857142,0.0,3.333333333333333,0.0,3.4999999999999996,3.333333333333333,0.0,5.0,0.39652448657187994,4.1881148363782374,0.5555555555555556,5.0,0.0,0.0,5.0,0.0,0.125,3.3333333333333335,1.6666666666666667,0.125,0.2777777777777778,0.0,0.0,0.0,5.0,5.0,0.0,5.0,0.0,0.0,0.0,0.0,0.0,5.0,0.0,0.0,0.0,0.0,0.0,0.0,5.0,0.0
2.619047619047619,0.0,1.2741589119541876,2.678571428571429,1.25,3.333333333333333,5.0,3.142857142857143,3.333333333333333,0.0,3.333333333333333,0.6674565560821484,1.2925115438666934,5.0,0.0,1.7857142857142856,0.0,1.6666666666666667,1.6666666666666667,0.75,0.0,3.333333333333333,0.5,0.5555555555555556,0.0,0.0,0.0,0.0,5.0,0.0,5.0,0.0,0.0,0.0,0.0,0.0,0.0,0.0,0.0,0.0,5.0,0.0,0.0,0.0,0.0
0.11904761904761907,1.0,1.7895490336435218,0.0,0.0,3.333333333333333,0.0,5.0,0.0,0.0,0.0,0.34649815692469715,3.793414976912267,0.0,0.0,3.571428571428571,5.0,0.0,0.0,0.125,4.166666666666667,5.0,0.0,0.0,0.0,0.0,5.0,0.0,0.0,5.0,0.0,0.0,0.0,0.0,5.0,0.0,0.0,0.0,0.0,0.0,0.0,0.0,5.0,0.0,5.0
